GEOID,county_fips,county_name,tract_code,tract_name,year,median_household_income,poverty_rate,bachelors_rate,rent_burden_rate,no_vehicle_rate,total_population,median_age,pct_white_non_hispanic,pct_black,pct_hispanic,pct_asian,pct_other,white_non_hispanic,black_alone,hispanic_latino,asian_alone,other_race,race_total,snap_participation_rate
42023960100,023,Cameron County,960100,"Census Tract 9601, Cameron County, Pennsylvania",2020,32786.0,26.7,5.9,18.6,13.7,2004,46.0,89.4,0.2,1.2,0.4,8.8,1791,4,24,9,176,2004,33.8
42023960200,023,Cameron County,960200,"Census Tract 9602, Cameron County, Pennsylvania",2020,46216.0,11.6,11.0,24.2,6.1,2508,55.6,98.7,0.0,0.6,0.1,0.6,2475,0,14,2,17,2508,15.4
42031160101,031,Clarion County,160101,"Census Tract 1601.01, Clarion County, Pennsylvania",2020,55938.0,10.1,10.9,17.7,2.2,1811,52.1,96.0,0.0,0.4,1.1,2.5,1738,0,7,20,46,1811,10.6
42031160103,031,Clarion County,160103,"Census Tract 1601.03, Clarion County, Pennsylvania",2020,42591.0,31.7,17.7,29.6,9.5,3083,26.9,88.7,4.7,1.5,0.0,5.1,2736,146,47,0,154,3083,19.0
42031160104,031,Clarion County,160104,"Census Tract 1601.04, Clarion County, Pennsylvania",2020,51450.0,10.6,17.4,14.4,3.3,1630,50.6,99.1,0.6,0.0,0.0,0.3,1615,9,0,0,6,1630,12.4
42031160201,031,Clarion County,160201,"Census Tract 1602.01, Clarion County, Pennsylvania",2020,51250.0,21.2,10.9,1.9,7.5,1884,42.8,100.0,0.0,0.0,0.0,0.0,1884,0,0,0,0,1884,8.9
42031160202,031,Clarion County,160202,"Census Tract 1602.02, Clarion County, Pennsylvania",2020,67188.0,3.8,18.3,7.0,1.9,1624,49.6,94.1,0.2,0.5,0.5,4.7,1528,4,8,8,76,1624,5.0
42031160300,031,Clarion County,160300,"Census Tract 1603, Clarion County, Pennsylvania",2020,53684.0,10.4,16.0,9.1,4.6,4802,42.7,95.3,0.7,0.4,0.4,3.2,4574,35,18,20,155,4802,11.7
42031160400,031,Clarion County,160400,"Census Tract 1604, Clarion County, Pennsylvania",2020,47647.0,11.3,10.4,13.2,8.9,3610,45.5,98.0,0.0,1.0,0.1,0.9,3539,0,36,3,32,3610,18.6
42031160500,031,Clarion County,160500,"Census Tract 1605, Clarion County, Pennsylvania",2020,46568.0,12.9,9.6,16.7,7.4,3403,48.4,96.5,0.1,1.0,0.0,2.4,3285,3,33,1,81,3403,18.1
42031160600,031,Clarion County,160600,"Census Tract 1606, Clarion County, Pennsylvania",2020,33854.0,26.4,24.3,32.4,15.5,5650,24.1,91.9,5.3,2.5,0.1,0.2,5194,302,139,3,12,5650,21.4
42031160701,031,Clarion County,160701,"Census Tract 1607.01, Clarion County, Pennsylvania",2020,46016.0,18.4,9.5,11.3,8.8,2028,47.3,95.3,0.0,2.2,1.8,0.7,1932,0,45,36,15,2028,21.8
42031160702,031,Clarion County,160702,"Census Tract 1607.02, Clarion County, Pennsylvania",2020,48790.0,19.2,9.0,22.1,4.6,2065,45.5,95.8,0.1,0.5,0.4,3.2,1978,3,10,8,66,2065,18.4
42031160800,031,Clarion County,160800,"Census Tract 1608, Clarion County, Pennsylvania",2020,54901.0,14.7,12.0,17.5,7.1,3538,48.0,96.9,0.8,1.1,1.0,0.2,3430,30,40,34,4,3538,14.9
42031160900,031,Clarion County,160900,"Census Tract 1609, Clarion County, Pennsylvania",2020,55540.0,9.9,9.8,10.9,6.0,3505,43.8,98.6,0.7,0.3,0.0,0.4,3457,25,11,1,11,3505,15.0
42033330100,033,Clearfield County,330100,"Census Tract 3301, Clearfield County, Pennsylvania",2020,52885.0,15.1,10.5,52.1,11.8,4953,51.4,93.9,2.4,1.1,1.2,1.4,4652,119,54,58,70,4953,21.5
42033330200,033,Clearfield County,330200,"Census Tract 3302, Clearfield County, Pennsylvania",2020,50563.0,14.3,16.1,7.6,7.8,3062,36.5,96.6,0.7,1.3,0.0,1.4,2958,21,40,0,43,3062,17.3
42033330300,033,Clearfield County,330300,"Census Tract 3303, Clearfield County, Pennsylvania",2020,42008.0,15.0,17.8,16.6,11.4,4351,40.1,98.7,0.6,0.2,0.5,-0.0,4293,28,7,23,0,4351,21.0
42033330400,033,Clearfield County,330400,"Census Tract 3304, Clearfield County, Pennsylvania",2020,80472.0,3.3,22.0,2.1,0.0,5615,42.0,96.2,0.0,3.2,0.4,0.2,5400,1,179,25,10,5615,12.4
42033330500,033,Clearfield County,330500,"Census Tract 3305, Clearfield County, Pennsylvania",2020,52346.0,11.7,9.7,10.6,5.0,4269,47.3,97.3,0.0,1.3,0.8,0.6,4155,0,55,35,24,4269,12.2
42033330600,033,Clearfield County,330600,"Census Tract 3306, Clearfield County, Pennsylvania",2020,40938.0,19.1,7.4,17.7,5.6,3085,55.7,98.6,0.0,1.1,0.1,0.2,3043,0,35,4,3,3085,23.9
42033330700,033,Clearfield County,330700,"Census Tract 3307, Clearfield County, Pennsylvania",2020,51083.0,12.9,7.3,17.9,5.3,2136,48.3,93.9,2.4,1.0,0.0,2.7,2006,51,21,0,58,2136,18.8
42033330800,033,Clearfield County,330800,"Census Tract 3308, Clearfield County, Pennsylvania",2020,53912.0,10.7,10.3,7.2,4.0,6900,47.3,97.9,0.0,1.7,0.0,0.4,6758,0,116,0,26,6900,16.8
42033330900,033,Clearfield County,330900,"Census Tract 3309, Clearfield County, Pennsylvania",2020,43519.0,21.3,7.0,12.9,7.7,6756,47.3,73.6,8.0,14.2,2.1,2.1,4974,541,956,140,145,6756,25.8
42033331000,033,Clearfield County,331000,"Census Tract 3310, Clearfield County, Pennsylvania",2020,51995.0,17.1,10.5,14.3,7.3,5032,44.8,93.7,0.1,5.2,0.1,0.9,4714,4,264,4,46,5032,24.3
42033331100,033,Clearfield County,331100,"Census Tract 3311, Clearfield County, Pennsylvania",2020,40338.0,24.1,10.8,27.2,22.3,2977,42.1,98.9,0.1,0.0,0.2,0.8,2943,2,1,5,26,2977,31.6
42033331200,033,Clearfield County,331200,"Census Tract 3312, Clearfield County, Pennsylvania",2020,55474.0,17.1,14.8,29.4,10.7,2901,39.1,96.8,0.2,1.8,0.7,0.5,2808,5,51,20,17,2901,18.7
42033331300,033,Clearfield County,331300,"Census Tract 3313, Clearfield County, Pennsylvania",2020,53205.0,14.5,11.9,20.8,7.8,4490,42.9,98.6,0.2,0.8,0.4,0.0,4427,8,34,20,1,4490,22.3
42033331401,033,Clearfield County,331401,"Census Tract 3314.01, Clearfield County, Pennsylvania",2020,52721.0,13.8,12.3,38.1,4.1,3341,47.0,96.6,0.1,3.1,0.1,0.1,3226,5,103,2,5,3341,14.2
42033331402,033,Clearfield County,331402,"Census Tract 3314.02, Clearfield County, Pennsylvania",2020,45183.0,12.8,14.4,17.9,6.9,3381,45.8,94.7,1.2,0.1,0.2,3.8,3202,40,4,6,129,3381,20.5
42033331500,033,Clearfield County,331500,"Census Tract 3315, Clearfield County, Pennsylvania",2020,44231.0,14.6,6.1,3.5,5.2,1992,47.1,94.6,0.0,3.1,0.6,1.7,1884,0,61,11,36,1992,18.0
42033331600,033,Clearfield County,331600,"Census Tract 3316, Clearfield County, Pennsylvania",2020,42357.0,17.3,6.5,30.4,7.6,2296,50.3,97.3,0.1,0.3,0.7,1.6,2235,2,7,16,36,2296,22.6
42033331700,033,Clearfield County,331700,"Census Tract 3317, Clearfield County, Pennsylvania",2020,52000.0,10.7,5.9,9.7,6.5,6831,42.8,74.6,16.6,4.7,0.5,3.6,5094,1133,322,32,250,6831,18.3
42033331800,033,Clearfield County,331800,"Census Tract 3318, Clearfield County, Pennsylvania",2020,44719.0,14.7,7.4,11.7,6.2,2854,44.9,94.4,0.3,0.9,0.0,4.4,2693,9,26,0,126,2854,17.5
42033331900,033,Clearfield County,331900,"Census Tract 3319, Clearfield County, Pennsylvania",2020,43393.0,18.5,8.0,1.4,8.7,2244,44.7,97.5,0.0,2.1,0.0,0.4,2187,0,47,1,9,2244,23.9
42039110100,039,Crawford County,110100,"Census Tract 1101, Crawford County, Pennsylvania",2020,45847.0,22.7,8.1,21.0,16.3,6181,33.3,97.7,0.6,0.6,0.1,1.0,6041,38,36,8,58,6181,19.4
42039110201,039,Crawford County,110201,"Census Tract 1102.01, Crawford County, Pennsylvania",2020,61518.0,5.1,17.0,2.1,3.0,3783,44.2,96.4,0.6,1.5,0.0,1.5,3645,22,58,0,58,3783,9.7
42039110202,039,Crawford County,110202,"Census Tract 1102.02, Crawford County, Pennsylvania",2020,54191.0,13.4,13.1,11.0,6.5,4589,37.3,89.0,4.4,3.5,0.8,2.3,4085,201,160,38,105,4589,17.6
42039110300,039,Crawford County,110300,"Census Tract 1103, Crawford County, Pennsylvania",2020,50890.0,15.7,9.4,18.7,9.7,4360,43.3,96.4,1.0,0.9,0.1,1.6,4203,44,40,5,68,4360,18.0
42039110400,039,Crawford County,110400,"Census Tract 1104, Crawford County, Pennsylvania",2020,47431.0,13.2,12.4,14.8,6.7,2731,44.5,96.3,0.0,1.6,0.3,1.8,2631,0,45,7,48,2731,14.7
42039110501,039,Crawford County,110501,"Census Tract 1105.01, Crawford County, Pennsylvania",2020,67083.0,7.3,13.6,20.6,6.9,2223,37.5,96.7,0.0,2.2,0.6,0.5,2149,0,50,13,11,2223,12.1
42039110502,039,Crawford County,110502,"Census Tract 1105.02, Crawford County, Pennsylvania",2020,58599.0,9.2,17.6,20.6,4.1,3172,49.3,98.8,0.1,0.8,0.0,0.3,3134,4,24,0,10,3172,12.9
42039110600,039,Crawford County,110600,"Census Tract 1106, Crawford County, Pennsylvania",2020,63261.0,4.3,14.0,15.6,4.2,2834,48.4,95.6,0.0,1.1,0.2,3.1,2710,0,31,5,88,2834,9.5
42039110700,039,Crawford County,110700,"Census Tract 1107, Crawford County, Pennsylvania",2020,53906.0,7.2,14.7,2.0,8.0,4052,42.7,95.8,0.8,1.3,0.3,1.8,3880,33,51,13,75,4052,10.8
42039110800,039,Crawford County,110800,"Census Tract 1108, Crawford County, Pennsylvania",2020,60743.0,10.4,12.8,11.2,4.5,4652,45.8,96.6,0.7,0.9,0.5,1.3,4493,33,42,22,62,4652,8.9
42039110900,039,Crawford County,110900,"Census Tract 1109, Crawford County, Pennsylvania",2020,55905.0,10.4,11.5,6.5,2.3,3046,50.3,89.2,0.6,0.8,0.0,9.4,2718,17,24,1,286,3046,13.2
42039111000,039,Crawford County,111000,"Census Tract 1110, Crawford County, Pennsylvania",2020,48260.0,22.3,7.7,18.0,5.9,2669,42.1,96.7,1.2,1.2,0.2,0.7,2581,33,31,6,18,2669,18.4
42039111100,039,Crawford County,111100,"Census Tract 1111, Crawford County, Pennsylvania",2020,33889.0,27.0,6.3,13.1,21.0,2992,44.6,95.4,2.4,1.2,0.7,0.3,2855,73,37,21,6,2992,32.8
42039111200,039,Crawford County,111200,"Census Tract 1112, Crawford County, Pennsylvania",2020,42200.0,20.2,12.6,10.7,11.0,2208,36.5,97.6,0.5,1.0,1.0,-0.1,2155,10,22,21,0,2208,24.8
42039111300,039,Crawford County,111300,"Census Tract 1113, Crawford County, Pennsylvania",2020,58614.0,7.6,12.6,8.9,2.9,5412,44.1,96.0,0.7,0.6,0.3,2.4,5194,36,33,16,133,5412,10.1
42039111400,039,Crawford County,111400,"Census Tract 1114, Crawford County, Pennsylvania",2020,60806.0,13.5,21.0,12.6,7.6,4638,42.3,96.5,0.7,1.7,0.3,0.8,4477,31,81,16,33,4638,22.0
42039111500,039,Crawford County,111500,"Census Tract 1115, Crawford County, Pennsylvania",2020,48613.0,13.1,12.6,16.0,15.3,5226,41.7,88.7,5.5,1.1,0.1,4.6,4637,287,60,5,237,5226,23.5
42039111600,039,Crawford County,111600,"Census Tract 1116, Crawford County, Pennsylvania",2020,23266.0,31.4,8.6,27.1,38.1,3326,39.3,88.7,2.4,1.8,0.3,6.8,2949,80,59,11,227,3326,51.6
42039111700,039,Crawford County,111700,"Census Tract 1117, Crawford County, Pennsylvania",2020,55842.0,7.5,23.1,11.9,7.6,4529,28.3,82.9,6.4,4.2,1.7,4.8,3756,290,191,79,213,4529,10.0
42039111800,039,Crawford County,111800,"Census Tract 1118, Crawford County, Pennsylvania",2020,59192.0,1.7,12.8,12.9,2.3,5398,52.9,95.6,0.0,0.4,2.2,1.8,5160,0,23,118,97,5398,6.6
42039111900,039,Crawford County,111900,"Census Tract 1119, Crawford County, Pennsylvania",2020,55725.0,11.5,5.6,17.2,16.1,3341,38.4,98.3,0.0,0.3,0.1,1.3,3284,0,9,3,45,3341,11.3
42039112001,039,Crawford County,112001,"Census Tract 1120.01, Crawford County, Pennsylvania",2020,48792.0,7.7,9.8,10.5,2.7,2425,53.4,96.9,0.0,1.8,0.2,1.1,2351,0,43,5,26,2425,14.5
42039112002,039,Crawford County,112002,"Census Tract 1120.02, Crawford County, Pennsylvania",2020,45759.0,6.1,10.4,34.3,2.2,1287,60.7,98.1,0.0,0.5,0.0,1.4,1263,0,6,0,18,1287,12.7
42047950100,047,Elk County,950100,"Census Tract 9501, Elk County, Pennsylvania",2020,56058.0,11.5,14.2,31.6,2.1,1434,48.4,95.5,0.0,0.0,0.6,3.9,1369,0,0,9,56,1434,8.5
42047950200,047,Elk County,950200,"Census Tract 9502, Elk County, Pennsylvania",2020,60598.0,8.1,9.3,17.6,3.2,3076,50.9,95.1,0.5,4.0,0.2,0.2,2924,16,123,5,8,3076,8.9
42047950400,047,Elk County,950400,"Census Tract 9504, Elk County, Pennsylvania",2020,43768.0,20.0,17.9,20.0,10.9,3781,40.1,94.7,2.2,0.9,0.0,2.2,3579,84,35,0,83,3781,23.5
42047950500,047,Elk County,950500,"Census Tract 9505, Elk County, Pennsylvania",2020,44928.0,11.7,10.1,4.9,8.1,2304,43.4,95.7,1.2,1.1,0.0,2.0,2205,28,26,0,45,2304,13.7
42047950900,047,Elk County,950900,"Census Tract 9509, Elk County, Pennsylvania",2020,56048.0,7.9,11.4,18.3,3.8,2392,48.7,98.9,0.0,0.0,0.8,0.3,2366,0,0,18,8,2392,9.8
42047951000,047,Elk County,951000,"Census Tract 9510, Elk County, Pennsylvania",2020,66566.0,4.8,9.9,0.0,1.3,4757,48.6,97.7,0.7,0.0,1.5,0.1,4649,35,0,72,1,4757,8.6
42047951100,047,Elk County,951100,"Census Tract 9511, Elk County, Pennsylvania",2020,52747.0,8.4,12.6,13.5,12.9,5261,52.8,96.1,0.1,1.2,0.4,2.2,5057,7,61,19,117,5261,17.3
42047951200,047,Elk County,951200,"Census Tract 9512, Elk County, Pennsylvania",2020,47989.0,8.2,14.6,20.8,8.4,1934,50.4,98.8,0.0,0.0,0.9,0.3,1910,0,0,18,6,1934,14.7
42047951300,047,Elk County,951300,"Census Tract 9513, Elk County, Pennsylvania",2020,61264.0,10.3,16.0,11.7,4.4,5138,45.3,99.4,0.3,0.2,0.0,0.1,5105,16,8,0,9,5138,8.0
42049000100,049,Erie County,000100,"Census Tract 1, Erie County, Pennsylvania",2020,11757.0,67.9,8.5,18.2,66.1,1276,59.9,66.3,23.8,7.4,0.0,2.5,846,304,94,0,32,1276,68.3
42049000200,049,Erie County,000200,"Census Tract 2, Erie County, Pennsylvania",2020,62917.0,7.3,26.8,20.2,9.8,3649,53.4,88.5,2.7,3.5,3.4,1.9,3230,98,127,124,70,3649,9.5
42049000300,049,Erie County,000300,"Census Tract 3, Erie County, Pennsylvania",2020,37018.0,26.4,9.6,12.1,19.2,3154,28.8,68.3,13.0,4.9,2.0,11.8,2153,411,155,63,372,3154,27.1
42049000400,049,Erie County,000400,"Census Tract 4, Erie County, Pennsylvania",2020,38992.0,24.6,18.2,20.7,24.9,2250,36.3,54.1,14.5,8.9,6.4,16.1,1217,327,200,145,361,2250,43.8
42049000500,049,Erie County,000500,"Census Tract 5, Erie County, Pennsylvania",2020,28949.0,38.3,5.9,40.3,23.2,3406,29.2,45.5,34.9,18.0,1.1,0.5,1550,1187,612,39,18,3406,51.7
42049000600,049,Erie County,000600,"Census Tract 6, Erie County, Pennsylvania",2020,28250.0,35.1,13.4,27.8,18.7,3141,28.6,51.6,22.8,17.9,2.2,5.5,1621,717,561,68,174,3141,46.9
42049000700,049,Erie County,000700,"Census Tract 7, Erie County, Pennsylvania",2020,23590.0,33.7,7.5,37.4,40.0,2036,36.0,49.5,30.8,14.2,2.3,3.2,1007,628,290,46,65,2036,50.1
42049000800,049,Erie County,000800,"Census Tract 8, Erie County, Pennsylvania",2020,20934.0,46.5,5.2,26.6,40.3,1938,37.9,41.6,27.4,18.6,10.0,2.4,806,531,361,194,46,1938,57.0
42049000901,049,Erie County,000901,"Census Tract 9.01, Erie County, Pennsylvania",2020,26631.0,22.7,22.2,33.3,17.2,2563,43.8,70.2,19.5,8.0,0.0,2.3,1799,499,206,0,59,2563,19.7
42049000902,049,Erie County,000902,"Census Tract 9.02, Erie County, Pennsylvania",2020,19400.0,60.2,14.5,50.5,32.4,2519,24.7,84.3,5.4,4.0,1.7,4.6,2124,135,100,43,117,2519,38.0
42049001000,049,Erie County,001000,"Census Tract 10, Erie County, Pennsylvania",2020,35313.0,31.3,21.5,23.4,17.7,3102,29.5,74.4,7.1,8.8,0.3,9.4,2308,220,272,8,294,3102,29.2
42049001100,049,Erie County,001100,"Census Tract 11, Erie County, Pennsylvania",2020,43611.0,31.1,14.9,23.6,11.8,2662,38.0,71.0,2.1,18.6,0.4,7.9,1889,55,496,11,211,2662,25.5
42049001200,049,Erie County,001200,"Census Tract 12, Erie County, Pennsylvania",2020,20039.0,44.2,6.6,40.5,23.2,2502,42.2,49.1,27.9,4.5,5.4,13.1,1228,697,112,135,330,2502,53.1
42049001300,049,Erie County,001300,"Census Tract 13, Erie County, Pennsylvania",2020,23041.0,56.1,5.1,43.5,34.1,1688,23.7,38.2,38.4,21.3,0.0,2.1,645,648,359,0,36,1688,69.2
42049001400,049,Erie County,001400,"Census Tract 14, Erie County, Pennsylvania",2020,20603.0,49.3,9.1,41.9,54.2,2620,34.1,50.2,28.5,6.6,7.1,7.6,1314,748,173,187,198,2620,51.6
42049001500,049,Erie County,001500,"Census Tract 15, Erie County, Pennsylvania",2020,24247.0,36.6,17.9,14.2,40.5,3047,22.1,23.3,41.4,16.7,8.0,10.6,709,1261,508,244,325,3047,71.9
42049001600,049,Erie County,001600,"Census Tract 16, Erie County, Pennsylvania",2020,42552.0,26.7,10.8,27.8,10.2,4313,37.2,65.4,17.1,11.2,3.0,3.3,2822,736,482,129,144,4313,15.7
42049001700,049,Erie County,001700,"Census Tract 17, Erie County, Pennsylvania",2020,41004.0,19.5,3.4,21.2,25.2,2726,29.6,48.9,29.9,8.4,4.5,8.3,1334,815,229,123,225,2726,45.5
42049001800,049,Erie County,001800,"Census Tract 18, Erie County, Pennsylvania",2020,25394.0,38.1,4.9,39.2,27.9,2013,24.5,39.4,38.5,14.9,1.5,5.7,794,774,300,31,114,2013,61.2
42049001900,049,Erie County,001900,"Census Tract 19, Erie County, Pennsylvania",2020,19976.0,34.2,6.5,26.5,49.5,1596,57.3,81.1,15.1,3.3,0.0,0.5,1294,241,53,0,8,1596,35.1
42049002000,049,Erie County,002000,"Census Tract 20, Erie County, Pennsylvania",2020,50926.0,22.4,12.3,29.5,11.6,3722,33.7,69.5,5.6,13.6,3.1,8.2,2588,209,508,117,300,3722,17.0
42049002100,049,Erie County,002100,"Census Tract 21, Erie County, Pennsylvania",2020,58125.0,9.4,26.3,28.9,5.2,3959,41.3,88.3,6.9,3.7,0.3,0.8,3496,272,146,11,34,3959,13.5
42049002200,049,Erie County,002200,"Census Tract 22, Erie County, Pennsylvania",2020,67528.0,6.0,16.3,14.1,6.9,4036,35.3,86.3,2.9,1.5,0.0,9.3,3484,119,60,1,372,4036,13.0
42049002300,049,Erie County,002300,"Census Tract 23, Erie County, Pennsylvania",2020,36534.0,13.3,11.6,21.3,11.3,2454,39.3,84.4,7.0,1.9,2.4,4.3,2071,173,47,59,104,2454,24.7
42049002400,049,Erie County,002400,"Census Tract 24, Erie County, Pennsylvania",2020,47532.0,13.4,16.3,23.3,13.7,2979,32.4,76.4,2.7,11.5,0.9,8.5,2276,79,344,27,253,2979,26.8
42049002500,049,Erie County,002500,"Census Tract 25, Erie County, Pennsylvania",2020,35724.0,31.0,17.6,37.1,17.1,2612,30.9,59.6,26.1,1.9,0.7,11.7,1557,681,49,19,306,2612,39.3
42049002600,049,Erie County,002600,"Census Tract 26, Erie County, Pennsylvania",2020,46571.0,28.0,14.9,21.2,6.6,4119,39.3,73.9,14.5,2.8,7.1,1.7,3043,598,116,292,70,4119,16.2
42049002700,049,Erie County,002700,"Census Tract 27, Erie County, Pennsylvania",2020,45720.0,9.8,13.2,12.9,9.0,6568,37.8,76.6,9.6,12.2,0.4,1.2,5034,632,804,29,69,6568,16.7
42049002800,049,Erie County,002800,"Census Tract 28, Erie County, Pennsylvania",2020,47275.0,18.7,22.5,28.2,10.1,6805,29.8,91.6,4.2,0.9,2.9,0.4,6235,289,61,197,23,6805,5.0
42049002900,049,Erie County,002900,"Census Tract 29, Erie County, Pennsylvania",2020,77738.0,2.6,27.0,8.1,5.1,2888,48.5,95.8,2.3,0.3,0.6,1.0,2766,67,10,17,28,2888,5.4
42049003000,049,Erie County,003000,"Census Tract 30, Erie County, Pennsylvania",2020,43789.0,17.8,18.5,19.0,7.2,4273,34.2,77.2,7.7,1.4,9.0,4.7,3298,331,58,385,201,4273,22.3
42049010101,049,Erie County,010101,"Census Tract 101.01, Erie County, Pennsylvania",2020,70189.0,11.0,11.3,23.1,2.1,3294,44.9,92.8,0.5,0.7,0.8,5.2,3057,15,24,25,173,3294,9.3
42049010103,049,Erie County,010103,"Census Tract 101.03, Erie County, Pennsylvania",2020,62500.0,10.6,10.7,31.7,5.3,1914,47.9,97.0,0.0,1.7,0.0,1.3,1857,0,33,0,24,1914,16.4
42049010104,049,Erie County,010104,"Census Tract 101.04, Erie County, Pennsylvania",2020,67813.0,9.6,16.4,17.5,1.5,2459,46.7,94.6,1.6,1.7,0.4,1.7,2327,40,43,10,39,2459,9.8
42049010107,049,Erie County,010107,"Census Tract 101.07, Erie County, Pennsylvania",2020,41750.0,11.7,9.0,23.9,10.3,1342,46.5,94.4,1.3,2.4,1.0,0.9,1267,17,32,13,13,1342,21.8
42049010108,049,Erie County,010108,"Census Tract 101.08, Erie County, Pennsylvania",2020,,0.0,1.7,0.0,0.0,2455,39.8,46.4,46.8,5.4,0.0,1.4,1139,1149,133,0,34,2455,0.0
42049010201,049,Erie County,010201,"Census Tract 102.01, Erie County, Pennsylvania",2020,60387.0,10.8,14.3,19.2,4.3,5901,38.8,86.2,1.9,8.9,0.0,3.0,5084,114,523,0,180,5901,19.8
42049010202,049,Erie County,010202,"Census Tract 102.02, Erie County, Pennsylvania",2020,58200.0,11.3,24.5,19.8,1.9,5280,47.7,97.5,0.0,2.0,0.0,0.5,5148,0,104,0,28,5280,13.0
42049010301,049,Erie County,010301,"Census Tract 103.01, Erie County, Pennsylvania",2020,70735.0,8.6,18.1,7.3,6.3,4807,43.0,94.7,0.4,0.4,0.0,4.5,4551,17,17,0,222,4807,10.4
42049010303,049,Erie County,010303,"Census Tract 103.03, Erie County, Pennsylvania",2020,89800.0,4.6,21.8,44.4,7.4,5300,44.2,92.7,1.0,3.2,0.4,2.7,4914,51,172,21,142,5300,12.3
42049010304,049,Erie County,010304,"Census Tract 103.04, Erie County, Pennsylvania",2020,97159.0,2.1,25.9,0.0,5.1,4782,42.5,95.4,0.5,2.4,0.4,1.3,4564,23,113,18,64,4782,7.3
42049010400,049,Erie County,010400,"Census Tract 104, Erie County, Pennsylvania",2020,65693.0,10.8,29.8,29.6,2.6,4809,49.3,96.5,0.0,0.3,1.2,2.0,4643,0,15,57,94,4809,6.2
42049010500,049,Erie County,010500,"Census Tract 105, Erie County, Pennsylvania",2020,54489.0,15.1,19.9,34.3,9.6,3370,52.2,94.5,5.0,0.0,0.5,0.0,3183,169,0,18,0,3370,8.9
42049010700,049,Erie County,010700,"Census Tract 107, Erie County, Pennsylvania",2020,57447.0,5.5,21.9,17.0,5.1,4120,37.5,86.2,5.6,1.5,1.4,5.3,3550,229,60,56,225,4120,11.1
42049010800,049,Erie County,010800,"Census Tract 108, Erie County, Pennsylvania",2020,61296.0,10.3,17.2,15.4,3.2,3173,45.8,95.8,0.0,2.9,0.6,0.7,3041,0,92,19,21,3173,13.9
42049010902,049,Erie County,010902,"Census Tract 109.02, Erie County, Pennsylvania",2020,61926.0,7.3,25.8,28.1,8.8,3969,49.7,93.1,1.6,1.2,1.7,2.4,3695,62,48,66,98,3969,9.8
42049010903,049,Erie County,010903,"Census Tract 109.03, Erie County, Pennsylvania",2020,75882.0,4.6,23.6,35.6,5.5,6898,39.9,95.1,1.7,1.6,0.8,0.8,6561,117,109,54,57,6898,6.5
42049010904,049,Erie County,010904,"Census Tract 109.04, Erie County, Pennsylvania",2020,131607.0,2.6,29.7,7.0,0.0,5481,46.8,93.8,1.0,0.7,3.2,1.3,5141,54,41,173,72,5481,1.7
42049011001,049,Erie County,011001,"Census Tract 110.01, Erie County, Pennsylvania",2020,58490.0,8.0,33.5,13.9,6.4,6552,43.1,86.4,3.9,1.7,3.9,4.1,5663,258,112,256,263,6552,7.5
42049011002,049,Erie County,011002,"Census Tract 110.02, Erie County, Pennsylvania",2020,48550.0,12.8,27.5,30.8,15.4,4443,40.6,86.1,1.3,2.6,6.3,3.7,3824,57,116,278,168,4443,14.5
42049011101,049,Erie County,011101,"Census Tract 111.01, Erie County, Pennsylvania",2020,73313.0,5.6,22.3,13.7,2.6,5373,37.8,94.6,1.7,1.2,0.7,1.8,5083,94,67,36,93,5373,12.4
42049011102,049,Erie County,011102,"Census Tract 111.02, Erie County, Pennsylvania",2020,67083.0,5.4,30.9,26.6,8.4,3236,37.8,83.3,8.6,3.9,3.2,1.0,2697,277,125,103,34,3236,3.8
42049011201,049,Erie County,011201,"Census Tract 112.01, Erie County, Pennsylvania",2020,65446.0,22.1,15.2,44.3,2.2,4529,44.4,93.4,2.6,2.1,0.0,1.9,4228,116,95,0,90,4529,10.1
42049011202,049,Erie County,011202,"Census Tract 112.02, Erie County, Pennsylvania",2020,62917.0,4.9,17.7,11.2,1.8,7109,49.0,93.3,0.3,3.5,0.2,2.7,6633,23,252,14,187,7109,7.8
42049011300,049,Erie County,011300,"Census Tract 113, Erie County, Pennsylvania",2020,41910.0,21.6,15.8,16.3,8.4,3147,36.1,80.5,1.7,7.4,4.3,6.1,2532,54,234,134,193,3147,22.8
42049011400,049,Erie County,011400,"Census Tract 114, Erie County, Pennsylvania",2020,58105.0,16.3,19.8,32.2,7.5,3780,36.4,89.1,9.0,1.0,0.6,0.3,3369,342,38,22,9,3780,17.0
42049011503,049,Erie County,011503,"Census Tract 115.03, Erie County, Pennsylvania",2020,55391.0,6.7,19.7,11.6,12.4,4008,49.5,94.4,1.6,0.7,1.8,1.5,3782,65,27,73,61,4008,10.9
42049011508,049,Erie County,011508,"Census Tract 115.08, Erie County, Pennsylvania",2020,66060.0,5.8,20.1,17.1,6.0,5313,50.6,92.5,0.0,0.3,5.5,1.7,4916,0,16,290,91,5313,8.3
42049011509,049,Erie County,011509,"Census Tract 115.09, Erie County, Pennsylvania",2020,72604.0,13.5,19.4,2.0,6.2,2842,48.2,96.4,0.8,1.4,0.0,1.4,2739,24,39,0,40,2842,4.3
42049011510,049,Erie County,011510,"Census Tract 115.10, Erie County, Pennsylvania",2020,78750.0,10.0,17.0,18.6,1.4,2806,50.5,98.6,0.6,0.5,0.0,0.3,2767,17,15,0,7,2806,5.8
42049011511,049,Erie County,011511,"Census Tract 115.11, Erie County, Pennsylvania",2020,,39.9,29.3,100.0,0.0,2250,19.5,81.4,3.4,1.5,11.2,2.5,1832,77,33,252,56,2250,0.0
42049011600,049,Erie County,011600,"Census Tract 116, Erie County, Pennsylvania",2020,54888.0,18.2,15.9,15.7,7.8,4065,39.6,89.3,1.7,4.3,0.1,4.6,3632,71,174,3,185,4065,19.5
42049011701,049,Erie County,011701,"Census Tract 117.01, Erie County, Pennsylvania",2020,65704.0,4.3,25.1,5.6,4.2,2939,42.8,88.8,2.9,5.7,1.0,1.6,2611,85,167,28,48,2939,8.9
42049011702,049,Erie County,011702,"Census Tract 117.02, Erie County, Pennsylvania",2020,68900.0,4.5,8.7,9.0,4.0,5343,38.7,93.5,1.0,3.5,0.0,2.0,4997,56,187,0,103,5343,15.9
42049011801,049,Erie County,011801,"Census Tract 118.01, Erie County, Pennsylvania",2020,62946.0,7.5,14.2,4.4,4.7,2937,36.4,97.1,0.0,1.6,0.3,1.0,2853,0,47,9,28,2937,12.8
42049011802,049,Erie County,011802,"Census Tract 118.02, Erie County, Pennsylvania",2020,58472.0,9.3,13.3,9.4,2.5,2973,48.9,98.7,0.1,0.3,0.4,0.5,2933,2,8,13,17,2973,10.0
42049011900,049,Erie County,011900,"Census Tract 119, Erie County, Pennsylvania",2020,34126.0,22.8,15.9,23.8,14.4,6285,42.5,87.6,4.0,1.9,0.0,6.5,5503,251,118,0,413,6285,30.6
42049012001,049,Erie County,012001,"Census Tract 120.01, Erie County, Pennsylvania",2020,65714.0,6.5,16.4,22.3,1.7,2665,51.1,95.2,0.0,3.3,0.4,1.1,2536,1,88,10,30,2665,12.7
42049012002,049,Erie County,012002,"Census Tract 120.02, Erie County, Pennsylvania",2020,42281.0,26.0,7.8,17.7,16.6,3148,45.5,95.5,0.0,3.1,0.0,1.4,3006,0,98,0,44,3148,24.2
42049012100,049,Erie County,012100,"Census Tract 121, Erie County, Pennsylvania",2020,67227.0,9.7,12.8,18.9,3.5,7247,46.5,95.6,0.0,2.6,0.5,1.3,6928,3,189,37,90,7247,11.8
42049012201,049,Erie County,012201,"Census Tract 122.01, Erie County, Pennsylvania",2020,72037.0,9.5,21.9,37.7,6.9,5945,41.7,95.3,0.7,2.8,0.2,1.0,5664,42,167,13,59,5945,15.2
42049012202,049,Erie County,012202,"Census Tract 122.02, Erie County, Pennsylvania",2020,33942.0,21.1,36.1,35.9,9.4,5599,24.1,93.5,2.1,1.9,1.4,1.1,5237,115,106,77,64,5599,8.0
42049012400,049,Erie County,012400,"Census Tract 124, Erie County, Pennsylvania",2020,60625.0,11.6,20.9,16.1,13.3,1542,45.5,83.5,2.1,0.8,3.8,9.8,1288,32,12,58,152,1542,15.5
42053530100,053,Forest County,530100,"Census Tract 5301, Forest County, Pennsylvania",2020,36694.0,19.4,4.1,9.5,6.9,4663,38.3,56.7,32.1,8.4,0.1,2.7,2642,1497,393,3,128,4663,19.5
42053530200,053,Forest County,530200,"Census Tract 5302, Forest County, Pennsylvania",2020,42629.0,15.2,10.1,9.9,4.8,2527,60.7,98.3,0.0,1.1,0.2,0.4,2485,0,27,4,11,2527,15.7
42065950100,065,Jefferson County,950100,"Census Tract 9501, Jefferson County, Pennsylvania",2020,38558.0,17.9,10.5,8.5,7.6,2042,49.1,97.6,0.0,0.0,0.6,1.8,1992,0,0,13,37,2042,20.4
42065950200,065,Jefferson County,950200,"Census Tract 9502, Jefferson County, Pennsylvania",2020,62026.0,11.6,6.8,15.0,5.9,3042,42.3,97.5,1.0,0.4,0.0,1.1,2965,31,11,0,35,3042,9.4
42065950300,065,Jefferson County,950300,"Census Tract 9503, Jefferson County, Pennsylvania",2020,53025.0,12.4,9.0,16.3,4.3,5037,49.4,98.9,0.2,0.3,0.2,0.4,4980,8,15,10,24,5037,13.1
42065950400,065,Jefferson County,950400,"Census Tract 9504, Jefferson County, Pennsylvania",2020,54798.0,9.8,12.7,5.3,4.1,1744,37.3,92.2,0.0,2.0,0.0,5.8,1608,0,35,0,101,1744,9.3
42065950500,065,Jefferson County,950500,"Census Tract 9505, Jefferson County, Pennsylvania",2020,51838.0,18.2,23.4,21.5,4.5,2057,39.4,93.6,0.5,5.2,0.0,0.7,1926,10,106,0,15,2057,23.5
42065950600,065,Jefferson County,950600,"Census Tract 9506, Jefferson County, Pennsylvania",2020,58024.0,9.2,9.8,18.4,4.0,5690,42.9,95.9,0.8,1.4,0.0,1.9,5458,48,79,0,105,5690,11.1
42065950700,065,Jefferson County,950700,"Census Tract 9507, Jefferson County, Pennsylvania",2020,40335.0,18.4,7.4,23.7,11.4,2659,35.7,96.2,0.6,1.1,0.6,1.5,2558,15,30,16,40,2659,30.2
42065950800,065,Jefferson County,950800,"Census Tract 9508, Jefferson County, Pennsylvania",2020,49688.0,10.1,10.1,6.1,4.4,3486,48.3,98.2,0.8,0.2,0.0,0.8,3424,27,6,0,29,3486,14.0
42065950900,065,Jefferson County,950900,"Census Tract 9509, Jefferson County, Pennsylvania",2020,55789.0,13.9,10.7,14.1,4.0,4129,47.0,97.5,0.0,1.0,0.1,1.4,4026,0,43,3,57,4129,10.3
42065951000,065,Jefferson County,951000,"Census Tract 9510, Jefferson County, Pennsylvania",2020,49821.0,18.9,7.5,7.3,16.4,4121,34.6,97.7,0.0,0.9,0.0,1.4,4027,1,37,0,56,4121,9.6
42065951100,065,Jefferson County,951100,"Census Tract 9511, Jefferson County, Pennsylvania",2020,50724.0,8.3,15.4,8.3,3.7,3816,48.8,97.0,0.1,0.3,0.0,2.6,3702,3,13,0,98,3816,10.6
42065951200,065,Jefferson County,951200,"Census Tract 9512, Jefferson County, Pennsylvania",2020,35462.0,21.9,9.1,33.6,10.6,3319,38.5,97.4,1.0,0.8,0.6,0.2,3233,33,28,21,4,3319,29.2
42065951300,065,Jefferson County,951300,"Census Tract 9513, Jefferson County, Pennsylvania",2020,32650.0,17.0,14.1,25.0,17.8,2428,56.6,96.5,0.2,0.7,2.1,0.5,2343,5,18,50,12,2428,21.9
42083420100,083,McKean County,420100,"Census Tract 4201, McKean County, Pennsylvania",2020,57917.0,10.0,17.0,26.8,4.8,3269,47.9,96.0,0.0,0.6,2.6,0.8,3138,0,18,86,27,3269,9.9
42083420200,083,McKean County,420200,"Census Tract 4202, McKean County, Pennsylvania",2020,22955.0,46.8,8.7,27.2,38.4,3181,34.5,92.4,0.1,2.5,0.3,4.7,2939,3,79,11,149,3181,49.8
42083420300,083,McKean County,420300,"Census Tract 4203, McKean County, Pennsylvania",2020,39111.0,30.2,15.5,23.2,12.0,2305,34.6,93.0,1.3,2.2,0.0,3.5,2144,29,50,0,82,2305,32.0
42083420400,083,McKean County,420400,"Census Tract 4204, McKean County, Pennsylvania",2020,47098.0,14.6,14.1,17.7,8.4,2798,42.7,94.4,0.2,4.0,0.4,1.0,2640,5,113,12,28,2798,9.5
42083420500,083,McKean County,420500,"Census Tract 4205, McKean County, Pennsylvania",2020,53365.0,10.3,12.7,4.4,3.1,2914,46.4,99.5,0.0,0.5,0.0,0.0,2899,0,15,0,0,2914,22.5
42083420600,083,McKean County,420600,"Census Tract 4206, McKean County, Pennsylvania",2020,51152.0,12.1,9.7,14.3,3.0,5104,49.0,98.9,0.1,0.5,0.0,0.5,5047,4,23,2,28,5104,11.4
42083420700,083,McKean County,420700,"Census Tract 4207, McKean County, Pennsylvania",2020,58636.0,16.2,12.4,28.0,4.5,4212,43.4,95.4,0.3,1.4,0.5,2.4,4019,12,58,20,103,4212,16.7
42083420800,083,McKean County,420800,"Census Tract 4208, McKean County, Pennsylvania",2020,52045.0,13.1,12.3,11.3,4.7,3985,46.0,96.8,1.0,1.2,0.0,1.0,3856,39,48,0,42,3985,10.2
42083420900,083,McKean County,420900,"Census Tract 4209, McKean County, Pennsylvania",2020,48563.0,11.7,10.5,9.9,7.3,1994,46.9,88.4,0.1,0.4,0.0,11.1,1763,2,8,0,221,1994,20.5
42083421000,083,McKean County,421000,"Census Tract 4210, McKean County, Pennsylvania",2020,60192.0,9.9,10.3,26.0,4.2,5493,37.0,76.1,14.1,7.1,0.5,2.2,4182,774,391,29,117,5493,9.7
42083421100,083,McKean County,421100,"Census Tract 4211, McKean County, Pennsylvania",2020,41398.0,16.2,10.2,7.7,9.6,3325,47.0,97.5,0.1,1.5,0.0,0.9,3241,3,49,0,32,3325,23.6
42083421200,083,McKean County,421200,"Census Tract 4212, McKean County, Pennsylvania",2020,53591.0,8.1,16.6,9.5,3.8,2441,43.4,93.4,2.0,2.4,0.5,1.7,2279,50,58,12,42,2441,8.3
42121200000,121,Venango County,200000,"Census Tract 2000, Venango County, Pennsylvania",2020,53728.0,12.1,10.8,18.9,2.4,3178,48.5,97.4,0.5,0.8,0.2,1.1,3096,17,26,6,33,3178,10.7
42121200100,121,Venango County,200100,"Census Tract 2001, Venango County, Pennsylvania",2020,53871.0,12.7,10.4,25.9,3.4,3809,46.7,96.0,0.0,0.9,0.5,2.6,3655,0,36,18,100,3809,17.4
42121200201,121,Venango County,200201,"Census Tract 2002.01, Venango County, Pennsylvania",2020,59665.0,12.6,13.1,14.7,5.3,3482,50.9,96.0,0.5,1.0,0.1,2.4,3344,16,35,4,83,3482,14.4
42121200202,121,Venango County,200202,"Census Tract 2002.02, Venango County, Pennsylvania",2020,76006.0,2.9,20.7,14.0,2.2,2063,53.9,91.7,2.3,2.0,0.2,3.8,1891,48,42,5,77,2063,5.3
42121200300,121,Venango County,200300,"Census Tract 2003, Venango County, Pennsylvania",2020,37766.0,16.5,9.1,13.1,12.7,1468,46.7,95.7,0.4,0.5,0.0,3.4,1405,6,7,0,50,1468,22.1
42121200400,121,Venango County,200400,"Census Tract 2004, Venango County, Pennsylvania",2020,52168.0,18.2,20.4,15.2,20.6,2319,44.5,92.2,1.3,0.6,0.9,5.0,2137,31,15,20,116,2319,32.1
42121200500,121,Venango County,200500,"Census Tract 2005, Venango County, Pennsylvania",2020,45216.0,20.8,10.7,19.5,10.6,2305,42.8,83.4,11.3,1.3,1.2,2.8,1922,261,29,28,65,2305,22.4
42121200600,121,Venango County,200600,"Census Tract 2006, Venango County, Pennsylvania",2020,44518.0,11.1,6.4,19.6,5.3,4970,57.4,97.7,0.7,0.8,0.2,0.6,4857,34,40,11,28,4970,15.7
42121200700,121,Venango County,200700,"Census Tract 2007, Venango County, Pennsylvania",2020,27786.0,32.8,7.0,14.6,27.3,1891,39.1,90.5,1.9,5.2,0.0,2.4,1712,36,98,0,45,1891,51.5
42121200800,121,Venango County,200800,"Census Tract 2008, Venango County, Pennsylvania",2020,47482.0,14.0,32.0,14.4,4.8,2596,41.2,94.7,0.7,3.4,0.3,0.9,2458,18,88,9,23,2596,15.8
42121200900,121,Venango County,200900,"Census Tract 2009, Venango County, Pennsylvania",2020,38289.0,17.7,12.7,20.3,13.2,2252,41.1,95.2,1.6,0.0,0.0,3.2,2144,36,0,0,72,2252,24.5
42121201000,121,Venango County,201000,"Census Tract 2010, Venango County, Pennsylvania",2020,53631.0,11.4,15.1,11.5,7.9,3011,43.8,99.2,0.3,0.5,0.0,-0.0,2986,10,15,0,0,3011,23.2
42121201100,121,Venango County,201100,"Census Tract 2011, Venango County, Pennsylvania",2020,61855.0,10.9,11.8,13.2,2.8,4558,48.5,95.2,0.0,0.5,0.0,4.3,4338,2,21,0,197,4558,15.1
42121201200,121,Venango County,201200,"Census Tract 2012, Venango County, Pennsylvania",2020,53421.0,9.6,14.5,16.0,4.0,3071,48.4,97.2,0.0,0.7,1.0,1.1,2986,0,23,31,31,3071,15.6
42121201300,121,Venango County,201300,"Census Tract 2013, Venango County, Pennsylvania",2020,50432.0,18.0,13.8,19.7,7.7,3240,53.0,98.1,0.9,0.5,0.2,0.3,3180,29,16,7,8,3240,22.8
42121201400,121,Venango County,201400,"Census Tract 2014, Venango County, Pennsylvania",2020,57167.0,12.8,11.2,3.3,8.8,3899,43.3,95.4,0.1,1.4,0.5,2.6,3721,3,56,20,99,3899,13.2
42121201500,121,Venango County,201500,"Census Tract 2015, Venango County, Pennsylvania",2020,54427.0,8.1,12.8,12.0,6.2,3243,50.4,96.9,0.3,0.6,0.6,1.6,3141,9,21,21,51,3243,12.2
42123970100,123,Warren County,970100,"Census Tract 9701, Warren County, Pennsylvania",2020,56420.0,18.1,8.3,15.6,2.7,2269,45.4,98.9,0.1,0.7,0.0,0.3,2245,2,16,0,6,2269,13.9
42123970200,123,Warren County,970200,"Census Tract 9702, Warren County, Pennsylvania",2020,80099.0,8.9,14.0,11.6,4.1,3901,48.0,91.7,0.4,2.5,0.8,4.6,3577,14,99,31,180,3901,4.4
42123970300,123,Warren County,970300,"Census Tract 9703, Warren County, Pennsylvania",2020,53790.0,14.4,8.9,13.2,6.3,5607,42.2,92.6,0.2,1.0,0.2,6.0,5190,12,56,12,337,5607,10.1
42123970400,123,Warren County,970400,"Census Tract 9704, Warren County, Pennsylvania",2020,56761.0,12.5,9.0,5.1,1.9,2835,48.8,95.7,0.3,0.5,1.1,2.4,2713,8,14,30,70,2835,11.5
42123970500,123,Warren County,970500,"Census Tract 9705, Warren County, Pennsylvania",2020,45625.0,13.8,12.9,23.0,11.9,3549,46.9,97.2,0.5,1.0,0.0,1.3,3450,16,37,0,46,3549,14.6
42123970600,123,Warren County,970600,"Census Tract 9706, Warren County, Pennsylvania",2020,46494.0,18.6,16.3,17.6,3.0,3373,47.5,97.2,0.3,1.2,0.0,1.3,3277,9,39,0,48,3373,14.3
42123970700,123,Warren County,970700,"Census Tract 9707, Warren County, Pennsylvania",2020,63750.0,9.2,19.8,13.6,1.2,2620,52.6,98.7,0.0,0.8,0.0,0.5,2587,0,20,0,13,2620,2.7
42123970800,123,Warren County,970800,"Census Tract 9708, Warren County, Pennsylvania",2020,37264.0,12.4,11.6,14.5,15.1,2977,48.3,94.5,3.1,0.4,0.6,1.4,2814,92,12,17,42,2977,22.5
42123970900,123,Warren County,970900,"Census Tract 9709, Warren County, Pennsylvania",2020,37027.0,14.5,11.1,8.9,8.9,3530,43.1,97.5,1.0,0.2,0.3,1.0,3443,37,6,12,32,3530,26.8
42123971000,123,Warren County,971000,"Census Tract 9710, Warren County, Pennsylvania",2020,72593.0,3.4,19.0,10.5,11.9,2183,58.6,98.1,0.2,0.4,0.7,0.6,2141,4,8,15,15,2183,3.3
42123971100,123,Warren County,971100,"Census Tract 9711, Warren County, Pennsylvania",2020,64255.0,5.0,12.9,7.0,1.8,2835,54.9,96.5,0.0,1.1,1.7,0.7,2735,0,31,47,22,2835,8.1
42123971200,123,Warren County,971200,"Census Tract 9712, Warren County, Pennsylvania",2020,42543.0,19.7,17.6,16.8,4.5,2071,45.1,95.7,0.8,2.8,0.0,0.7,1981,16,57,0,17,2071,11.4
42123971400,123,Warren County,971400,"Census Tract 9714, Warren County, Pennsylvania",2020,40208.0,9.8,7.2,10.1,7.9,1716,53.4,94.8,0.3,2.9,0.0,2.0,1626,6,49,0,35,1716,18.1
42023960100,023,Cameron County,960100,"Census Tract 9601, Cameron County, Pennsylvania",2021,31889.0,23.1,5.7,16.9,16.1,1934,46.9,88.9,0.2,1.4,0.0,9.5,1719,4,28,0,183,1934,36.0
42023960200,023,Cameron County,960200,"Census Tract 9602, Cameron County, Pennsylvania",2021,49425.0,11.0,10.6,18.4,5.7,2662,55.9,97.6,0.0,1.2,0.2,1.0,2597,0,33,5,27,2662,15.0
42031160101,031,Clarion County,160101,"Census Tract 1601.01, Clarion County, Pennsylvania",2021,69327.0,10.7,10.5,16.7,3.3,1708,51.2,99.2,0.0,0.5,0.0,0.3,1694,0,8,0,6,1708,12.8
42031160103,031,Clarion County,160103,"Census Tract 1601.03, Clarion County, Pennsylvania",2021,44369.0,32.5,19.6,33.3,9.7,3064,24.9,88.7,5.5,2.1,0.0,3.7,2718,170,63,0,113,3064,20.8
42031160104,031,Clarion County,160104,"Census Tract 1601.04, Clarion County, Pennsylvania",2021,49706.0,12.5,15.5,14.1,1.6,1593,49.2,98.4,0.2,0.0,0.0,1.4,1568,3,0,0,22,1593,12.9
42031160201,031,Clarion County,160201,"Census Tract 1602.01, Clarion County, Pennsylvania",2021,58095.0,13.2,9.7,4.7,6.6,1747,45.2,100.0,0.0,0.0,0.0,0.0,1747,0,0,0,0,1747,8.4
42031160202,031,Clarion County,160202,"Census Tract 1602.02, Clarion County, Pennsylvania",2021,72000.0,4.1,17.1,6.7,1.8,1664,48.3,93.5,0.3,0.0,0.3,5.9,1556,5,0,5,98,1664,5.6
42031160300,031,Clarion County,160300,"Census Tract 1603, Clarion County, Pennsylvania",2021,54613.0,11.2,16.6,7.9,4.9,4953,43.2,95.5,1.0,0.7,0.2,2.6,4732,52,34,12,123,4953,11.1
42031160400,031,Clarion County,160400,"Census Tract 1604, Clarion County, Pennsylvania",2021,48281.0,15.0,11.3,18.0,9.2,3731,43.8,98.2,0.0,0.2,0.0,1.6,3664,0,9,1,57,3731,22.1
42031160500,031,Clarion County,160500,"Census Tract 1605, Clarion County, Pennsylvania",2021,50962.0,11.7,10.0,18.7,8.5,3490,48.4,96.8,0.1,0.5,0.0,2.6,3377,4,18,1,90,3490,16.5
42031160600,031,Clarion County,160600,"Census Tract 1606, Clarion County, Pennsylvania",2021,35139.0,24.7,26.1,33.2,15.3,4046,23.9,88.7,5.4,4.0,1.6,0.3,3587,220,160,65,14,4046,22.7
42031160701,031,Clarion County,160701,"Census Tract 1607.01, Clarion County, Pennsylvania",2021,49333.0,13.9,9.5,8.8,7.2,2154,48.0,93.9,0.2,3.2,1.5,1.2,2023,5,68,33,25,2154,21.1
42031160702,031,Clarion County,160702,"Census Tract 1607.02, Clarion County, Pennsylvania",2021,51830.0,18.3,8.1,26.5,5.6,2131,43.1,94.6,1.4,0.3,0.2,3.5,2016,30,7,5,73,2131,18.7
42031160800,031,Clarion County,160800,"Census Tract 1608, Clarion County, Pennsylvania",2021,57784.0,14.4,12.8,19.4,7.2,3666,47.1,96.2,0.9,0.8,1.3,0.8,3526,32,30,46,32,3666,13.7
42031160900,031,Clarion County,160900,"Census Tract 1609, Clarion County, Pennsylvania",2021,57652.0,10.5,9.8,9.8,5.6,3624,43.6,98.5,0.6,0.2,0.1,0.6,3571,21,9,4,19,3624,14.2
42033330100,033,Clearfield County,330100,"Census Tract 3301, Clearfield County, Pennsylvania",2021,54618.0,16.8,11.0,52.4,12.2,5299,51.7,94.2,2.4,0.9,1.3,1.2,4993,125,50,67,64,5299,21.5
42033330200,033,Clearfield County,330200,"Census Tract 3302, Clearfield County, Pennsylvania",2021,53517.0,15.1,20.9,7.1,7.3,3098,34.3,96.3,0.7,1.4,0.5,1.1,2983,22,42,16,35,3098,16.0
42033330300,033,Clearfield County,330300,"Census Tract 3303, Clearfield County, Pennsylvania",2021,44779.0,13.9,17.8,17.2,12.0,4450,46.2,96.8,0.8,1.9,0.5,0.0,4308,36,84,22,0,4450,22.2
42033330400,033,Clearfield County,330400,"Census Tract 3304, Clearfield County, Pennsylvania",2021,86910.0,3.8,27.7,2.4,0.0,6470,44.9,96.0,0.0,3.5,0.5,0.0,6213,1,226,30,0,6470,9.6
42033330500,033,Clearfield County,330500,"Census Tract 3305, Clearfield County, Pennsylvania",2021,55227.0,8.9,10.0,11.7,6.0,4142,47.5,96.4,0.0,1.9,0.7,1.0,3994,1,77,27,43,4142,14.0
42033330600,033,Clearfield County,330600,"Census Tract 3306, Clearfield County, Pennsylvania",2021,44745.0,20.1,9.0,12.1,4.8,3216,50.8,98.4,0.0,1.2,0.1,0.3,3165,0,39,4,8,3216,22.6
42033330700,033,Clearfield County,330700,"Census Tract 3307, Clearfield County, Pennsylvania",2021,50074.0,12.7,6.5,12.0,4.8,2167,48.4,95.8,1.5,1.1,0.0,1.6,2077,33,23,0,34,2167,19.6
42033330800,033,Clearfield County,330800,"Census Tract 3308, Clearfield County, Pennsylvania",2021,58556.0,13.2,9.8,18.9,5.4,6899,44.5,95.4,0.0,2.9,0.0,1.7,6585,0,200,0,114,6899,15.0
42033330900,033,Clearfield County,330900,"Census Tract 3309, Clearfield County, Pennsylvania",2021,42468.0,26.1,6.6,11.4,8.5,6433,48.8,74.2,8.2,13.6,1.9,2.1,4776,526,873,120,138,6433,25.3
42033331000,033,Clearfield County,331000,"Census Tract 3310, Clearfield County, Pennsylvania",2021,54688.0,14.6,9.5,12.1,3.3,4931,45.2,95.0,0.1,1.5,0.1,3.3,4683,7,73,4,164,4931,22.3
42033331100,033,Clearfield County,331100,"Census Tract 3311, Clearfield County, Pennsylvania",2021,42801.0,22.8,12.2,28.7,23.2,3006,38.8,99.2,0.1,0.0,0.2,0.5,2981,2,1,5,17,3006,29.3
42033331200,033,Clearfield County,331200,"Census Tract 3312, Clearfield County, Pennsylvania",2021,55263.0,17.8,19.7,24.2,8.7,2985,38.0,94.4,0.6,3.4,0.8,0.8,2818,18,102,24,23,2985,22.1
42033331300,033,Clearfield County,331300,"Census Tract 3313, Clearfield County, Pennsylvania",2021,54877.0,18.1,14.9,29.1,9.5,4321,41.0,98.2,0.0,0.8,0.7,0.3,4244,2,36,29,10,4321,26.0
42033331401,033,Clearfield County,331401,"Census Tract 3314.01, Clearfield County, Pennsylvania",2021,58103.0,15.8,13.1,45.6,4.0,3421,47.5,95.2,0.0,3.8,0.4,0.6,3256,0,130,12,23,3421,15.3
42033331402,033,Clearfield County,331402,"Census Tract 3314.02, Clearfield County, Pennsylvania",2021,47625.0,12.3,14.6,16.2,6.1,3543,43.6,95.0,0.5,0.4,0.1,4.0,3366,19,15,2,141,3543,19.5
42033331500,033,Clearfield County,331500,"Census Tract 3315, Clearfield County, Pennsylvania",2021,47697.0,14.0,6.7,3.5,4.6,1852,45.3,93.6,0.0,3.7,0.0,2.7,1733,0,69,0,50,1852,16.6
42033331600,033,Clearfield County,331600,"Census Tract 3316, Clearfield County, Pennsylvania",2021,44531.0,14.3,6.9,31.4,7.3,2314,50.5,96.5,0.2,0.0,1.4,1.9,2232,4,1,32,45,2314,22.1
42033331700,033,Clearfield County,331700,"Census Tract 3317, Clearfield County, Pennsylvania",2021,56941.0,11.3,6.6,7.9,6.4,7037,43.5,73.5,16.3,5.6,0.4,4.2,5175,1145,397,27,293,7037,19.1
42033331800,033,Clearfield County,331800,"Census Tract 3318, Clearfield County, Pennsylvania",2021,46683.0,19.4,9.0,22.5,6.2,2866,44.6,89.7,0.4,1.5,0.0,8.4,2571,12,44,0,239,2866,19.0
42033331900,033,Clearfield County,331900,"Census Tract 3319, Clearfield County, Pennsylvania",2021,46838.0,14.0,8.2,2.7,9.9,2217,44.3,97.2,0.0,1.8,0.1,0.9,2154,1,40,2,20,2217,22.5
42039110100,039,Crawford County,110100,"Census Tract 1101, Crawford County, Pennsylvania",2021,49515.0,22.1,7.5,21.0,17.3,6242,33.6,97.2,0.4,0.9,0.1,1.4,6067,22,57,5,91,6242,18.3
42039110201,039,Crawford County,110201,"Census Tract 1102.01, Crawford County, Pennsylvania",2021,65192.0,5.0,17.4,2.6,2.6,3738,45.2,95.9,0.5,1.4,0.0,2.2,3584,20,54,0,80,3738,9.0
42039110202,039,Crawford County,110202,"Census Tract 1102.02, Crawford County, Pennsylvania",2021,60996.0,14.5,13.5,13.7,9.2,4334,38.0,88.7,4.6,3.7,0.7,2.3,3846,201,159,31,97,4334,18.7
42039110300,039,Crawford County,110300,"Census Tract 1103, Crawford County, Pennsylvania",2021,54309.0,16.0,10.2,20.6,8.9,4416,43.4,96.6,1.1,0.9,0.2,1.2,4267,47,38,9,55,4416,17.9
42039110400,039,Crawford County,110400,"Census Tract 1104, Crawford County, Pennsylvania",2021,48359.0,15.1,12.0,21.0,8.5,2661,45.6,95.6,0.0,2.5,0.0,1.9,2543,0,66,1,51,2661,16.3
42039110501,039,Crawford County,110501,"Census Tract 1105.01, Crawford County, Pennsylvania",2021,71467.0,6.2,13.6,23.1,4.4,2197,35.0,97.2,0.0,2.3,0.5,-0.0,2136,0,50,11,0,2197,13.9
42039110502,039,Crawford County,110502,"Census Tract 1105.02, Crawford County, Pennsylvania",2021,60360.0,9.6,17.1,19.1,3.1,2911,53.4,97.2,0.0,1.1,0.0,1.7,2830,0,33,0,48,2911,8.6
42039110600,039,Crawford County,110600,"Census Tract 1106, Crawford County, Pennsylvania",2021,63030.0,5.1,11.9,4.9,3.7,2791,48.7,95.8,0.0,1.0,0.0,3.2,2674,0,29,1,87,2791,8.9
42039110700,039,Crawford County,110700,"Census Tract 1107, Crawford County, Pennsylvania",2021,57891.0,8.6,14.3,3.0,6.8,3946,42.2,94.1,1.6,1.9,0.7,1.7,3713,63,75,27,68,3946,12.2
42039110800,039,Crawford County,110800,"Census Tract 1108, Crawford County, Pennsylvania",2021,65484.0,10.6,13.8,11.2,4.5,4695,44.7,95.6,1.2,0.9,0.4,1.9,4487,56,43,19,90,4695,9.7
42039110900,039,Crawford County,110900,"Census Tract 1109, Crawford County, Pennsylvania",2021,56563.0,10.9,11.4,13.7,2.7,2863,49.7,91.7,1.3,1.0,0.2,5.8,2624,38,28,6,167,2863,14.6
42039111000,039,Crawford County,111000,"Census Tract 1110, Crawford County, Pennsylvania",2021,48824.0,21.8,8.5,17.5,5.2,2497,45.2,97.8,0.4,1.0,0.1,0.7,2442,10,25,3,17,2497,19.9
42039111100,039,Crawford County,111100,"Census Tract 1111, Crawford County, Pennsylvania",2021,25353.0,26.0,8.1,14.2,22.3,2868,47.3,94.2,2.8,0.8,1.2,1.0,2702,81,23,35,27,2868,33.9
42039111200,039,Crawford County,111200,"Census Tract 1112, Crawford County, Pennsylvania",2021,44261.0,19.0,13.6,13.4,11.8,2446,36.0,97.3,0.0,0.8,1.1,0.8,2379,0,19,28,20,2446,26.1
42039111300,039,Crawford County,111300,"Census Tract 1113, Crawford County, Pennsylvania",2021,62132.0,6.9,13.4,2.4,3.3,5340,44.3,96.4,0.3,0.7,0.4,2.2,5146,15,39,19,121,5340,8.8
42039111400,039,Crawford County,111400,"Census Tract 1114, Crawford County, Pennsylvania",2021,75477.0,15.3,21.2,12.1,7.1,4682,42.5,97.3,0.3,1.1,0.0,1.3,4556,13,51,0,62,4682,19.8
42039111500,039,Crawford County,111500,"Census Tract 1115, Crawford County, Pennsylvania",2021,44451.0,21.8,15.1,24.6,22.4,5358,38.0,86.6,6.0,0.9,1.0,5.5,4639,323,50,53,293,5358,28.7
42039111600,039,Crawford County,111600,"Census Tract 1116, Crawford County, Pennsylvania",2021,29819.0,26.2,10.2,23.8,33.2,3404,40.8,93.3,1.9,1.8,0.3,2.7,3175,66,60,11,92,3404,48.9
42039111700,039,Crawford County,111700,"Census Tract 1117, Crawford County, Pennsylvania",2021,52396.0,9.2,21.2,11.8,9.1,4590,28.3,83.4,6.0,3.9,2.5,4.2,3828,274,181,115,192,4590,10.7
42039111800,039,Crawford County,111800,"Census Tract 1118, Crawford County, Pennsylvania",2021,68778.0,1.8,10.9,10.8,3.2,5374,53.6,94.1,0.9,0.8,1.6,2.6,5057,51,42,87,137,5374,14.6
42039111900,039,Crawford County,111900,"Census Tract 1119, Crawford County, Pennsylvania",2021,58670.0,11.2,5.7,17.4,14.7,3423,36.9,96.6,0.2,0.2,0.3,2.7,3307,6,7,10,93,3423,12.1
42039112001,039,Crawford County,112001,"Census Tract 1120.01, Crawford County, Pennsylvania",2021,56161.0,6.0,8.5,7.4,3.0,2417,53.6,96.2,0.0,2.2,0.4,1.2,2326,0,53,9,29,2417,15.3
42039112002,039,Crawford County,112002,"Census Tract 1120.02, Crawford County, Pennsylvania",2021,49250.0,9.7,8.8,35.6,2.6,1302,59.6,96.5,0.0,2.5,0.0,1.0,1257,0,33,0,12,1302,17.2
42047950100,047,Elk County,950100,"Census Tract 9501, Elk County, Pennsylvania",2021,50875.0,13.1,12.5,15.9,1.5,1559,46.3,94.1,0.0,0.0,0.8,5.1,1467,0,0,13,79,1559,8.7
42047950200,047,Elk County,950200,"Census Tract 9502, Elk County, Pennsylvania",2021,57266.0,6.9,10.0,13.2,3.1,2894,51.1,98.5,0.0,0.7,0.3,0.5,2852,0,21,8,13,2894,9.7
42047950400,047,Elk County,950400,"Census Tract 9504, Elk County, Pennsylvania",2021,53788.0,13.4,16.7,16.5,12.3,4036,42.3,94.8,2.2,0.7,0.0,2.3,3827,89,30,0,90,4036,20.2
42047950500,047,Elk County,950500,"Census Tract 9505, Elk County, Pennsylvania",2021,48125.0,13.8,11.8,3.0,9.7,2282,44.6,95.4,0.0,3.2,0.0,1.4,2176,0,74,0,32,2282,18.5
42047950900,047,Elk County,950900,"Census Tract 9509, Elk County, Pennsylvania",2021,57823.0,10.4,10.3,15.4,4.1,2527,46.9,96.8,0.0,0.0,0.0,3.2,2447,0,0,0,80,2527,11.1
42047951000,047,Elk County,951000,"Census Tract 9510, Elk County, Pennsylvania",2021,68989.0,4.9,10.8,1.6,1.3,4968,47.8,97.6,1.2,0.0,1.0,0.2,4849,58,0,49,12,4968,10.6
42047951100,047,Elk County,951100,"Census Tract 9511, Elk County, Pennsylvania",2021,55230.0,9.6,13.0,14.9,10.6,5362,53.0,94.7,0.3,2.0,0.6,2.4,5076,17,105,32,132,5362,17.8
42047951200,047,Elk County,951200,"Census Tract 9512, Elk County, Pennsylvania",2021,51927.0,6.8,13.0,25.5,7.8,2009,51.5,98.4,0.0,0.0,0.6,1.0,1977,0,0,12,20,2009,12.4
42047951300,047,Elk County,951300,"Census Tract 9513, Elk County, Pennsylvania",2021,64038.0,8.6,16.0,14.4,7.1,5400,43.4,96.3,0.6,0.6,0.0,2.5,5202,34,35,0,129,5400,12.9
42049000100,049,Erie County,000100,"Census Tract 1, Erie County, Pennsylvania",2021,13590.0,64.2,12.6,16.6,69.1,1327,59.2,67.5,20.3,8.6,0.0,3.6,896,270,114,0,47,1327,71.3
42049000200,049,Erie County,000200,"Census Tract 2, Erie County, Pennsylvania",2021,63306.0,7.7,21.6,20.1,10.4,3566,55.1,87.0,1.5,3.8,4.3,3.4,3103,54,136,155,118,3566,9.6
42049000300,049,Erie County,000300,"Census Tract 3, Erie County, Pennsylvania",2021,36452.0,31.5,11.8,17.7,25.0,3282,29.2,69.0,10.8,4.8,2.0,13.4,2265,353,159,64,441,3282,35.5
42049000400,049,Erie County,000400,"Census Tract 4, Erie County, Pennsylvania",2021,39514.0,21.1,22.0,17.1,17.8,2085,32.7,45.8,24.8,9.4,3.3,16.7,955,518,196,68,348,2085,43.2
42049000500,049,Erie County,000500,"Census Tract 5, Erie County, Pennsylvania",2021,31296.0,33.3,10.3,30.3,19.5,3253,30.6,45.6,38.4,15.8,0.0,0.2,1483,1249,513,0,8,3253,43.0
42049000600,049,Erie County,000600,"Census Tract 6, Erie County, Pennsylvania",2021,42824.0,21.7,15.5,16.6,18.2,3210,31.3,53.7,22.7,14.5,4.3,4.8,1725,729,465,139,152,3210,39.9
42049000700,049,Erie County,000700,"Census Tract 7, Erie County, Pennsylvania",2021,30521.0,25.5,9.6,28.7,31.0,2056,44.1,53.6,28.4,15.6,0.0,2.4,1102,584,320,0,50,2056,50.3
42049000800,049,Erie County,000800,"Census Tract 8, Erie County, Pennsylvania",2021,21157.0,51.5,8.6,36.5,31.6,1930,35.4,47.3,26.7,16.6,5.2,4.2,912,516,321,100,81,1930,55.9
42049000901,049,Erie County,000901,"Census Tract 9.01, Erie County, Pennsylvania",2021,26219.0,10.2,13.5,37.9,19.1,2034,45.5,74.2,8.8,16.4,0.6,-0.0,1510,178,334,12,0,2034,12.8
42049000902,049,Erie County,000902,"Census Tract 9.02, Erie County, Pennsylvania",2021,16641.0,59.3,13.3,53.1,39.4,2325,23.6,82.7,3.7,6.4,2.2,5.0,1922,85,149,51,118,2325,35.1
42049001000,049,Erie County,001000,"Census Tract 10, Erie County, Pennsylvania",2021,35313.0,31.7,23.3,18.1,19.3,3186,29.6,72.9,6.5,7.7,0.8,12.1,2323,208,245,24,386,3186,30.3
42049001100,049,Erie County,001100,"Census Tract 11, Erie County, Pennsylvania",2021,47468.0,21.1,15.4,19.8,8.2,2770,37.7,71.1,1.8,19.5,0.6,7.0,1970,51,541,17,191,2770,24.9
42049001200,049,Erie County,001200,"Census Tract 12, Erie County, Pennsylvania",2021,22295.0,43.0,8.9,39.5,22.5,3026,37.6,54.4,18.1,4.4,6.9,16.2,1646,547,132,210,491,3026,50.7
42049001300,049,Erie County,001300,"Census Tract 13, Erie County, Pennsylvania",2021,22964.0,51.1,5.7,53.7,30.7,1741,20.9,41.2,35.2,20.2,0.0,3.4,717,612,351,0,61,1741,76.5
42049001400,049,Erie County,001400,"Census Tract 14, Erie County, Pennsylvania",2021,17679.0,66.4,4.2,40.8,56.4,2749,32.9,53.5,31.3,4.8,7.1,3.3,1470,860,133,195,91,2749,58.0
42049001500,049,Erie County,001500,"Census Tract 15, Erie County, Pennsylvania",2021,25313.0,37.4,14.8,14.2,46.9,2909,22.5,21.5,44.9,15.2,6.6,11.8,626,1306,442,191,344,2909,66.3
42049001600,049,Erie County,001600,"Census Tract 16, Erie County, Pennsylvania",2021,36089.0,31.0,10.8,19.8,9.3,4329,37.5,57.9,18.8,12.1,6.3,4.9,2508,813,524,271,213,4329,20.4
42049001700,049,Erie County,001700,"Census Tract 17, Erie County, Pennsylvania",2021,47826.0,17.1,4.0,24.6,19.7,2713,30.0,49.3,26.8,8.8,6.2,8.9,1337,726,239,167,244,2713,41.5
42049001800,049,Erie County,001800,"Census Tract 18, Erie County, Pennsylvania",2021,25330.0,34.6,8.7,41.5,32.5,1991,25.6,34.0,41.7,14.4,0.0,9.9,677,830,287,0,197,1991,64.2
42049001900,049,Erie County,001900,"Census Tract 19, Erie County, Pennsylvania",2021,21301.0,36.5,7.1,29.2,41.2,1558,56.6,78.0,16.3,5.5,0.0,0.2,1216,254,85,0,3,1558,39.0
42049002000,049,Erie County,002000,"Census Tract 20, Erie County, Pennsylvania",2021,46538.0,27.9,13.3,35.3,10.0,3348,32.2,64.7,6.6,17.7,3.4,7.6,2167,222,592,115,252,3348,16.6
42049002100,049,Erie County,002100,"Census Tract 21, Erie County, Pennsylvania",2021,60656.0,15.0,25.6,28.5,2.2,3953,40.8,90.8,7.4,1.1,0.3,0.4,3591,292,43,10,17,3953,13.4
42049002200,049,Erie County,002200,"Census Tract 22, Erie County, Pennsylvania",2021,67697.0,12.8,16.6,23.1,10.0,3848,37.3,79.3,8.4,2.1,0.2,10.0,3051,324,81,6,386,3848,15.2
42049002300,049,Erie County,002300,"Census Tract 23, Erie County, Pennsylvania",2021,37321.0,14.2,8.1,27.3,9.9,2316,37.1,86.6,7.3,0.7,0.6,4.8,2005,169,16,15,111,2316,26.3
42049002400,049,Erie County,002400,"Census Tract 24, Erie County, Pennsylvania",2021,47756.0,9.1,18.5,23.4,11.8,2912,31.8,80.6,1.5,7.1,0.0,10.8,2346,43,208,0,315,2912,24.3
42049002500,049,Erie County,002500,"Census Tract 25, Erie County, Pennsylvania",2021,40603.0,29.6,22.7,31.8,14.7,2629,34.4,66.8,21.5,2.1,0.8,8.8,1756,564,56,22,231,2629,41.9
42049002600,049,Erie County,002600,"Census Tract 26, Erie County, Pennsylvania",2021,37273.0,33.4,13.8,37.5,10.6,4200,38.6,67.8,21.1,3.5,3.5,4.1,2849,885,145,147,174,4200,22.9
42049002700,049,Erie County,002700,"Census Tract 27, Erie County, Pennsylvania",2021,56688.0,4.9,12.6,8.4,6.5,6639,38.2,79.0,8.9,10.6,0.3,1.2,5248,594,705,19,73,6639,17.0
42049002800,049,Erie County,002800,"Census Tract 28, Erie County, Pennsylvania",2021,49583.0,22.8,21.9,28.4,11.3,6626,29.9,88.1,2.3,1.3,4.0,4.3,5836,155,89,268,278,6626,8.4
42049002900,049,Erie County,002900,"Census Tract 29, Erie County, Pennsylvania",2021,78542.0,2.2,29.4,8.7,3.7,2735,49.2,93.2,3.4,0.8,0.7,1.9,2550,93,21,18,53,2735,4.3
42049003000,049,Erie County,003000,"Census Tract 30, Erie County, Pennsylvania",2021,47258.0,13.0,18.8,14.7,8.2,4290,35.9,74.2,10.8,1.7,8.6,4.7,3182,463,72,368,205,4290,20.8
42049010101,049,Erie County,010101,"Census Tract 101.01, Erie County, Pennsylvania",2021,72098.0,9.2,9.6,24.5,2.7,3127,45.6,95.4,0.4,1.2,1.0,2.0,2982,13,37,30,65,3127,9.6
42049010103,049,Erie County,010103,"Census Tract 101.03, Erie County, Pennsylvania",2021,71343.0,7.2,11.8,27.0,3.4,2034,47.9,97.4,0.0,0.8,0.0,1.8,1981,0,17,0,36,2034,15.0
42049010104,049,Erie County,010104,"Census Tract 101.04, Erie County, Pennsylvania",2021,72303.0,6.9,18.5,20.4,2.4,2437,46.5,93.3,2.3,2.5,0.6,1.3,2273,56,61,14,33,2437,7.8
42049010107,049,Erie County,010107,"Census Tract 101.07, Erie County, Pennsylvania",2021,48750.0,12.3,11.9,20.5,11.7,1329,45.4,94.9,1.0,1.8,1.0,1.3,1261,13,24,13,18,1329,21.9
42049010108,049,Erie County,010108,"Census Tract 101.08, Erie County, Pennsylvania",2021,,,1.9,,,2496,39.7,48.2,46.6,4.5,0.0,0.7,1204,1164,113,0,15,2496,
42049010201,049,Erie County,010201,"Census Tract 102.01, Erie County, Pennsylvania",2021,65601.0,9.4,16.5,15.3,5.5,6006,39.0,85.7,0.4,9.4,0.1,4.4,5150,24,562,7,263,6006,17.6
42049010202,049,Erie County,010202,"Census Tract 102.02, Erie County, Pennsylvania",2021,62566.0,14.9,18.9,26.8,4.9,5310,47.6,97.9,0.0,1.1,0.2,0.8,5197,0,57,11,45,5310,17.8
42049010301,049,Erie County,010301,"Census Tract 103.01, Erie County, Pennsylvania",2021,83594.0,8.7,17.6,7.5,6.2,4935,44.3,96.4,0.3,0.0,0.0,3.3,4756,15,0,0,164,4935,9.6
42049010303,049,Erie County,010303,"Census Tract 103.03, Erie County, Pennsylvania",2021,88588.0,7.1,24.3,41.3,6.7,5836,39.4,91.9,0.7,2.8,1.0,3.6,5364,41,165,58,208,5836,11.4
42049010304,049,Erie County,010304,"Census Tract 103.04, Erie County, Pennsylvania",2021,104345.0,2.5,30.3,33.7,5.7,5193,40.4,92.7,0.4,3.0,0.5,3.4,4813,23,156,26,175,5193,7.6
42049010400,049,Erie County,010400,"Census Tract 104, Erie County, Pennsylvania",2021,76556.0,9.8,26.4,37.8,1.4,4933,48.4,97.3,0.2,0.4,0.7,1.4,4800,12,20,34,67,4933,8.3
42049010500,049,Erie County,010500,"Census Tract 105, Erie County, Pennsylvania",2021,58327.0,15.0,25.9,41.7,6.9,3698,51.1,94.8,3.6,0.7,0.9,0.0,3505,134,26,33,0,3698,10.8
42049010700,049,Erie County,010700,"Census Tract 107, Erie County, Pennsylvania",2021,70199.0,3.3,22.4,11.1,5.3,4184,38.1,88.2,0.8,2.1,2.0,6.9,3692,35,87,84,286,4184,6.3
42049010800,049,Erie County,010800,"Census Tract 108, Erie County, Pennsylvania",2021,65885.0,10.2,16.1,27.0,4.3,3449,43.4,93.8,1.3,2.6,1.1,1.2,3234,44,91,38,42,3449,15.3
42049010902,049,Erie County,010902,"Census Tract 109.02, Erie County, Pennsylvania",2021,63735.0,7.7,23.6,29.2,8.8,4014,51.6,93.0,1.2,1.7,2.2,1.9,3732,49,67,87,79,4014,13.0
42049010903,049,Erie County,010903,"Census Tract 109.03, Erie County, Pennsylvania",2021,83899.0,6.6,21.1,38.1,5.5,6985,37.9,93.1,1.8,1.5,2.0,1.6,6506,127,106,140,106,6985,6.9
42049010904,049,Erie County,010904,"Census Tract 109.04, Erie County, Pennsylvania",2021,141298.0,2.4,30.0,0.0,0.0,5565,46.9,92.5,1.0,0.9,4.7,0.9,5150,53,50,260,52,5565,0.5
42049011001,049,Erie County,011001,"Census Tract 110.01, Erie County, Pennsylvania",2021,61417.0,6.2,31.6,11.9,6.2,6806,43.2,88.9,2.1,1.1,4.2,3.7,6053,143,76,284,250,6806,9.5
42049011002,049,Erie County,011002,"Census Tract 110.02, Erie County, Pennsylvania",2021,48164.0,15.4,28.8,35.1,18.6,4322,42.6,89.8,0.7,2.8,5.0,1.7,3879,30,121,217,75,4322,13.1
42049011101,049,Erie County,011101,"Census Tract 111.01, Erie County, Pennsylvania",2021,66985.0,10.7,19.9,10.5,4.5,5280,37.2,87.4,3.4,3.0,0.5,5.7,4615,179,161,25,300,5280,16.7
42049011102,049,Erie County,011102,"Census Tract 111.02, Erie County, Pennsylvania",2021,75900.0,7.5,26.4,20.7,7.2,3317,37.4,85.9,4.2,7.5,0.0,2.4,2848,140,248,0,81,3317,10.5
42049011201,049,Erie County,011201,"Census Tract 112.01, Erie County, Pennsylvania",2021,69107.0,19.7,14.9,43.9,2.0,4508,45.6,92.4,2.6,1.8,0.1,3.1,4164,116,82,3,143,4508,10.8
42049011202,049,Erie County,011202,"Census Tract 112.02, Erie County, Pennsylvania",2021,66502.0,10.8,19.0,7.5,2.4,7300,45.9,91.1,0.3,5.7,0.1,2.8,6648,24,418,7,203,7300,9.0
42049011300,049,Erie County,011300,"Census Tract 113, Erie County, Pennsylvania",2021,50284.0,19.3,14.6,18.0,7.1,3238,36.8,81.0,1.3,7.1,4.1,6.5,2623,41,229,134,211,3238,25.1
42049011400,049,Erie County,011400,"Census Tract 114, Erie County, Pennsylvania",2021,61232.0,18.8,20.6,29.6,4.7,3833,35.9,87.0,9.7,0.5,1.5,1.3,3333,371,18,56,55,3833,16.7
42049011503,049,Erie County,011503,"Census Tract 115.03, Erie County, Pennsylvania",2021,54779.0,6.4,20.4,17.9,12.4,3948,45.8,95.4,1.4,0.6,1.2,1.4,3768,57,22,48,53,3948,10.4
42049011508,049,Erie County,011508,"Census Tract 115.08, Erie County, Pennsylvania",2021,77645.0,6.9,19.7,15.3,3.8,5104,48.3,91.0,0.0,1.6,5.3,2.1,4645,0,82,272,105,5104,5.5
42049011509,049,Erie County,011509,"Census Tract 115.09, Erie County, Pennsylvania",2021,69142.0,16.8,16.3,2.2,6.9,2740,46.8,95.1,0.3,2.5,0.0,2.1,2606,9,68,0,57,2740,8.3
42049011510,049,Erie County,011510,"Census Tract 115.10, Erie County, Pennsylvania",2021,82138.0,8.3,17.1,7.8,0.4,2658,53.2,97.0,0.8,0.9,0.8,0.5,2579,22,25,20,12,2658,6.4
42049011511,049,Erie County,011511,"Census Tract 115.11, Erie County, Pennsylvania",2021,,53.4,25.3,65.1,20.3,2215,19.5,80.9,3.7,0.4,13.1,1.9,1791,82,8,290,44,2215,5.5
42049011600,049,Erie County,011600,"Census Tract 116, Erie County, Pennsylvania",2021,58336.0,18.7,13.4,19.1,8.8,4134,39.4,89.1,0.4,2.8,0.6,7.1,3682,18,117,26,291,4134,21.5
42049011701,049,Erie County,011701,"Census Tract 117.01, Erie County, Pennsylvania",2021,67583.0,5.2,23.8,7.2,5.8,3026,42.2,87.2,3.7,7.0,0.6,1.5,2638,112,212,19,45,3026,10.0
42049011702,049,Erie County,011702,"Census Tract 117.02, Erie County, Pennsylvania",2021,78080.0,3.9,9.0,0.0,4.8,5525,40.7,93.1,1.0,3.9,0.0,2.0,5142,54,215,0,114,5525,16.0
42049011801,049,Erie County,011801,"Census Tract 118.01, Erie County, Pennsylvania",2021,65543.0,5.6,12.3,4.8,4.0,2847,36.0,97.6,0.0,1.4,0.2,0.8,2780,1,40,6,20,2847,15.0
42049011802,049,Erie County,011802,"Census Tract 118.02, Erie County, Pennsylvania",2021,63381.0,8.2,14.7,5.0,2.3,2832,49.6,97.9,0.1,0.7,0.7,0.6,2772,2,21,19,18,2832,10.8
42049011900,049,Erie County,011900,"Census Tract 119, Erie County, Pennsylvania",2021,37192.0,28.3,16.0,30.9,19.6,6251,38.4,86.1,3.5,3.4,0.5,6.5,5383,218,212,29,409,6251,30.3
42049012001,049,Erie County,012001,"Census Tract 120.01, Erie County, Pennsylvania",2021,71125.0,5.8,16.7,29.9,1.6,2605,51.4,94.7,0.0,2.8,1.0,1.5,2467,1,74,27,36,2605,12.4
42049012002,049,Erie County,012002,"Census Tract 120.02, Erie County, Pennsylvania",2021,42292.0,20.1,6.2,13.7,18.1,2976,46.2,94.2,0.0,3.6,0.0,2.2,2804,0,107,0,65,2976,28.6
42049012100,049,Erie County,012100,"Census Tract 121, Erie County, Pennsylvania",2021,67955.0,9.9,10.4,24.2,3.3,6950,47.5,94.3,0.1,3.7,0.5,1.4,6553,6,260,34,97,6950,11.7
42049012201,049,Erie County,012201,"Census Tract 122.01, Erie County, Pennsylvania",2021,75673.0,9.6,22.7,38.8,6.8,5855,43.6,94.5,1.2,3.1,0.0,1.2,5533,70,180,0,72,5855,15.8
42049012202,049,Erie County,012202,"Census Tract 122.02, Erie County, Pennsylvania",2021,36695.0,24.7,41.4,37.1,5.5,5097,27.0,95.3,1.3,0.9,1.3,1.2,4855,65,45,65,67,5097,10.2
42049012400,049,Erie County,012400,"Census Tract 124, Erie County, Pennsylvania",2021,63424.0,11.6,21.6,14.4,10.9,1469,48.8,85.4,1.8,1.0,0.9,10.9,1255,27,14,13,160,1469,15.4
42053530100,053,Forest County,530100,"Census Tract 5301, Forest County, Pennsylvania",2021,41563.0,15.7,7.1,3.9,5.1,4518,38.6,58.3,28.0,6.6,2.2,4.9,2633,1263,296,101,225,4518,20.0
42053530200,053,Forest County,530200,"Census Tract 5302, Forest County, Pennsylvania",2021,47250.0,17.4,10.9,7.6,4.5,2603,59.4,95.7,0.0,3.2,0.7,0.4,2492,0,84,19,8,2603,13.9
42065950100,065,Jefferson County,950100,"Census Tract 9501, Jefferson County, Pennsylvania",2021,45543.0,17.5,11.2,6.0,8.4,2100,48.3,95.5,0.0,0.0,0.0,4.5,2006,0,0,0,94,2100,18.0
42065950200,065,Jefferson County,950200,"Census Tract 9502, Jefferson County, Pennsylvania",2021,61324.0,13.8,7.8,12.3,4.3,3163,43.7,97.4,1.2,0.4,0.0,1.0,3080,37,14,0,32,3163,10.5
42065950300,065,Jefferson County,950300,"Census Tract 9503, Jefferson County, Pennsylvania",2021,56544.0,11.5,9.4,15.1,5.6,5333,49.3,97.6,0.4,0.4,0.2,1.4,5206,21,19,13,74,5333,11.9
42065950400,065,Jefferson County,950400,"Census Tract 9504, Jefferson County, Pennsylvania",2021,55929.0,14.0,10.5,5.6,5.3,1810,36.9,95.6,0.4,0.1,0.0,3.9,1730,7,2,0,71,1810,12.8
42065950500,065,Jefferson County,950500,"Census Tract 9505, Jefferson County, Pennsylvania",2021,56544.0,14.6,23.3,18.0,6.8,2172,39.1,91.6,0.3,6.9,0.0,1.2,1989,7,150,0,26,2172,23.2
42065950600,065,Jefferson County,950600,"Census Tract 9506, Jefferson County, Pennsylvania",2021,60762.0,9.9,10.0,18.3,4.2,5649,43.6,96.6,0.7,1.2,0.0,1.5,5459,37,65,0,88,5649,12.4
42065950700,065,Jefferson County,950700,"Census Tract 9507, Jefferson County, Pennsylvania",2021,40809.0,18.1,6.7,24.8,10.8,2568,37.4,94.5,1.6,0.9,0.9,2.1,2428,42,23,22,53,2568,27.2
42065950800,065,Jefferson County,950800,"Census Tract 9508, Jefferson County, Pennsylvania",2021,53365.0,12.7,9.7,5.8,5.4,3508,48.2,96.9,0.0,0.2,0.0,2.9,3399,0,8,0,101,3508,14.3
42065950900,065,Jefferson County,950900,"Census Tract 9509, Jefferson County, Pennsylvania",2021,61389.0,12.2,11.6,12.3,4.1,4273,46.2,96.4,0.0,1.3,0.1,2.2,4120,0,57,5,91,4273,10.4
42065951000,065,Jefferson County,951000,"Census Tract 9510, Jefferson County, Pennsylvania",2021,52063.0,18.4,7.4,8.3,17.4,4414,32.9,96.9,0.3,0.8,0.0,2.0,4275,12,34,0,93,4414,9.2
42065951100,065,Jefferson County,951100,"Census Tract 9511, Jefferson County, Pennsylvania",2021,52861.0,8.3,13.5,12.0,3.9,3708,48.7,97.6,0.3,0.4,0.0,1.7,3619,11,16,0,62,3708,10.6
42065951200,065,Jefferson County,951200,"Census Tract 9512, Jefferson County, Pennsylvania",2021,38642.0,30.0,10.2,20.5,11.5,3527,40.5,97.7,0.3,1.0,0.9,0.1,3447,12,35,30,3,3527,31.7
42065951300,065,Jefferson County,951300,"Census Tract 9513, Jefferson County, Pennsylvania",2021,41209.0,14.6,14.3,17.6,15.4,2266,56.6,95.9,0.2,0.7,2.1,1.1,2173,4,16,48,25,2266,15.3
42083420100,083,McKean County,420100,"Census Tract 4201, McKean County, Pennsylvania",2021,67589.0,5.7,19.6,30.1,4.1,3312,47.3,95.3,0.0,0.9,2.1,1.7,3157,0,30,71,54,3312,8.2
42083420200,083,McKean County,420200,"Census Tract 4202, McKean County, Pennsylvania",2021,21600.0,38.5,9.1,31.9,35.9,2963,36.4,89.8,0.1,2.5,0.0,7.6,2660,3,73,0,227,2963,48.8
42083420300,083,McKean County,420300,"Census Tract 4203, McKean County, Pennsylvania",2021,42005.0,26.8,12.4,16.8,13.5,2354,37.2,95.9,1.3,1.1,0.0,1.7,2257,30,26,0,41,2354,33.4
42083420400,083,McKean County,420400,"Census Tract 4204, McKean County, Pennsylvania",2021,47664.0,17.9,14.6,17.5,9.0,2596,45.6,90.9,0.5,5.3,0.8,2.5,2359,14,137,20,66,2596,10.5
42083420500,083,McKean County,420500,"Census Tract 4205, McKean County, Pennsylvania",2021,57917.0,10.4,14.0,0.0,2.2,2858,47.2,98.9,0.0,0.7,0.0,0.4,2827,0,19,0,12,2858,18.7
42083420600,083,McKean County,420600,"Census Tract 4206, McKean County, Pennsylvania",2021,52943.0,13.3,9.8,14.4,3.2,5126,49.2,98.9,0.2,0.4,0.2,0.3,5068,9,18,9,22,5126,11.7
42083420700,083,McKean County,420700,"Census Tract 4207, McKean County, Pennsylvania",2021,60111.0,15.6,11.7,25.4,4.2,4336,42.1,93.9,0.5,1.6,0.3,3.7,4070,22,71,15,158,4336,18.9
42083420800,083,McKean County,420800,"Census Tract 4208, McKean County, Pennsylvania",2021,58500.0,12.6,11.2,8.0,5.4,3803,45.9,96.4,0.5,1.8,0.1,1.2,3667,20,68,3,45,3803,11.2
42083420900,083,McKean County,420900,"Census Tract 4209, McKean County, Pennsylvania",2021,49638.0,8.9,13.1,12.5,6.0,1867,48.4,91.3,0.0,0.0,0.0,8.7,1704,0,0,0,163,1867,16.6
42083421000,083,McKean County,421000,"Census Tract 4210, McKean County, Pennsylvania",2021,63648.0,10.0,12.2,30.2,5.1,5591,36.8,77.0,13.7,6.7,0.4,2.2,4307,764,377,21,122,5591,10.2
42083421100,083,McKean County,421100,"Census Tract 4211, McKean County, Pennsylvania",2021,41897.0,14.7,9.6,2.6,7.7,3498,46.6,97.1,0.1,1.2,0.0,1.6,3395,3,42,0,58,3498,22.4
42083421200,083,McKean County,421200,"Census Tract 4212, McKean County, Pennsylvania",2021,57554.0,6.7,17.3,4.2,3.6,2348,42.3,93.4,2.1,3.2,0.7,0.6,2193,49,74,17,15,2348,6.7
42121200000,121,Venango County,200000,"Census Tract 2000, Venango County, Pennsylvania",2021,55706.0,13.3,11.4,16.3,2.3,3064,49.6,97.7,0.2,0.6,0.7,0.8,2993,5,19,20,27,3064,10.7
42121200100,121,Venango County,200100,"Census Tract 2001, Venango County, Pennsylvania",2021,57558.0,11.6,11.0,28.6,2.3,3706,47.9,95.8,0.0,1.3,0.6,2.3,3552,0,49,22,83,3706,17.1
42121200201,121,Venango County,200201,"Census Tract 2002.01, Venango County, Pennsylvania",2021,62724.0,14.9,12.0,22.2,5.3,3418,51.3,96.5,0.5,0.7,0.1,2.2,3297,17,23,4,77,3418,12.8
42121200202,121,Venango County,200202,"Census Tract 2002.02, Venango County, Pennsylvania",2021,82128.0,1.7,21.9,16.5,2.8,2073,53.1,91.4,2.6,1.2,0.8,4.0,1894,54,25,16,84,2073,4.6
42121200300,121,Venango County,200300,"Census Tract 2003, Venango County, Pennsylvania",2021,39265.0,30.2,7.8,30.1,10.7,1543,45.3,93.0,3.4,0.5,0.0,3.1,1435,53,7,0,48,1543,28.4
42121200400,121,Venango County,200400,"Census Tract 2004, Venango County, Pennsylvania",2021,60423.0,12.3,18.8,13.7,15.4,2264,46.4,91.7,3.8,1.1,0.7,2.7,2076,85,25,15,63,2264,26.9
42121200500,121,Venango County,200500,"Census Tract 2005, Venango County, Pennsylvania",2021,52917.0,11.5,10.9,16.1,6.2,2321,43.5,87.4,6.0,0.7,1.0,4.9,2029,139,16,23,114,2321,14.2
42121200600,121,Venango County,200600,"Census Tract 2006, Venango County, Pennsylvania",2021,53026.0,10.5,8.9,17.7,4.3,4864,55.6,98.6,0.3,0.6,0.0,0.5,4798,15,28,0,23,4864,14.6
42121200700,121,Venango County,200700,"Census Tract 2007, Venango County, Pennsylvania",2021,30366.0,25.0,7.0,11.1,27.5,1783,40.0,91.5,3.1,3.8,0.0,1.6,1631,55,67,0,30,1783,51.1
42121200800,121,Venango County,200800,"Census Tract 2008, Venango County, Pennsylvania",2021,51098.0,18.7,24.0,15.1,5.1,2562,41.9,93.8,0.7,3.0,0.5,2.0,2403,17,78,12,52,2562,16.2
42121200900,121,Venango County,200900,"Census Tract 2009, Venango County, Pennsylvania",2021,44563.0,13.5,13.8,22.5,12.1,2286,36.8,92.4,1.4,2.3,0.0,3.9,2113,32,52,0,89,2286,31.7
42121201000,121,Venango County,201000,"Census Tract 2010, Venango County, Pennsylvania",2021,55919.0,12.2,15.2,9.0,9.1,3054,43.7,97.3,0.3,0.1,0.0,2.3,2973,10,4,0,67,3054,27.2
42121201100,121,Venango County,201100,"Census Tract 2011, Venango County, Pennsylvania",2021,65174.0,12.3,11.8,12.2,1.8,4511,48.6,94.7,0.9,0.4,0.1,3.9,4271,41,16,5,178,4511,14.6
42121201200,121,Venango County,201200,"Census Tract 2012, Venango County, Pennsylvania",2021,55000.0,10.6,12.1,14.4,4.7,2939,50.3,95.2,0.3,1.2,0.9,2.4,2798,9,34,27,71,2939,16.5
42121201300,121,Venango County,201300,"Census Tract 2013, Venango County, Pennsylvania",2021,62074.0,12.8,16.7,20.3,9.2,3394,49.3,94.1,0.4,1.9,0.4,3.2,3193,12,66,12,111,3394,20.8
42121201400,121,Venango County,201400,"Census Tract 2014, Venango County, Pennsylvania",2021,60881.0,11.3,9.5,1.9,7.8,3825,44.7,95.4,0.1,1.0,0.8,2.7,3650,3,37,29,106,3825,11.7
42121201500,121,Venango County,201500,"Census Tract 2015, Venango County, Pennsylvania",2021,54702.0,9.5,12.2,17.4,7.3,3203,51.4,96.3,0.2,0.5,1.0,2.0,3086,8,17,31,61,3203,12.4
42123970100,123,Warren County,970100,"Census Tract 9701, Warren County, Pennsylvania",2021,60509.0,16.2,8.8,8.9,2.7,2229,45.4,98.6,0.0,0.5,0.0,0.9,2198,0,12,0,19,2229,11.5
42123970200,123,Warren County,970200,"Census Tract 9702, Warren County, Pennsylvania",2021,82965.0,9.7,15.9,9.2,4.6,4025,47.8,93.3,0.4,1.3,0.5,4.5,3754,15,51,22,183,4025,6.1
42123970300,123,Warren County,970300,"Census Tract 9703, Warren County, Pennsylvania",2021,57393.0,12.5,7.8,14.9,5.6,5335,42.6,91.9,0.1,1.0,0.3,6.7,4901,8,56,16,354,5335,7.7
42123970400,123,Warren County,970400,"Census Tract 9704, Warren County, Pennsylvania",2021,58571.0,10.5,9.8,7.1,1.8,2680,49.0,94.8,0.5,0.9,0.8,3.0,2540,14,25,22,79,2680,9.6
42123970500,123,Warren County,970500,"Census Tract 9705, Warren County, Pennsylvania",2021,47895.0,12.8,12.9,17.6,10.9,3423,46.1,97.3,0.5,1.3,0.0,0.9,3329,18,44,0,32,3423,14.3
42123970600,123,Warren County,970600,"Census Tract 9706, Warren County, Pennsylvania",2021,48414.0,18.1,16.1,16.0,3.8,3408,47.7,96.8,0.2,1.3,0.0,1.7,3298,7,46,0,57,3408,15.0
42123970700,123,Warren County,970700,"Census Tract 9707, Warren County, Pennsylvania",2021,67429.0,8.2,22.2,11.8,0.0,2928,45.5,97.8,0.0,1.5,0.0,0.7,2864,0,44,0,20,2928,5.2
42123970800,123,Warren County,970800,"Census Tract 9708, Warren County, Pennsylvania",2021,39615.0,12.7,9.9,17.7,14.6,2868,48.4,92.5,3.1,1.0,1.3,2.1,2654,90,29,36,59,2868,21.4
42123970900,123,Warren County,970900,"Census Tract 9709, Warren County, Pennsylvania",2021,39333.0,17.0,10.7,10.9,9.7,3567,40.9,94.8,1.7,0.4,0.2,2.9,3380,62,16,8,101,3567,25.1
42123971000,123,Warren County,971000,"Census Tract 9710, Warren County, Pennsylvania",2021,71765.0,2.8,17.3,8.7,10.9,2149,57.1,98.8,0.2,0.4,0.5,0.1,2124,5,8,10,2,2149,3.4
42123971100,123,Warren County,971100,"Census Tract 9711, Warren County, Pennsylvania",2021,66220.0,4.6,12.7,3.6,0.5,2751,54.5,97.1,0.0,0.9,1.1,0.9,2671,0,25,30,25,2751,9.0
42123971200,123,Warren County,971200,"Census Tract 9712, Warren County, Pennsylvania",2021,52091.0,6.0,10.2,20.7,4.5,1723,50.2,95.7,0.7,3.0,0.2,0.4,1649,12,52,3,7,1723,12.3
42123971400,123,Warren County,971400,"Census Tract 9714, Warren County, Pennsylvania",2021,41094.0,11.2,8.1,7.2,8.4,1705,54.1,94.1,0.5,2.7,0.0,2.7,1604,8,46,0,47,1705,20.1
42023960100,023,Cameron County,960100,Census Tract 9601; Cameron County; Pennsylvania,2022,34387.0,19.5,6.5,17.4,16.0,1988,46.9,88.6,0.0,2.9,0.0,8.5,1761,0,57,0,170,1988,32.6
42023960200,023,Cameron County,960200,Census Tract 9602; Cameron County; Pennsylvania,2022,56172.0,11.5,10.4,14.8,5.1,2548,56.3,97.8,0.1,1.3,0.2,0.6,2492,2,34,4,16,2548,18.2
42031160101,031,Clarion County,160101,Census Tract 1601.01; Clarion County; Pennsylvania,2022,76528.0,7.8,11.7,9.1,3.0,1687,50.7,99.3,0.0,0.5,0.0,0.2,1675,0,8,0,4,1687,7.4
42031160103,031,Clarion County,160103,Census Tract 1601.03; Clarion County; Pennsylvania,2022,55303.0,25.3,22.7,36.7,10.7,3191,24.3,89.9,5.2,1.9,0.0,3.0,2869,166,60,0,96,3191,20.8
42031160104,031,Clarion County,160104,Census Tract 1601.04; Clarion County; Pennsylvania,2022,52443.0,11.4,16.0,14.6,3.3,1537,47.9,98.4,0.1,0.0,0.0,1.5,1513,2,0,0,22,1537,11.5
42031160201,031,Clarion County,160201,Census Tract 1602.01; Clarion County; Pennsylvania,2022,62813.0,14.9,10.0,7.0,9.6,1636,47.0,99.4,0.0,0.0,0.0,0.6,1627,0,0,0,9,1636,7.2
42031160202,031,Clarion County,160202,Census Tract 1602.02; Clarion County; Pennsylvania,2022,82344.0,4.0,19.8,4.1,1.4,1703,46.6,91.7,0.3,0.0,0.0,8.0,1561,5,0,0,137,1703,4.8
42031160300,031,Clarion County,160300,Census Tract 1603; Clarion County; Pennsylvania,2022,60833.0,11.0,15.4,7.1,4.0,4889,43.6,96.0,0.6,0.7,0.2,2.5,4695,28,36,12,118,4889,13.0
42031160400,031,Clarion County,160400,Census Tract 1604; Clarion County; Pennsylvania,2022,53879.0,12.3,11.9,15.1,7.3,3714,42.6,96.9,0.0,0.2,0.7,2.2,3600,0,7,25,82,3714,21.3
42031160500,031,Clarion County,160500,Census Tract 1605; Clarion County; Pennsylvania,2022,56429.0,11.4,10.2,17.9,8.4,3612,48.0,96.6,0.1,0.6,0.0,2.7,3490,2,22,0,98,3612,16.5
42031160600,031,Clarion County,160600,Census Tract 1606; Clarion County; Pennsylvania,2022,43178.0,20.3,25.9,30.7,10.9,4205,25.0,87.0,7.0,4.2,1.5,0.3,3659,294,175,61,16,4205,27.3
42031160701,031,Clarion County,160701,Census Tract 1607.01; Clarion County; Pennsylvania,2022,59276.0,10.1,12.6,7.4,5.3,2143,48.2,94.0,0.2,2.6,1.9,1.3,2014,5,56,40,28,2143,21.0
42031160702,031,Clarion County,160702,Census Tract 1607.02; Clarion County; Pennsylvania,2022,54550.0,18.3,7.4,29.8,8.4,2049,44.2,94.7,1.6,0.1,0.3,3.3,1941,33,2,7,66,2049,22.5
42031160800,031,Clarion County,160800,Census Tract 1608; Clarion County; Pennsylvania,2022,57891.0,17.0,12.1,22.8,6.6,3594,48.2,94.8,1.3,1.5,0.6,1.8,3407,47,54,23,63,3594,13.0
42031160900,031,Clarion County,160900,Census Tract 1609; Clarion County; Pennsylvania,2022,65645.0,9.1,11.8,10.9,4.4,3529,43.3,98.9,0.3,0.0,0.1,0.7,3490,10,1,5,23,3529,13.1
42033330100,033,Clearfield County,330100,Census Tract 3301; Clearfield County; Pennsylvania,2022,55706.0,15.7,15.3,46.1,15.0,5285,49.8,94.2,0.2,4.1,0.5,1.0,4979,9,215,27,55,5285,22.5
42033330200,033,Clearfield County,330200,Census Tract 3302; Clearfield County; Pennsylvania,2022,56843.0,9.2,18.8,6.6,6.1,2857,38.1,97.4,0.6,1.5,0.2,0.3,2783,16,44,7,7,2857,15.6
42033330300,033,Clearfield County,330300,Census Tract 3303; Clearfield County; Pennsylvania,2022,54031.0,9.9,20.5,16.4,13.1,4652,37.6,94.8,1.4,2.2,0.5,1.1,4410,65,103,23,51,4652,19.3
42033330400,033,Clearfield County,330400,Census Tract 3304; Clearfield County; Pennsylvania,2022,98224.0,5.9,24.6,0.0,0.6,6514,46.5,95.1,0.0,4.0,0.9,0.0,6193,1,261,59,0,6514,12.6
42033330500,033,Clearfield County,330500,Census Tract 3305; Clearfield County; Pennsylvania,2022,58958.0,9.8,9.8,11.4,7.7,4323,46.6,95.3,0.0,1.4,0.9,2.4,4121,1,59,38,104,4323,16.7
42033330600,033,Clearfield County,330600,Census Tract 3306; Clearfield County; Pennsylvania,2022,49659.0,20.5,7.0,11.0,5.9,3343,49.8,98.6,0.1,0.8,0.2,0.3,3296,5,28,6,8,3343,26.3
42033330700,033,Clearfield County,330700,Census Tract 3307; Clearfield County; Pennsylvania,2022,54036.0,14.4,6.9,10.8,5.5,2198,48.4,92.9,2.7,2.3,1.0,1.1,2041,59,50,23,25,2198,19.5
42033330800,033,Clearfield County,330800,Census Tract 3308; Clearfield County; Pennsylvania,2022,61019.0,13.2,10.2,19.8,4.1,6891,45.9,95.7,0.0,2.2,0.0,2.1,6595,0,154,0,142,6891,13.7
42033330900,033,Clearfield County,330900,Census Tract 3309; Clearfield County; Pennsylvania,2022,50000.0,21.7,6.6,4.8,8.2,5818,50.4,79.8,6.8,10.4,1.1,1.9,4643,397,605,65,108,5818,25.0
42033331000,033,Clearfield County,331000,Census Tract 3310; Clearfield County; Pennsylvania,2022,58106.0,13.6,10.7,14.5,3.1,4934,46.9,95.4,0.6,1.1,0.1,2.8,4708,30,56,3,137,4934,20.8
42033331100,033,Clearfield County,331100,Census Tract 3311; Clearfield County; Pennsylvania,2022,44756.0,17.5,9.9,22.0,24.1,3012,38.9,95.5,0.1,0.0,1.7,2.7,2876,3,1,51,81,3012,31.0
42033331200,033,Clearfield County,331200,Census Tract 3312; Clearfield County; Pennsylvania,2022,53676.0,19.1,23.2,22.0,5.5,2925,36.4,92.9,2.2,2.0,0.8,2.1,2716,64,58,23,64,2925,27.7
42033331300,033,Clearfield County,331300,Census Tract 3313; Clearfield County; Pennsylvania,2022,59077.0,15.7,15.0,24.3,10.1,4163,41.2,96.8,1.2,1.2,0.4,0.4,4028,48,48,18,21,4163,27.5
42033331401,033,Clearfield County,331401,Census Tract 3314.01; Clearfield County; Pennsylvania,2022,66131.0,14.9,14.7,48.4,3.8,3340,47.3,96.9,0.0,2.3,0.2,0.6,3235,0,76,8,21,3340,14.3
42033331402,033,Clearfield County,331402,Census Tract 3314.02; Clearfield County; Pennsylvania,2022,52240.0,12.1,16.5,16.1,4.1,3536,41.3,93.3,0.6,0.7,0.2,5.2,3299,21,26,8,182,3536,21.4
42033331500,033,Clearfield County,331500,Census Tract 3315; Clearfield County; Pennsylvania,2022,52407.0,14.7,8.4,2.3,4.0,1846,46.2,95.0,0.0,3.4,0.0,1.6,1754,0,63,0,29,1846,17.9
42033331600,033,Clearfield County,331600,Census Tract 3316; Clearfield County; Pennsylvania,2022,48345.0,16.0,8.0,15.3,7.5,2376,50.7,90.5,0.4,0.1,1.8,7.2,2150,10,2,43,171,2376,22.2
42033331700,033,Clearfield County,331700,Census Tract 3317; Clearfield County; Pennsylvania,2022,61827.0,11.1,7.6,9.4,6.6,6896,44.4,76.5,13.2,5.5,0.4,4.4,5273,913,379,26,305,6896,17.7
42033331800,033,Clearfield County,331800,Census Tract 3318; Clearfield County; Pennsylvania,2022,49574.0,16.4,9.9,30.0,5.2,2582,47.2,91.8,0.8,1.6,0.0,5.8,2371,20,42,0,149,2582,18.3
42033331900,033,Clearfield County,331900,Census Tract 3319; Clearfield County; Pennsylvania,2022,51071.0,13.9,8.3,7.2,10.5,2216,43.5,96.3,0.1,2.0,0.0,1.6,2135,3,44,1,33,2216,24.1
42039110100,039,Crawford County,110100,Census Tract 1101; Crawford County; Pennsylvania,2022,53487.0,22.6,7.9,19.8,19.0,6246,34.3,96.3,0.2,1.0,0.2,2.3,6016,13,65,14,138,6246,17.3
42039110201,039,Crawford County,110201,Census Tract 1102.01; Crawford County; Pennsylvania,2022,69832.0,5.5,16.1,3.6,2.8,3667,46.7,95.5,0.7,1.4,0.0,2.4,3501,26,51,0,89,3667,9.7
42039110202,039,Crawford County,110202,Census Tract 1102.02; Crawford County; Pennsylvania,2022,65708.0,15.3,12.8,8.7,10.2,4352,39.2,90.8,3.3,3.3,0.6,2.0,3950,145,143,28,86,4352,17.0
42039110300,039,Crawford County,110300,Census Tract 1103; Crawford County; Pennsylvania,2022,56707.0,16.1,8.5,25.9,8.4,4495,46.3,95.8,1.1,1.7,0.0,1.4,4306,51,76,1,61,4495,19.6
42039110400,039,Crawford County,110400,Census Tract 1104; Crawford County; Pennsylvania,2022,51078.0,12.5,12.1,19.4,6.9,2536,48.0,94.1,0.0,3.1,0.0,2.8,2387,0,78,1,70,2536,14.9
42039110501,039,Crawford County,110501,Census Tract 1105.01; Crawford County; Pennsylvania,2022,66985.0,6.4,12.0,18.7,4.1,2071,35.1,95.7,0.0,3.0,0.4,0.9,1981,0,62,8,20,2071,15.5
42039110502,039,Crawford County,110502,Census Tract 1105.02; Crawford County; Pennsylvania,2022,59630.0,11.5,18.4,19.0,4.7,2815,52.2,96.1,0.0,1.4,0.4,2.1,2706,0,39,12,58,2815,8.6
42039110600,039,Crawford County,110600,Census Tract 1106; Crawford County; Pennsylvania,2022,70121.0,4.1,11.3,0.0,5.1,2791,48.5,94.2,0.0,1.1,0.0,4.7,2629,0,31,1,130,2791,8.4
42039110700,039,Crawford County,110700,Census Tract 1107; Crawford County; Pennsylvania,2022,63958.0,9.0,15.7,2.9,5.6,3859,41.5,93.8,1.4,1.8,0.8,2.2,3621,55,70,32,81,3859,13.2
42039110800,039,Crawford County,110800,Census Tract 1108; Crawford County; Pennsylvania,2022,69643.0,11.5,14.0,10.0,5.2,4851,43.8,94.7,0.9,1.2,0.1,3.1,4592,44,58,6,151,4851,10.7
42039110900,039,Crawford County,110900,Census Tract 1109; Crawford County; Pennsylvania,2022,63897.0,11.8,9.9,16.2,1.6,2840,49.4,90.7,1.7,1.2,0.3,6.1,2575,49,35,9,172,2840,15.2
42039111000,039,Crawford County,111000,Census Tract 1110; Crawford County; Pennsylvania,2022,52692.0,15.3,7.2,6.7,7.4,2388,47.3,97.5,0.0,0.9,0.2,1.4,2328,0,22,4,34,2388,16.0
42039111100,039,Crawford County,111100,Census Tract 1111; Crawford County; Pennsylvania,2022,25164.0,26.3,5.9,14.9,24.8,2842,48.6,91.1,3.2,1.3,1.3,3.1,2590,91,38,38,85,2842,34.9
42039111200,039,Crawford County,111200,Census Tract 1112; Crawford County; Pennsylvania,2022,46619.0,20.6,11.6,25.7,16.9,2420,37.0,98.3,0.0,0.0,0.8,0.9,2379,0,0,20,21,2420,28.2
42039111300,039,Crawford County,111300,Census Tract 1113; Crawford County; Pennsylvania,2022,66475.0,7.9,13.3,9.0,3.7,5334,45.1,95.7,0.2,0.7,0.2,3.2,5104,10,35,13,172,5334,10.8
42039111400,039,Crawford County,111400,Census Tract 1114; Crawford County; Pennsylvania,2022,77042.0,8.6,22.2,7.8,4.3,4690,42.4,97.0,0.0,0.9,0.0,2.1,4548,0,44,0,98,4690,18.9
42039111500,039,Crawford County,111500,Census Tract 1115; Crawford County; Pennsylvania,2022,49634.0,20.1,15.8,25.2,19.2,5299,36.6,86.1,6.5,0.8,0.8,5.8,4562,347,45,44,301,5299,26.7
42039111600,039,Crawford County,111600,Census Tract 1116; Crawford County; Pennsylvania,2022,35017.0,24.8,11.8,17.6,28.8,3488,39.8,92.2,2.2,2.7,0.2,2.7,3215,78,95,6,94,3488,46.9
42039111700,039,Crawford County,111700,Census Tract 1117; Crawford County; Pennsylvania,2022,56538.0,6.9,22.9,14.9,10.8,4478,28.7,84.2,5.9,3.1,2.0,4.8,3772,264,140,91,211,4478,7.6
42039111800,039,Crawford County,111800,Census Tract 1118; Crawford County; Pennsylvania,2022,70615.0,1.4,13.4,9.1,3.0,5317,52.9,93.5,1.0,0.7,2.6,2.2,4974,53,36,139,115,5317,13.6
42039111900,039,Crawford County,111900,Census Tract 1119; Crawford County; Pennsylvania,2022,62957.0,13.2,6.2,15.5,16.6,3370,37.3,96.6,0.2,0.3,0.2,2.7,3255,6,9,6,94,3370,12.5
42039112001,039,Crawford County,112001,Census Tract 1120.01; Crawford County; Pennsylvania,2022,65000.0,8.5,8.5,9.0,3.0,2421,55.4,95.7,0.0,2.2,0.4,1.7,2316,0,53,9,43,2421,16.5
42039112002,039,Crawford County,112002,Census Tract 1120.02; Crawford County; Pennsylvania,2022,49342.0,10.2,8.0,16.9,3.7,1306,59.8,96.9,0.0,1.9,0.0,1.2,1266,0,25,0,15,1306,16.6
42047950100,047,Elk County,950100,Census Tract 9501; Elk County; Pennsylvania,2022,54224.0,12.9,11.7,15.0,2.5,1557,47.2,94.3,0.0,0.2,0.8,4.7,1469,0,3,12,73,1557,9.9
42047950200,047,Elk County,950200,Census Tract 9502; Elk County; Pennsylvania,2022,61556.0,7.2,9.2,9.0,2.4,2929,51.6,98.5,0.0,0.8,0.1,0.6,2884,0,22,3,20,2929,8.9
42047950400,047,Elk County,950400,Census Tract 9504; Elk County; Pennsylvania,2022,50658.0,13.5,17.1,29.0,12.4,4014,41.9,95.4,0.2,0.4,0.0,4.0,3831,7,16,0,160,4014,25.7
42047950500,047,Elk County,950500,Census Tract 9505; Elk County; Pennsylvania,2022,55048.0,9.9,12.5,4.0,6.3,2293,44.1,97.3,0.0,2.0,0.0,0.7,2232,0,46,0,15,2293,15.4
42047950900,047,Elk County,950900,Census Tract 9509; Elk County; Pennsylvania,2022,65033.0,10.0,8.8,7.4,3.9,2475,46.3,96.4,0.0,0.0,0.0,3.6,2386,0,0,0,89,2475,11.6
42047951000,047,Elk County,951000,Census Tract 9510; Elk County; Pennsylvania,2022,74861.0,4.0,9.8,5.1,1.8,4927,47.4,97.8,0.9,0.0,1.2,0.1,4820,44,0,59,4,4927,9.9
42047951100,047,Elk County,951100,Census Tract 9511; Elk County; Pennsylvania,2022,59301.0,12.2,14.6,18.3,10.9,5360,53.6,94.1,0.4,2.3,0.8,2.4,5044,23,121,43,129,5360,20.7
42047951200,047,Elk County,951200,Census Tract 9512; Elk County; Pennsylvania,2022,60139.0,7.1,13.3,20.0,6.6,2018,50.1,97.0,0.0,0.0,0.5,2.5,1957,0,0,11,50,2018,11.6
42047951300,047,Elk County,951300,Census Tract 9513; Elk County; Pennsylvania,2022,66855.0,6.6,13.9,20.1,5.6,5313,45.9,92.3,2.7,1.0,0.0,4.0,4904,146,51,0,212,5313,11.7
42049000100,049,Erie County,000100,Census Tract 1; Erie County; Pennsylvania,2022,14648.0,58.4,14.0,14.7,65.2,1365,57.8,71.2,17.2,8.2,0.4,3.0,972,235,112,6,40,1365,66.6
42049000200,049,Erie County,000200,Census Tract 2; Erie County; Pennsylvania,2022,68884.0,9.3,23.4,31.9,11.2,3518,54.8,87.3,1.3,4.3,3.9,3.2,3070,46,151,137,114,3518,9.3
42049000300,049,Erie County,000300,Census Tract 3; Erie County; Pennsylvania,2022,38205.0,31.2,11.4,22.8,22.0,3674,27.3,64.4,11.4,5.3,3.2,15.7,2367,417,195,117,578,3674,35.1
42049000400,049,Erie County,000400,Census Tract 4; Erie County; Pennsylvania,2022,43580.0,31.1,17.3,15.6,17.9,1984,41.6,50.7,18.8,11.3,3.7,15.5,1005,373,225,74,307,1984,44.7
42049000500,049,Erie County,000500,Census Tract 5; Erie County; Pennsylvania,2022,33154.0,33.3,11.2,31.5,19.0,3239,32.5,49.5,35.1,12.7,0.6,2.1,1602,1136,412,20,69,3239,41.7
42049000600,049,Erie County,000600,Census Tract 6; Erie County; Pennsylvania,2022,42568.0,31.9,15.3,33.2,14.0,3316,29.7,50.3,17.7,24.4,3.3,4.3,1669,588,808,108,143,3316,31.8
42049000700,049,Erie County,000700,Census Tract 7; Erie County; Pennsylvania,2022,34840.0,32.2,13.7,29.7,30.0,2236,40.4,57.0,25.4,15.2,0.0,2.4,1274,569,339,0,54,2236,45.9
42049000800,049,Erie County,000800,Census Tract 8; Erie County; Pennsylvania,2022,23735.0,42.4,10.1,35.9,28.4,2192,33.1,41.8,36.5,10.5,3.9,7.3,916,800,231,85,160,2192,59.5
42049000901,049,Erie County,000901,Census Tract 9.01; Erie County; Pennsylvania,2022,21553.0,14.4,12.0,43.0,21.8,2316,31.2,71.9,16.4,11.0,0.6,0.1,1666,380,255,15,0,2316,18.9
42049000902,049,Erie County,000902,Census Tract 9.02; Erie County; Pennsylvania,2022,19208.0,57.0,22.5,40.3,39.3,2283,22.6,74.8,7.6,6.1,5.0,6.5,1707,174,139,114,149,2283,34.5
42049001000,049,Erie County,001000,Census Tract 10; Erie County; Pennsylvania,2022,38023.0,25.5,26.2,17.6,22.0,3127,30.4,67.9,13.4,7.0,2.3,9.4,2124,418,220,71,294,3127,32.3
42049001100,049,Erie County,001100,Census Tract 11; Erie County; Pennsylvania,2022,50526.0,19.1,12.5,16.1,11.6,2909,35.2,63.7,2.2,22.2,0.2,11.7,1853,65,647,6,338,2909,32.8
42049001200,049,Erie County,001200,Census Tract 12; Erie County; Pennsylvania,2022,24172.0,44.6,8.3,42.9,30.5,2561,36.0,49.6,26.3,2.7,0.9,20.5,1271,673,70,24,523,2561,46.8
42049001300,049,Erie County,001300,Census Tract 13; Erie County; Pennsylvania,2022,22439.0,53.9,5.8,50.1,33.7,1805,22.4,38.4,40.5,18.2,0.0,2.9,694,731,329,0,51,1805,69.3
42049001400,049,Erie County,001400,Census Tract 14; Erie County; Pennsylvania,2022,16927.0,66.8,4.9,39.1,51.8,2349,34.2,49.0,35.0,3.9,9.3,2.8,1152,823,91,219,64,2349,56.7
42049001500,049,Erie County,001500,Census Tract 15; Erie County; Pennsylvania,2022,24697.0,40.7,12.8,10.7,45.8,3128,22.7,16.2,56.4,18.8,2.4,6.2,506,1764,589,75,194,3128,64.6
42049001600,049,Erie County,001600,Census Tract 16; Erie County; Pennsylvania,2022,43101.0,27.1,9.3,29.6,7.4,4084,43.0,64.4,14.9,10.7,6.1,3.9,2631,607,437,248,161,4084,17.4
42049001700,049,Erie County,001700,Census Tract 17; Erie County; Pennsylvania,2022,45525.0,20.6,3.5,30.1,19.7,2651,30.8,54.5,19.2,9.4,5.4,11.5,1446,510,249,144,302,2651,53.8
42049001800,049,Erie County,001800,Census Tract 18; Erie County; Pennsylvania,2022,29351.0,27.3,8.6,41.7,27.4,1991,31.6,34.8,45.3,12.2,0.0,7.7,693,902,242,0,154,1991,64.1
42049001900,049,Erie County,001900,Census Tract 19; Erie County; Pennsylvania,2022,22219.0,36.0,7.3,32.2,44.5,1705,56.5,79.5,12.6,7.7,0.0,0.2,1355,215,132,0,3,1705,44.4
42049002000,049,Erie County,002000,Census Tract 20; Erie County; Pennsylvania,2022,50750.0,29.4,11.6,31.8,10.6,3122,32.4,68.2,7.0,12.6,5.2,7.0,2129,217,392,163,221,3122,19.8
42049002100,049,Erie County,002100,Census Tract 21; Erie County; Pennsylvania,2022,63117.0,6.2,22.9,21.4,0.5,3680,42.7,89.5,7.2,1.1,0.0,2.2,3294,264,41,0,81,3680,12.1
42049002200,049,Erie County,002200,Census Tract 22; Erie County; Pennsylvania,2022,74175.0,15.0,16.8,23.8,8.1,3714,37.3,80.6,6.7,2.6,0.1,10.0,2993,249,97,3,372,3714,17.7
42049002300,049,Erie County,002300,Census Tract 23; Erie County; Pennsylvania,2022,37609.0,16.1,8.4,33.1,9.8,2250,37.7,88.5,5.5,0.9,0.0,5.1,1991,124,20,0,115,2250,26.0
42049002400,049,Erie County,002400,Census Tract 24; Erie County; Pennsylvania,2022,52155.0,8.7,19.3,21.4,8.4,2898,34.6,79.9,3.3,7.2,0.0,9.6,2315,96,209,0,278,2898,21.6
42049002500,049,Erie County,002500,Census Tract 25; Erie County; Pennsylvania,2022,36120.0,29.1,21.1,34.9,17.0,2470,31.6,56.3,28.7,6.2,1.9,6.9,1391,710,152,46,171,2470,50.3
42049002600,049,Erie County,002600,Census Tract 26; Erie County; Pennsylvania,2022,48929.0,26.5,11.2,27.7,6.0,4190,38.5,71.7,10.1,8.2,3.2,6.8,3004,425,344,135,282,4190,25.1
42049002700,049,Erie County,002700,Census Tract 27; Erie County; Pennsylvania,2022,52220.0,6.1,11.5,9.2,6.2,6474,39.3,79.8,9.4,8.1,0.1,2.6,5167,606,525,6,170,6474,18.0
42049002800,049,Erie County,002800,Census Tract 28; Erie County; Pennsylvania,2022,56559.0,17.9,26.6,27.9,7.3,6642,29.4,85.7,3.8,1.2,3.2,6.1,5689,255,78,213,407,6642,6.3
42049002900,049,Erie County,002900,Census Tract 29; Erie County; Pennsylvania,2022,85592.0,4.0,28.9,8.5,2.8,2698,49.7,92.7,2.7,1.6,0.7,2.3,2501,74,43,20,60,2698,3.4
42049003000,049,Erie County,003000,Census Tract 30; Erie County; Pennsylvania,2022,54630.0,11.3,18.9,15.1,8.5,4255,35.9,76.9,9.3,2.9,6.6,4.3,3271,397,124,280,183,4255,20.2
42049010101,049,Erie County,010101,Census Tract 101.01; Erie County; Pennsylvania,2022,76028.0,14.3,12.6,18.1,3.1,3096,46.0,94.3,0.5,0.5,0.9,3.8,2919,16,17,27,117,3096,12.5
42049010103,049,Erie County,010103,Census Tract 101.03; Erie County; Pennsylvania,2022,76467.0,10.4,11.3,23.5,2.8,1999,47.5,96.0,0.0,1.2,0.0,2.8,1919,0,24,0,56,1999,11.6
42049010104,049,Erie County,010104,Census Tract 101.04; Erie County; Pennsylvania,2022,76500.0,6.6,18.7,10.6,2.4,2472,45.4,94.0,2.3,2.1,0.3,1.3,2323,58,52,8,31,2472,6.7
42049010107,049,Erie County,010107,Census Tract 101.07; Erie County; Pennsylvania,2022,50156.0,12.7,11.9,20.5,15.8,1320,46.1,94.7,1.1,1.5,1.0,1.7,1250,14,20,13,23,1320,23.2
42049010108,049,Erie County,010108,Census Tract 101.08; Erie County; Pennsylvania,2022,,,2.3,,,2154,41.6,48.3,46.8,4.4,0.0,0.5,1040,1009,94,0,11,2154,
42049010201,049,Erie County,010201,Census Tract 102.01; Erie County; Pennsylvania,2022,72155.0,7.7,17.2,12.7,4.9,5951,42.9,86.3,0.4,9.0,0.1,4.2,5136,25,535,6,249,5951,15.8
42049010202,049,Erie County,010202,Census Tract 102.02; Erie County; Pennsylvania,2022,69775.0,11.1,17.9,28.5,4.1,5275,48.7,97.1,0.0,1.6,0.4,0.9,5120,0,83,23,49,5275,13.3
42049010301,049,Erie County,010301,Census Tract 103.01; Erie County; Pennsylvania,2022,82813.0,8.6,18.6,6.6,6.0,4881,43.3,95.9,0.1,0.0,0.0,4.0,4680,4,0,0,197,4881,11.6
42049010303,049,Erie County,010303,Census Tract 103.03; Erie County; Pennsylvania,2022,95091.0,4.2,25.3,32.5,5.5,5689,41.3,93.2,1.0,4.0,0.7,1.1,5300,56,225,39,69,5689,10.2
42049010304,049,Erie County,010304,Census Tract 103.04; Erie County; Pennsylvania,2022,105000.0,3.0,29.4,31.6,4.8,5404,41.8,93.4,0.2,2.8,0.1,3.5,5050,13,149,7,185,5404,8.0
42049010400,049,Erie County,010400,Census Tract 104; Erie County; Pennsylvania,2022,83444.0,10.4,27.2,27.6,2.1,4852,48.5,95.2,0.2,3.5,0.7,0.4,4617,10,169,36,20,4852,11.6
42049010500,049,Erie County,010500,Census Tract 105; Erie County; Pennsylvania,2022,62552.0,10.8,28.5,46.3,3.5,3853,50.4,96.4,1.3,0.4,1.5,0.4,3713,49,17,59,15,3853,6.9
42049010700,049,Erie County,010700,Census Tract 107; Erie County; Pennsylvania,2022,71713.0,6.8,20.1,22.8,1.7,4309,38.3,87.0,0.7,1.3,3.2,7.8,3748,29,54,136,342,4309,5.5
42049010800,049,Erie County,010800,Census Tract 108; Erie County; Pennsylvania,2022,72299.0,11.6,17.7,31.0,4.9,3348,43.9,94.0,1.3,1.5,1.4,1.8,3146,44,49,46,63,3348,17.5
42049010902,049,Erie County,010902,Census Tract 109.02; Erie County; Pennsylvania,2022,67697.0,8.1,21.2,26.4,8.5,3923,51.4,91.2,1.9,1.5,3.0,2.4,3577,76,60,119,91,3923,10.7
42049010903,049,Erie County,010903,Census Tract 109.03; Erie County; Pennsylvania,2022,93058.0,6.4,25.7,32.8,5.6,6971,38.8,91.6,0.8,1.6,3.1,2.9,6386,57,111,214,203,6971,6.4
42049010904,049,Erie County,010904,Census Tract 109.04; Erie County; Pennsylvania,2022,151964.0,3.1,29.0,0.0,0.4,5557,46.1,89.4,1.1,0.3,7.6,1.6,4966,61,18,420,92,5557,0.9
42049011001,049,Erie County,011001,Census Tract 110.01; Erie County; Pennsylvania,2022,61250.0,5.5,29.1,9.1,8.2,6790,39.8,87.4,3.2,0.0,2.0,7.4,5932,220,0,135,503,6790,10.4
42049011002,049,Erie County,011002,Census Tract 110.02; Erie County; Pennsylvania,2022,59059.0,10.2,26.9,34.6,17.5,4324,42.7,84.0,3.7,2.2,6.9,3.2,3630,161,95,297,141,4324,14.1
42049011101,049,Erie County,011101,Census Tract 111.01; Erie County; Pennsylvania,2022,71629.0,12.6,17.7,18.1,11.3,5440,36.5,84.8,3.1,3.6,3.6,4.9,4612,166,195,194,273,5440,23.0
42049011102,049,Erie County,011102,Census Tract 111.02; Erie County; Pennsylvania,2022,81184.0,8.7,29.7,18.8,5.9,3151,37.9,82.8,5.7,9.0,0.0,2.5,2609,180,285,0,77,3151,10.9
42049011201,049,Erie County,011201,Census Tract 112.01; Erie County; Pennsylvania,2022,70833.0,19.8,14.4,42.3,2.4,4485,45.0,93.9,2.5,1.4,0.0,2.2,4212,112,62,0,99,4485,12.0
42049011202,049,Erie County,011202,Census Tract 112.02; Erie County; Pennsylvania,2022,69577.0,11.8,17.9,15.4,3.4,7307,49.6,92.5,0.3,5.8,0.0,1.4,6757,25,421,0,104,7307,9.0
42049011300,049,Erie County,011300,Census Tract 113; Erie County; Pennsylvania,2022,44417.0,19.4,15.7,20.2,8.6,3209,36.9,82.5,0.9,5.5,3.6,7.5,2648,29,175,115,242,3209,27.3
42049011400,049,Erie County,011400,Census Tract 114; Erie County; Pennsylvania,2022,64375.0,20.1,22.4,31.2,5.4,3818,36.5,86.5,9.8,1.1,0.9,1.7,3302,376,42,36,62,3818,18.0
42049011503,049,Erie County,011503,Census Tract 115.03; Erie County; Pennsylvania,2022,64327.0,6.0,19.4,16.1,11.5,3882,45.2,94.5,1.0,1.3,1.4,1.8,3668,37,49,56,72,3882,11.9
42049011508,049,Erie County,011508,Census Tract 115.08; Erie County; Pennsylvania,2022,84367.0,7.6,20.3,10.8,3.4,5172,45.4,91.0,0.0,1.9,6.1,1.0,4709,0,99,315,49,5172,6.4
42049011509,049,Erie County,011509,Census Tract 115.09; Erie County; Pennsylvania,2022,62849.0,16.7,12.2,2.8,4.3,2676,48.1,95.8,0.0,1.2,0.1,2.9,2563,0,32,2,79,2676,8.4
42049011510,049,Erie County,011510,Census Tract 115.10; Erie County; Pennsylvania,2022,77361.0,6.2,17.0,5.1,1.2,2647,53.5,97.9,0.8,0.3,0.6,0.4,2591,22,8,17,9,2647,6.0
42049011511,049,Erie County,011511,Census Tract 115.11; Erie County; Pennsylvania,2022,,44.4,28.7,59.1,24.6,2301,19.8,81.3,4.8,0.8,11.4,1.7,1870,111,19,263,38,2301,6.8
42049011600,049,Erie County,011600,Census Tract 116; Erie County; Pennsylvania,2022,61643.0,17.1,16.5,12.5,10.7,4092,39.3,91.0,0.9,1.0,0.4,6.7,3725,37,42,16,272,4092,22.3
42049011701,049,Erie County,011701,Census Tract 117.01; Erie County; Pennsylvania,2022,71417.0,6.0,23.6,9.8,6.8,3205,40.2,92.9,0.9,3.4,1.6,1.2,2977,28,108,52,40,3205,8.4
42049011702,049,Erie County,011702,Census Tract 117.02; Erie County; Pennsylvania,2022,77306.0,6.5,8.9,0.0,6.4,5367,40.6,91.4,0.9,4.6,0.0,3.1,4904,50,245,0,168,5367,17.6
42049011801,049,Erie County,011801,Census Tract 118.01; Erie County; Pennsylvania,2022,67008.0,8.3,18.5,10.7,2.4,2837,36.4,97.8,0.0,1.3,0.2,0.7,2775,1,38,5,18,2837,15.5
42049011802,049,Erie County,011802,Census Tract 118.02; Erie County; Pennsylvania,2022,68170.0,8.0,16.4,5.4,3.0,2747,50.1,98.0,0.1,1.0,0.3,0.6,2691,2,27,9,18,2747,10.8
42049011900,049,Erie County,011900,Census Tract 119; Erie County; Pennsylvania,2022,44138.0,25.5,16.3,28.8,15.0,6209,42.4,88.6,0.4,3.6,0.6,6.8,5503,23,224,40,419,6209,24.4
42049012001,049,Erie County,012001,Census Tract 120.01; Erie County; Pennsylvania,2022,76875.0,5.8,16.1,26.7,1.9,2553,51.3,93.8,0.0,3.4,0.7,2.1,2394,0,88,19,52,2553,12.5
42049012002,049,Erie County,012002,Census Tract 120.02; Erie County; Pennsylvania,2022,41764.0,23.3,7.3,12.3,13.3,2937,46.6,92.5,0.0,3.6,0.0,3.9,2717,0,106,0,114,2937,27.5
42049012100,049,Erie County,012100,Census Tract 121; Erie County; Pennsylvania,2022,69012.0,8.3,9.8,26.6,3.1,7190,46.1,92.4,0.1,5.4,0.4,1.7,6645,4,391,26,124,7190,11.3
42049012201,049,Erie County,012201,Census Tract 122.01; Erie County; Pennsylvania,2022,82765.0,8.5,23.2,33.6,4.3,5996,41.3,94.2,0.9,3.1,0.0,1.8,5651,56,186,0,103,5996,15.6
42049012202,049,Erie County,012202,Census Tract 122.02; Erie County; Pennsylvania,2022,39102.0,26.6,39.5,40.3,6.1,4958,24.1,94.3,1.3,2.1,1.0,1.3,4673,62,105,48,70,4958,13.1
42049012400,049,Erie County,012400,Census Tract 124; Erie County; Pennsylvania,2022,59091.0,10.6,21.8,4.4,9.1,1322,53.3,85.7,1.6,1.5,1.1,10.1,1133,21,20,15,133,1322,12.6
42053530100,053,Forest County,530100,Census Tract 5301; Forest County; Pennsylvania,2022,44324.0,15.7,7.9,15.6,6.9,4258,41.2,60.1,23.1,7.0,2.8,7.0,2558,983,299,118,300,4258,16.9
42053530200,053,Forest County,530200,Census Tract 5302; Forest County; Pennsylvania,2022,47132.0,21.6,9.9,9.7,5.6,2701,56.4,82.3,4.0,7.7,1.3,4.7,2223,109,209,36,124,2701,15.3
42065950100,065,Jefferson County,950100,Census Tract 9501; Jefferson County; Pennsylvania,2022,47404.0,15.6,10.3,3.1,7.7,2192,47.3,94.1,0.0,0.0,0.0,5.9,2063,0,0,0,129,2192,15.1
42065950200,065,Jefferson County,950200,Census Tract 9502; Jefferson County; Pennsylvania,2022,65344.0,13.7,8.9,8.4,4.0,3045,44.6,97.3,0.9,0.5,0.0,1.3,2963,26,15,0,41,3045,9.3
42065950300,065,Jefferson County,950300,Census Tract 9503; Jefferson County; Pennsylvania,2022,59367.0,13.6,10.6,10.5,6.7,5477,47.9,97.6,0.5,0.3,0.2,1.4,5346,26,17,10,78,5477,13.0
42065950400,065,Jefferson County,950400,Census Tract 9504; Jefferson County; Pennsylvania,2022,60000.0,10.2,10.2,15.2,6.1,1822,36.9,96.8,0.6,0.8,0.0,1.8,1763,11,15,0,33,1822,9.3
42065950500,065,Jefferson County,950500,Census Tract 9505; Jefferson County; Pennsylvania,2022,53938.0,15.4,19.8,16.2,9.7,2152,37.4,88.1,0.7,7.1,0.0,4.1,1895,14,153,0,90,2152,25.4
42065950600,065,Jefferson County,950600,Census Tract 9506; Jefferson County; Pennsylvania,2022,64527.0,10.1,10.7,18.4,4.3,5692,44.2,96.8,0.5,0.9,0.0,1.8,5510,28,50,0,104,5692,13.2
42065950700,065,Jefferson County,950700,Census Tract 9507; Jefferson County; Pennsylvania,2022,43797.0,21.1,7.4,23.2,9.1,2551,36.5,96.2,0.0,1.0,1.1,1.7,2454,1,25,27,44,2551,25.6
42065950800,065,Jefferson County,950800,Census Tract 9508; Jefferson County; Pennsylvania,2022,58571.0,12.1,10.7,5.9,7.2,3468,49.6,95.8,1.0,0.3,0.0,2.9,3323,33,10,0,102,3468,13.0
42065950900,065,Jefferson County,950900,Census Tract 9509; Jefferson County; Pennsylvania,2022,63050.0,11.8,9.9,11.7,4.3,4130,46.2,97.2,0.0,1.6,0.1,1.1,4016,0,66,5,43,4130,8.9
42065951000,065,Jefferson County,951000,Census Tract 9510; Jefferson County; Pennsylvania,2022,57228.0,18.0,7.4,10.0,17.7,4350,33.3,97.2,0.0,0.2,0.0,2.6,4230,0,9,0,111,4350,11.9
42065951100,065,Jefferson County,951100,Census Tract 9511; Jefferson County; Pennsylvania,2022,56593.0,8.0,14.5,12.4,3.8,3717,48.6,96.2,0.3,0.8,0.0,2.7,3574,10,28,0,105,3717,12.0
42065951200,065,Jefferson County,951200,Census Tract 9512; Jefferson County; Pennsylvania,2022,41667.0,25.3,12.9,26.3,11.6,3356,40.7,97.6,0.4,1.0,0.7,0.3,3277,15,32,25,7,3356,29.3
42065951300,065,Jefferson County,951300,Census Tract 9513; Jefferson County; Pennsylvania,2022,44492.0,11.5,14.2,28.8,14.0,2374,56.2,96.2,0.2,0.7,2.2,0.7,2284,4,16,53,17,2374,13.3
42083420100,083,McKean County,420100,Census Tract 4201; McKean County; Pennsylvania,2022,70417.0,4.7,16.0,19.7,2.3,3271,50.2,95.1,0.0,1.5,1.6,1.8,3111,0,48,51,61,3271,7.2
42083420200,083,McKean County,420200,Census Tract 4202; McKean County; Pennsylvania,2022,32917.0,38.0,10.5,32.6,34.8,3155,34.7,89.9,0.1,3.6,0.0,6.4,2837,2,114,0,202,3155,50.2
42083420300,083,McKean County,420300,Census Tract 4203; McKean County; Pennsylvania,2022,47143.0,34.1,12.7,28.4,14.4,2312,36.5,97.4,1.3,0.5,0.0,0.8,2253,31,12,0,16,2312,35.4
42083420400,083,McKean County,420400,Census Tract 4204; McKean County; Pennsylvania,2022,53098.0,9.1,16.7,2.0,7.4,2380,47.6,93.6,0.5,0.2,1.6,4.1,2228,13,4,39,96,2380,8.8
42083420500,083,McKean County,420500,Census Tract 4205; McKean County; Pennsylvania,2022,59497.0,13.7,11.8,0.0,3.2,2842,48.3,94.7,0.0,2.9,0.0,2.4,2690,0,81,0,71,2842,20.4
42083420600,083,McKean County,420600,Census Tract 4206; McKean County; Pennsylvania,2022,57275.0,12.5,9.1,11.1,3.2,5086,51.1,99.0,0.1,0.3,0.2,0.4,5035,3,13,8,27,5086,11.5
42083420700,083,McKean County,420700,Census Tract 4207; McKean County; Pennsylvania,2022,65086.0,16.9,12.4,29.3,4.4,4278,41.2,93.3,0.7,1.6,0.3,4.1,3992,31,69,11,175,4278,20.5
42083420800,083,McKean County,420800,Census Tract 4208; McKean County; Pennsylvania,2022,69145.0,11.1,11.0,6.8,5.8,3835,45.6,95.5,0.8,1.8,0.1,1.8,3661,31,68,4,71,3835,12.1
42083420900,083,McKean County,420900,Census Tract 4209; McKean County; Pennsylvania,2022,53750.0,7.6,11.9,12.2,5.3,1843,50.4,90.4,0.0,0.0,0.0,9.6,1666,0,0,0,177,1843,14.9
42083421000,083,McKean County,421000,Census Tract 4210; McKean County; Pennsylvania,2022,71864.0,9.1,10.6,27.4,4.0,5488,36.5,79.2,10.9,7.0,0.5,2.4,4344,598,382,29,135,5488,9.5
42083421100,083,McKean County,421100,Census Tract 4211; McKean County; Pennsylvania,2022,45927.0,9.1,9.9,5.5,7.1,3609,46.5,96.5,0.2,0.1,0.5,2.7,3482,7,3,17,100,3609,17.8
42083421200,083,McKean County,421200,Census Tract 4212; McKean County; Pennsylvania,2022,63641.0,5.4,16.0,3.1,2.1,2360,40.9,93.1,2.1,3.3,0.6,0.9,2197,49,78,13,23,2360,8.0
42121200000,121,Venango County,200000,Census Tract 2000; Venango County; Pennsylvania,2022,58370.0,12.7,12.6,13.4,1.6,2983,51.3,97.1,0.2,0.7,0.4,1.6,2897,5,20,12,49,2983,11.2
42121200100,121,Venango County,200100,Census Tract 2001; Venango County; Pennsylvania,2022,61618.0,11.7,9.5,28.0,2.2,3703,47.5,97.3,0.0,0.8,0.0,1.9,3603,0,28,0,72,3703,16.8
42121200201,121,Venango County,200201,Census Tract 2002.01; Venango County; Pennsylvania,2022,64081.0,15.3,12.3,23.7,5.3,3311,52.0,95.2,0.8,1.1,0.1,2.8,3153,26,35,4,93,3311,12.6
42121200202,121,Venango County,200202,Census Tract 2002.02; Venango County; Pennsylvania,2022,89722.0,2.2,21.3,23.7,1.0,2041,54.9,92.4,1.4,2.5,0.7,3.0,1885,28,51,15,62,2041,3.9
42121200300,121,Venango County,200300,Census Tract 2003; Venango County; Pennsylvania,2022,40813.0,43.9,7.0,41.3,14.8,1624,36.2,89.2,6.2,0.0,0.0,4.6,1449,100,0,0,75,1624,27.1
42121200400,121,Venango County,200400,Census Tract 2004; Venango County; Pennsylvania,2022,67718.0,6.6,19.8,7.1,15.2,2235,47.3,94.9,2.2,1.5,0.0,1.4,2122,50,33,0,30,2235,26.1
42121200500,121,Venango County,200500,Census Tract 2005; Venango County; Pennsylvania,2022,53013.0,9.9,12.6,16.6,9.5,2207,43.8,81.6,7.7,0.7,0.9,9.1,1800,170,16,20,201,2207,20.0
42121200600,121,Venango County,200600,Census Tract 2006; Venango County; Pennsylvania,2022,52153.0,11.6,11.8,13.7,4.1,4785,48.8,97.7,0.4,0.9,0.0,1.0,4673,17,44,0,51,4785,18.9
42121200700,121,Venango County,200700,Census Tract 2007; Venango County; Pennsylvania,2022,31553.0,26.5,7.8,23.5,24.5,1724,42.3,93.7,2.1,3.0,0.0,1.2,1615,37,52,0,20,1724,52.3
42121200800,121,Venango County,200800,Census Tract 2008; Venango County; Pennsylvania,2022,55938.0,17.7,15.6,15.5,5.1,2648,39.4,92.9,0.6,3.3,1.4,1.8,2460,16,87,38,47,2648,19.1
42121200900,121,Venango County,200900,Census Tract 2009; Venango County; Pennsylvania,2022,47500.0,16.0,13.1,31.7,16.5,2079,44.3,97.5,0.0,1.2,0.0,1.3,2027,1,24,0,27,2079,25.6
42121201000,121,Venango County,201000,Census Tract 2010; Venango County; Pennsylvania,2022,59583.0,10.9,13.1,9.4,10.7,3148,45.2,96.5,0.5,0.2,0.0,2.8,3039,17,5,0,87,3148,31.7
42121201100,121,Venango County,201100,Census Tract 2011; Venango County; Pennsylvania,2022,67529.0,13.2,12.5,13.9,1.5,4512,49.9,94.3,0.6,0.3,0.1,4.7,4254,25,13,5,215,4512,15.9
42121201200,121,Venango County,201200,Census Tract 2012; Venango County; Pennsylvania,2022,58700.0,10.2,11.8,28.8,6.1,2894,51.1,94.7,0.3,0.7,1.5,2.8,2740,8,19,44,83,2894,20.1
42121201300,121,Venango County,201300,Census Tract 2013; Venango County; Pennsylvania,2022,61968.0,18.4,15.4,20.2,8.3,3444,47.9,92.3,1.2,2.6,0.3,3.6,3179,40,90,12,123,3444,23.6
42121201400,121,Venango County,201400,Census Tract 2014; Venango County; Pennsylvania,2022,64545.0,9.6,9.5,5.4,7.6,3822,45.5,95.9,0.2,0.8,0.5,2.6,3666,6,32,20,98,3822,12.1
42121201500,121,Venango County,201500,Census Tract 2015; Venango County; Pennsylvania,2022,59028.0,8.3,12.9,12.1,7.5,3315,52.0,97.1,0.1,0.4,0.5,1.9,3220,3,14,17,61,3315,12.8
42123970100,123,Warren County,970100,Census Tract 9701; Warren County; Pennsylvania,2022,63444.0,15.5,9.5,7.7,2.2,2220,46.9,98.2,0.0,0.9,0.1,0.8,2179,0,21,3,17,2220,15.1
42123970200,123,Warren County,970200,Census Tract 9702; Warren County; Pennsylvania,2022,81350.0,8.3,16.7,9.2,5.3,3951,49.1,93.1,0.4,1.5,1.1,3.9,3679,15,59,43,155,3951,7.7
42123970300,123,Warren County,970300,Census Tract 9703; Warren County; Pennsylvania,2022,67575.0,11.1,7.6,12.0,6.2,5167,43.0,90.3,0.0,2.7,0.4,6.6,4664,2,138,21,342,5167,8.8
42123970400,123,Warren County,970400,Census Tract 9704; Warren County; Pennsylvania,2022,64141.0,10.5,10.8,4.0,2.4,2676,50.7,94.0,0.4,1.5,1.1,3.0,2515,10,41,30,80,2676,11.6
42123970500,123,Warren County,970500,Census Tract 9705; Warren County; Pennsylvania,2022,50726.0,14.0,12.5,18.4,12.5,3398,47.2,97.6,0.2,1.2,0.0,1.0,3315,6,40,0,37,3398,13.7
42123970600,123,Warren County,970600,Census Tract 9706; Warren County; Pennsylvania,2022,53267.0,19.1,14.7,19.2,4.6,3417,47.8,96.0,0.2,0.8,0.0,3.0,3280,7,29,0,101,3417,15.4
42123970700,123,Warren County,970700,Census Tract 9707; Warren County; Pennsylvania,2022,70361.0,8.9,21.2,5.7,0.7,3026,44.6,98.7,0.0,0.8,0.0,0.5,2986,0,23,0,17,3026,10.4
42123970800,123,Warren County,970800,Census Tract 9708; Warren County; Pennsylvania,2022,38953.0,11.1,12.1,17.0,16.0,2938,45.9,91.5,3.7,1.6,1.3,1.9,2687,109,47,37,58,2938,16.2
42123970900,123,Warren County,970900,Census Tract 9709; Warren County; Pennsylvania,2022,43933.0,17.0,10.4,12.5,7.2,3389,39.9,94.5,1.7,0.5,0.0,3.3,3202,57,17,0,113,3389,20.5
42123971000,123,Warren County,971000,Census Tract 9710; Warren County; Pennsylvania,2022,74722.0,5.5,15.1,8.9,13.3,2155,57.6,97.3,1.6,0.0,0.3,0.8,2096,34,0,6,19,2155,4.5
42123971100,123,Warren County,971100,Census Tract 9711; Warren County; Pennsylvania,2022,71719.0,6.5,11.4,8.4,1.0,2827,54.7,96.1,0.2,1.7,1.0,1.0,2717,5,48,27,30,2827,9.2
42123971200,123,Warren County,971200,Census Tract 9712; Warren County; Pennsylvania,2022,53654.0,11.2,12.0,19.3,6.2,1623,43.4,96.3,1.5,0.0,0.1,2.1,1563,25,0,2,33,1623,17.1
42123971400,123,Warren County,971400,Census Tract 9714; Warren County; Pennsylvania,2022,45625.0,9.1,6.5,4.8,8.7,1705,54.1,92.5,0.2,3.8,0.0,3.5,1577,3,64,0,61,1705,21.3
42023960100,023,Cameron County,960100,Census Tract 9601; Cameron County; Pennsylvania,2023,36167.0,18.1,8.8,24.8,19.1,2005,47.8,88.0,0.0,2.8,0.7,8.5,1765,0,56,14,170,2005,37.0
42023960200,023,Cameron County,960200,Census Tract 9602; Cameron County; Pennsylvania,2023,58633.0,14.4,8.3,20.1,6.9,2470,57.1,97.1,0.1,1.1,0.4,1.3,2398,2,27,9,34,2470,18.4
42031160101,031,Clarion County,160101,Census Tract 1601.01; Clarion County; Pennsylvania,2023,85337.0,2.2,14.3,22.0,2.0,1784,50.1,99.3,0.0,0.4,0.0,0.3,1771,0,7,0,6,1784,4.9
42031160103,031,Clarion County,160103,Census Tract 1601.03; Clarion County; Pennsylvania,2023,51524.0,30.0,19.2,46.1,10.8,2924,24.1,87.4,7.7,1.9,0.0,3.0,2557,226,56,0,85,2924,22.1
42031160104,031,Clarion County,160104,Census Tract 1601.04; Clarion County; Pennsylvania,2023,59688.0,11.1,15.4,14.3,3.4,1789,47.3,98.5,0.1,0.2,0.0,1.2,1763,1,4,0,21,1789,11.5
42031160201,031,Clarion County,160201,Census Tract 1602.01; Clarion County; Pennsylvania,2023,57417.0,14.4,9.8,6.9,11.8,1626,47.3,99.4,0.0,0.0,0.0,0.6,1616,0,0,0,10,1626,8.1
42031160202,031,Clarion County,160202,Census Tract 1602.02; Clarion County; Pennsylvania,2023,90625.0,3.5,20.3,4.6,1.8,1682,44.9,90.7,0.3,0.1,0.0,8.9,1525,5,1,0,151,1682,4.8
42031160300,031,Clarion County,160300,Census Tract 1603; Clarion County; Pennsylvania,2023,58971.0,10.7,16.7,6.5,4.6,4773,44.1,95.7,1.0,0.6,0.3,2.4,4568,50,29,12,114,4773,13.2
42031160400,031,Clarion County,160400,Census Tract 1604; Clarion County; Pennsylvania,2023,58929.0,9.8,13.2,6.5,8.4,3513,43.6,96.7,0.0,0.2,0.6,2.5,3396,0,6,20,91,3513,21.0
42031160500,031,Clarion County,160500,Census Tract 1605; Clarion County; Pennsylvania,2023,63077.0,11.3,10.1,17.4,8.5,3663,47.3,96.6,0.0,0.2,0.0,3.2,3540,1,9,0,113,3663,16.6
42031160600,031,Clarion County,160600,Census Tract 1606; Clarion County; Pennsylvania,2023,42063.0,23.9,24.0,32.8,8.1,4202,23.9,86.9,7.1,4.2,1.5,0.3,3653,300,176,61,12,4202,27.3
42031160701,031,Clarion County,160701,Census Tract 1607.01; Clarion County; Pennsylvania,2023,62443.0,10.4,12.2,14.7,4.3,2121,49.5,94.2,0.2,1.8,1.9,1.9,1997,5,38,41,40,2121,25.0
42031160702,031,Clarion County,160702,Census Tract 1607.02; Clarion County; Pennsylvania,2023,62095.0,15.7,8.9,21.0,8.1,2125,43.2,95.0,1.4,0.0,0.5,3.1,2018,29,1,11,66,2125,20.2
42031160800,031,Clarion County,160800,Census Tract 1608; Clarion County; Pennsylvania,2023,59688.0,18.8,14.5,20.3,5.5,3626,47.6,95.0,0.4,2.3,0.5,1.8,3445,13,82,18,68,3626,12.5
42031160900,031,Clarion County,160900,Census Tract 1609; Clarion County; Pennsylvania,2023,65721.0,11.2,11.1,12.3,4.5,3469,43.4,98.5,0.1,0.1,0.1,1.2,3417,4,5,5,38,3469,13.4
42033330100,033,Clearfield County,330100,Census Tract 3301; Clearfield County; Pennsylvania,2023,58227.0,14.4,17.1,46.1,16.4,4821,50.9,94.2,0.1,5.6,0.0,0.1,4540,5,271,0,5,4821,21.6
42033330200,033,Clearfield County,330200,Census Tract 3302; Clearfield County; Pennsylvania,2023,60219.0,9.7,20.1,9.5,3.6,2959,38.2,98.0,0.4,0.6,0.3,0.7,2901,12,18,9,19,2959,12.9
42033330300,033,Clearfield County,330300,Census Tract 3303; Clearfield County; Pennsylvania,2023,54706.0,11.1,20.4,13.6,12.1,4490,37.5,91.2,1.1,6.2,0.6,0.9,4097,50,279,25,39,4490,21.3
42033330400,033,Clearfield County,330400,Census Tract 3304; Clearfield County; Pennsylvania,2023,105370.0,7.3,24.6,32.5,1.3,6984,45.9,98.6,0.0,0.0,1.4,0.0,6885,1,0,98,0,6984,14.2
42033330500,033,Clearfield County,330500,Census Tract 3305; Clearfield County; Pennsylvania,2023,63056.0,8.5,11.1,13.0,9.0,4379,46.7,95.0,0.0,1.7,0.9,2.4,4160,1,73,39,106,4379,18.7
42033330600,033,Clearfield County,330600,Census Tract 3306; Clearfield County; Pennsylvania,2023,56885.0,15.4,8.4,10.2,4.6,3276,53.3,97.8,0.2,1.3,0.3,0.4,3204,8,42,10,12,3276,27.4
42033330700,033,Clearfield County,330700,Census Tract 3307; Clearfield County; Pennsylvania,2023,55969.0,14.1,6.8,13.6,4.9,2103,51.3,92.3,2.9,2.5,0.8,1.5,1941,60,53,17,32,2103,18.8
42033330800,033,Clearfield County,330800,Census Tract 3308; Clearfield County; Pennsylvania,2023,66861.0,11.3,12.5,17.2,3.6,6843,47.5,95.3,0.0,2.3,0.0,2.4,6520,0,156,0,167,6843,12.3
42033330900,033,Clearfield County,330900,Census Tract 3309; Clearfield County; Pennsylvania,2023,50847.0,23.2,8.3,7.5,7.6,5467,48.8,81.4,6.3,9.5,0.5,2.3,4450,343,520,29,125,5467,26.0
42033331000,033,Clearfield County,331000,Census Tract 3310; Clearfield County; Pennsylvania,2023,59367.0,14.8,9.9,22.6,3.9,4814,44.4,94.4,0.6,1.9,0.1,3.0,4545,27,93,3,146,4814,21.9
42033331100,033,Clearfield County,331100,Census Tract 3311; Clearfield County; Pennsylvania,2023,50690.0,21.6,8.4,21.8,19.1,3018,40.3,92.3,0.3,0.0,2.9,4.5,2787,10,0,88,133,3018,29.7
42033331200,033,Clearfield County,331200,Census Tract 3312; Clearfield County; Pennsylvania,2023,52957.0,18.6,26.6,16.2,5.4,2900,38.7,93.9,1.3,2.1,1.0,1.7,2722,38,61,28,51,2900,23.9
42033331300,033,Clearfield County,331300,Census Tract 3313; Clearfield County; Pennsylvania,2023,62111.0,13.6,15.0,21.5,9.5,4185,43.0,97.4,0.8,1.1,0.0,0.7,4078,32,47,0,28,4185,25.3
42033331401,033,Clearfield County,331401,Census Tract 3314.01; Clearfield County; Pennsylvania,2023,71607.0,14.7,13.5,40.5,2.9,3369,46.0,96.9,0.0,1.5,0.4,1.2,3265,0,52,15,37,3369,15.3
42033331402,033,Clearfield County,331402,Census Tract 3314.02; Clearfield County; Pennsylvania,2023,53594.0,12.9,16.8,13.4,5.0,3608,44.9,92.7,0.7,1.0,0.2,5.4,3344,25,36,7,196,3608,22.2
42033331500,033,Clearfield County,331500,Census Tract 3315; Clearfield County; Pennsylvania,2023,57813.0,13.4,8.9,5.7,4.6,1722,48.6,96.1,0.0,1.9,0.2,1.8,1655,0,33,3,31,1722,15.9
42033331600,033,Clearfield County,331600,Census Tract 3316; Clearfield County; Pennsylvania,2023,51424.0,16.1,7.4,10.0,8.4,2383,50.7,92.2,0.2,0.1,1.6,5.9,2197,5,3,37,141,2383,18.9
42033331700,033,Clearfield County,331700,Census Tract 3317; Clearfield County; Pennsylvania,2023,63397.0,13.4,7.2,7.7,6.8,6772,43.3,75.7,13.7,6.3,0.4,3.9,5128,931,424,27,262,6772,17.7
42033331800,033,Clearfield County,331800,Census Tract 3318; Clearfield County; Pennsylvania,2023,50889.0,16.0,9.0,32.6,6.8,2557,47.1,92.4,0.8,2.0,0.0,4.8,2362,21,50,0,124,2557,17.9
42033331900,033,Clearfield County,331900,Census Tract 3319; Clearfield County; Pennsylvania,2023,54583.0,17.3,8.9,13.5,10.5,2252,43.0,95.8,0.1,2.7,0.0,1.4,2158,2,60,1,31,2252,21.6
42039110100,039,Crawford County,110100,Census Tract 1101; Crawford County; Pennsylvania,2023,56750.0,19.7,7.4,23.4,18.9,6247,35.4,95.5,0.4,1.6,0.2,2.3,5964,22,100,14,147,6247,18.1
42039110201,039,Crawford County,110201,Census Tract 1102.01; Crawford County; Pennsylvania,2023,74730.0,6.6,14.6,6.7,2.5,3658,47.1,95.5,0.3,1.4,0.0,2.8,3494,11,51,0,102,3658,10.4
42039110202,039,Crawford County,110202,Census Tract 1102.02; Crawford County; Pennsylvania,2023,67940.0,13.9,13.6,8.1,9.1,4254,40.3,89.8,3.6,3.9,0.3,2.4,3818,154,167,14,101,4254,17.5
42039110300,039,Crawford County,110300,Census Tract 1103; Crawford County; Pennsylvania,2023,57426.0,17.9,9.5,25.4,9.5,4444,46.3,95.3,0.7,2.1,0.0,1.9,4235,29,92,1,87,4444,20.9
42039110400,039,Crawford County,110400,Census Tract 1104; Crawford County; Pennsylvania,2023,57548.0,9.4,13.2,21.7,5.4,2542,46.9,93.1,0.0,2.4,0.0,4.5,2366,0,60,1,115,2542,16.5
42039110501,039,Crawford County,110501,Census Tract 1105.01; Crawford County; Pennsylvania,2023,63884.0,6.7,10.1,9.7,3.8,1936,35.5,95.8,0.0,3.0,0.0,1.2,1855,0,58,0,23,1936,20.4
42039110502,039,Crawford County,110502,Census Tract 1105.02; Crawford County; Pennsylvania,2023,59867.0,11.2,19.6,12.1,4.7,2779,54.4,94.2,0.0,1.8,0.8,3.2,2618,0,49,22,90,2779,6.8
42039110600,039,Crawford County,110600,Census Tract 1106; Crawford County; Pennsylvania,2023,74406.0,5.9,12.9,8.0,5.8,2752,47.8,97.5,0.0,0.4,0.1,2.0,2684,0,12,3,53,2752,10.5
42039110700,039,Crawford County,110700,Census Tract 1107; Crawford County; Pennsylvania,2023,66146.0,8.8,16.3,4.9,5.3,3806,41.2,93.0,1.7,2.3,0.8,2.2,3538,65,89,30,84,3806,13.2
42039110800,039,Crawford County,110800,Census Tract 1108; Crawford County; Pennsylvania,2023,73542.0,11.4,14.5,16.6,5.0,4842,44.6,94.1,1.6,1.1,0.1,3.1,4556,77,53,6,150,4842,12.9
42039110900,039,Crawford County,110900,Census Tract 1109; Crawford County; Pennsylvania,2023,68090.0,11.6,12.0,19.2,2.0,2797,48.9,89.6,1.0,1.9,0.5,7.0,2507,27,54,14,195,2797,16.4
42039111000,039,Crawford County,111000,Census Tract 1110; Crawford County; Pennsylvania,2023,56667.0,17.0,7.3,3.7,9.2,2347,45.4,96.7,0.0,0.7,0.2,2.4,2270,0,17,4,56,2347,18.8
42039111100,039,Crawford County,111100,Census Tract 1111; Crawford County; Pennsylvania,2023,24831.0,25.8,9.6,17.1,25.3,2850,47.9,89.5,3.1,1.5,1.8,4.1,2551,88,44,51,116,2850,35.7
42039111200,039,Crawford County,111200,Census Tract 1112; Crawford County; Pennsylvania,2023,52679.0,18.5,12.7,24.7,17.9,2380,39.4,98.9,0.0,0.2,0.2,0.7,2354,0,4,4,18,2380,32.9
42039111300,039,Crawford County,111300,Census Tract 1113; Crawford County; Pennsylvania,2023,68016.0,8.5,13.8,10.7,4.3,5306,47.2,95.1,0.2,0.7,0.3,3.7,5045,8,37,17,199,5306,12.8
42039111400,039,Crawford County,111400,Census Tract 1114; Crawford County; Pennsylvania,2023,73856.0,10.8,21.1,5.1,1.9,4446,45.0,97.4,0.0,0.0,0.0,2.6,4332,0,0,0,114,4446,16.2
42039111500,039,Crawford County,111500,Census Tract 1115; Crawford County; Pennsylvania,2023,44267.0,19.6,15.0,23.4,20.4,4828,37.1,85.8,8.3,0.3,1.0,4.6,4141,400,14,47,226,4828,26.1
42039111600,039,Crawford County,111600,Census Tract 1116; Crawford County; Pennsylvania,2023,38631.0,25.8,12.8,20.1,24.9,3670,39.2,93.2,1.7,1.9,0.0,3.2,3420,64,70,0,116,3670,45.8
42039111700,039,Crawford County,111700,Census Tract 1117; Crawford County; Pennsylvania,2023,57652.0,6.0,18.0,15.6,9.9,4788,29.0,85.3,6.0,3.7,2.4,2.6,4086,289,179,114,120,4788,11.0
42039111800,039,Crawford County,111800,Census Tract 1118; Crawford County; Pennsylvania,2023,72884.0,1.8,14.2,10.7,3.4,5281,52.3,92.8,1.2,0.4,1.9,3.7,4899,64,22,98,198,5281,14.8
42039111900,039,Crawford County,111900,Census Tract 1119; Crawford County; Pennsylvania,2023,66512.0,14.7,6.8,12.8,16.7,3450,37.3,95.5,0.3,0.4,0.1,3.7,3294,10,15,5,126,3450,13.6
42039112001,039,Crawford County,112001,Census Tract 1120.01; Crawford County; Pennsylvania,2023,63795.0,10.9,8.7,10.0,4.4,2485,53.7,96.4,0.0,1.9,0.4,1.3,2396,0,48,10,31,2485,17.5
42039112002,039,Crawford County,112002,Census Tract 1120.02; Crawford County; Pennsylvania,2023,53125.0,10.3,8.9,22.4,2.6,1301,60.5,96.4,0.0,2.6,0.0,1.0,1254,0,34,0,13,1301,14.2
42047950100,047,Elk County,950100,Census Tract 9501; Elk County; Pennsylvania,2023,62396.0,12.5,12.0,14.3,5.0,1516,49.6,96.4,0.0,0.3,0.5,2.8,1461,0,4,7,44,1516,10.4
42047950200,047,Elk County,950200,Census Tract 9502; Elk County; Pennsylvania,2023,70324.0,7.7,8.9,11.4,1.4,2918,52.9,97.4,0.0,1.4,0.7,0.5,2841,0,40,21,16,2918,8.6
42047950400,047,Elk County,950400,Census Tract 9504; Elk County; Pennsylvania,2023,52059.0,14.8,19.2,34.3,11.0,3991,44.4,93.3,0.3,0.4,0.4,5.6,3724,13,15,17,222,3991,25.3
42047950500,047,Elk County,950500,Census Tract 9505; Elk County; Pennsylvania,2023,61926.0,9.1,12.7,5.1,6.7,2477,43.4,92.4,0.0,1.7,0.0,5.9,2289,0,41,0,147,2477,18.7
42047950900,047,Elk County,950900,Census Tract 9509; Elk County; Pennsylvania,2023,62568.0,8.2,9.5,6.9,3.3,2252,48.3,97.0,0.0,0.2,0.0,2.8,2185,0,4,0,63,2252,10.5
42047951000,047,Elk County,951000,Census Tract 9510; Elk County; Pennsylvania,2023,75346.0,6.3,11.8,5.2,2.1,4937,47.0,97.8,0.5,0.0,0.9,0.8,4829,26,0,46,36,4937,11.7
42047951100,047,Elk County,951100,Census Tract 9511; Elk County; Pennsylvania,2023,60424.0,12.2,15.1,11.1,12.9,5375,52.9,94.6,0.4,2.2,0.4,2.4,5084,24,120,24,123,5375,22.5
42047951200,047,Elk County,951200,Census Tract 9512; Elk County; Pennsylvania,2023,63942.0,7.4,15.4,16.5,4.9,2005,50.6,92.2,5.0,0.0,0.5,2.3,1849,101,0,11,44,2005,14.4
42047951300,047,Elk County,951300,Census Tract 9513; Elk County; Pennsylvania,2023,69866.0,5.2,12.5,15.6,6.6,5232,47.8,92.3,1.8,1.6,0.0,4.3,4827,93,82,0,230,5232,11.4
42049000100,049,Erie County,000100,Census Tract 1; Erie County; Pennsylvania,2023,14846.0,55.7,14.3,13.2,65.5,1529,62.2,72.3,17.2,7.5,0.8,2.2,1105,263,115,12,34,1529,68.6
42049000200,049,Erie County,000200,Census Tract 2; Erie County; Pennsylvania,2023,73333.0,6.8,23.9,29.6,9.8,3562,54.7,87.5,2.0,3.3,4.4,2.8,3117,71,116,158,100,3562,9.5
42049000300,049,Erie County,000300,Census Tract 3; Erie County; Pennsylvania,2023,36235.0,30.6,15.2,24.9,22.0,3611,25.7,53.8,24.5,7.7,2.4,11.6,1941,885,278,86,421,3611,33.0
42049000400,049,Erie County,000400,Census Tract 4; Erie County; Pennsylvania,2023,38750.0,29.5,13.8,15.6,19.2,1847,43.2,52.4,22.0,11.4,6.2,8.0,967,407,210,115,148,1847,47.8
42049000500,049,Erie County,000500,Census Tract 5; Erie County; Pennsylvania,2023,33547.0,29.3,11.5,31.8,23.6,3178,30.4,42.5,45.6,8.7,0.4,2.8,1350,1449,276,14,89,3178,42.8
42049000600,049,Erie County,000600,Census Tract 6; Erie County; Pennsylvania,2023,46679.0,25.4,16.1,29.5,16.9,3277,27.6,52.8,23.2,17.8,1.8,4.4,1731,760,584,60,142,3277,26.9
42049000700,049,Erie County,000700,Census Tract 7; Erie County; Pennsylvania,2023,35161.0,36.6,11.3,22.6,38.8,2326,33.3,63.5,16.3,13.8,0.0,6.4,1476,378,322,0,150,2326,55.3
42049000800,049,Erie County,000800,Census Tract 8; Erie County; Pennsylvania,2023,27917.0,35.6,9.1,37.0,23.3,1875,33.3,44.5,35.3,7.8,2.0,10.4,835,661,147,38,194,1875,52.3
42049000901,049,Erie County,000901,Census Tract 9.01; Erie County; Pennsylvania,2023,27243.0,11.0,11.0,33.7,22.6,2218,29.5,66.9,15.6,16.2,1.2,0.1,1484,346,359,26,3,2218,15.7
42049000902,049,Erie County,000902,Census Tract 9.02; Erie County; Pennsylvania,2023,20721.0,47.3,21.7,34.0,47.6,2241,22.6,68.2,10.4,12.7,5.4,3.3,1528,234,284,121,74,2241,39.7
42049001000,049,Erie County,001000,Census Tract 10; Erie County; Pennsylvania,2023,43750.0,27.3,24.8,16.8,27.6,3036,30.5,70.1,13.6,6.1,2.3,7.9,2127,413,185,71,240,3036,27.1
42049001100,049,Erie County,001100,Census Tract 11; Erie County; Pennsylvania,2023,47000.0,29.9,11.4,10.3,5.8,3108,33.6,69.8,1.6,18.5,0.0,10.1,2168,49,575,0,316,3108,40.3
42049001200,049,Erie County,001200,Census Tract 12; Erie County; Pennsylvania,2023,24747.0,44.2,5.7,34.7,35.3,2751,35.8,57.8,14.9,7.6,1.2,18.5,1589,409,209,32,512,2751,46.5
42049001300,049,Erie County,001300,Census Tract 13; Erie County; Pennsylvania,2023,24911.0,55.8,6.7,46.3,35.1,1687,26.3,38.7,36.0,17.7,0.0,7.6,653,608,298,0,128,1687,72.3
42049001400,049,Erie County,001400,Census Tract 14; Erie County; Pennsylvania,2023,16435.0,72.8,3.7,30.8,48.9,2279,37.2,53.8,34.9,3.0,5.9,2.4,1226,795,69,134,55,2279,60.1
42049001500,049,Erie County,001500,Census Tract 15; Erie County; Pennsylvania,2023,26650.0,41.8,9.2,14.6,40.1,2797,25.4,24.1,37.3,26.9,2.7,9.0,675,1044,752,76,250,2797,71.0
42049001600,049,Erie County,001600,Census Tract 16; Erie County; Pennsylvania,2023,39397.0,35.6,12.7,17.0,6.0,4055,42.4,64.8,14.1,5.9,9.2,6.0,2628,573,238,374,242,4055,18.4
42049001700,049,Erie County,001700,Census Tract 17; Erie County; Pennsylvania,2023,44657.0,31.4,1.3,48.7,20.0,2516,35.9,49.1,37.2,4.8,2.3,6.6,1235,937,121,57,166,2516,45.1
42049001800,049,Erie County,001800,Census Tract 18; Erie County; Pennsylvania,2023,28426.0,27.5,14.5,50.3,28.3,1985,33.3,30.3,52.6,6.9,4.2,6.0,602,1045,137,83,118,1985,70.9
42049001900,049,Erie County,001900,Census Tract 19; Erie County; Pennsylvania,2023,22050.0,47.8,7.3,31.5,45.1,1718,56.9,82.5,8.8,7.3,1.3,0.1,1417,152,126,22,1,1718,51.6
42049002000,049,Erie County,002000,Census Tract 20; Erie County; Pennsylvania,2023,50839.0,31.4,10.8,28.5,13.1,3183,31.6,67.5,8.0,12.5,4.7,7.3,2150,255,399,151,228,3183,26.6
42049002100,049,Erie County,002100,Census Tract 21; Erie County; Pennsylvania,2023,62972.0,2.6,22.6,18.7,2.4,3563,40.6,89.3,7.2,1.1,0.0,2.4,3180,255,40,0,88,3563,12.6
42049002200,049,Erie County,002200,Census Tract 22; Erie County; Pennsylvania,2023,73523.0,17.8,17.1,27.4,8.8,3675,37.5,79.4,6.8,2.8,0.1,10.9,2919,249,104,2,401,3675,19.8
42049002300,049,Erie County,002300,Census Tract 23; Erie County; Pennsylvania,2023,35692.0,18.8,9.0,27.0,7.9,2330,42.4,82.7,5.2,5.8,0.0,6.3,1927,122,136,0,145,2330,26.8
42049002400,049,Erie County,002400,Census Tract 24; Erie County; Pennsylvania,2023,50625.0,18.0,16.9,30.6,7.4,3239,29.8,67.3,3.9,9.2,0.0,19.6,2181,127,299,0,632,3239,24.2
42049002500,049,Erie County,002500,Census Tract 25; Erie County; Pennsylvania,2023,46033.0,21.0,17.1,31.6,22.0,2373,35.4,56.6,18.7,7.6,1.6,15.5,1343,443,180,39,368,2373,45.9
42049002600,049,Erie County,002600,Census Tract 26; Erie County; Pennsylvania,2023,53639.0,17.3,14.6,30.6,2.4,3966,38.2,70.5,9.4,9.1,3.6,7.4,2797,373,360,142,294,3966,22.4
42049002700,049,Erie County,002700,Census Tract 27; Erie County; Pennsylvania,2023,57292.0,7.0,12.6,10.9,4.7,6558,39.8,78.5,8.5,9.2,0.1,3.7,5146,555,605,7,245,6558,16.2
42049002800,049,Erie County,002800,Census Tract 28; Erie County; Pennsylvania,2023,61438.0,12.3,23.2,25.2,6.9,6617,29.5,81.8,4.0,2.8,3.5,7.9,5415,263,184,231,524,6617,9.3
42049002900,049,Erie County,002900,Census Tract 29; Erie County; Pennsylvania,2023,95395.0,3.6,28.0,6.7,1.9,2787,48.3,92.4,2.4,1.9,0.6,2.7,2576,66,54,17,74,2787,5.8
42049003000,049,Erie County,003000,Census Tract 30; Erie County; Pennsylvania,2023,54120.0,15.4,19.7,26.1,10.9,4269,35.0,77.8,7.2,3.7,5.4,5.9,3321,306,158,231,253,4269,28.8
42049010101,049,Erie County,010101,Census Tract 101.01; Erie County; Pennsylvania,2023,81296.0,14.3,12.9,9.0,2.5,3061,45.1,94.0,0.3,1.3,0.8,3.6,2878,9,40,25,109,3061,12.9
42049010103,049,Erie County,010103,Census Tract 101.03; Erie County; Pennsylvania,2023,73750.0,12.4,9.0,25.0,4.2,1938,48.9,94.4,0.0,1.0,0.0,4.6,1829,0,19,0,90,1938,11.8
42049010104,049,Erie County,010104,Census Tract 101.04; Erie County; Pennsylvania,2023,81250.0,5.4,19.3,13.6,2.2,2379,46.6,93.2,1.4,2.2,0.3,2.9,2218,33,52,8,68,2379,9.5
42049010107,049,Erie County,010107,Census Tract 101.07; Erie County; Pennsylvania,2023,54083.0,12.7,12.4,20.0,18.4,1269,45.6,95.4,1.4,0.9,0.6,1.7,1211,18,12,8,20,1269,23.5
42049010108,049,Erie County,010108,Census Tract 101.08; Erie County; Pennsylvania,2023,,,2.8,,,2180,41.4,51.7,43.7,4.4,0.0,0.2,1126,953,96,0,5,2180,
42049010201,049,Erie County,010201,Census Tract 102.01; Erie County; Pennsylvania,2023,74886.0,8.2,17.8,16.1,6.3,5880,44.8,91.0,0.5,4.1,0.1,4.3,5352,28,241,8,251,5880,13.6
42049010202,049,Erie County,010202,Census Tract 102.02; Erie County; Pennsylvania,2023,77627.0,8.2,18.6,39.8,4.2,5307,49.1,97.0,0.0,1.4,0.4,1.2,5146,0,74,22,65,5307,11.1
42049010301,049,Erie County,010301,Census Tract 103.01; Erie County; Pennsylvania,2023,86544.0,6.2,19.2,2.3,5.7,4887,44.3,96.7,0.1,0.1,0.0,3.1,4727,5,6,0,149,4887,8.2
42049010303,049,Erie County,010303,Census Tract 103.03; Erie County; Pennsylvania,2023,95440.0,6.1,23.2,21.0,4.0,5884,39.8,94.9,0.2,1.4,2.8,0.7,5584,12,83,164,41,5884,8.1
42049010304,049,Erie County,010304,Census Tract 103.04; Erie County; Pennsylvania,2023,114250.0,3.7,28.6,25.0,4.6,5272,44.8,94.2,0.2,2.0,0.1,3.5,4967,8,107,5,185,5272,7.0
42049010400,049,Erie County,010400,Census Tract 104; Erie County; Pennsylvania,2023,85223.0,9.6,27.6,30.8,3.1,4410,48.7,92.8,0.3,5.2,1.0,0.7,4093,12,230,44,31,4410,11.9
42049010500,049,Erie County,010500,Census Tract 105; Erie County; Pennsylvania,2023,64762.0,10.8,30.4,55.1,3.1,3842,48.9,95.7,1.4,1.8,0.7,0.4,3676,55,68,26,17,3842,11.6
42049010700,049,Erie County,010700,Census Tract 107; Erie County; Pennsylvania,2023,76602.0,7.8,18.9,17.2,0.9,4137,39.7,85.8,0.6,1.5,3.4,8.7,3551,26,61,140,359,4137,4.5
42049010800,049,Erie County,010800,Census Tract 108; Erie County; Pennsylvania,2023,73925.0,9.9,16.3,28.6,5.9,3397,43.6,90.7,4.3,1.8,1.2,2.0,3081,145,61,42,68,3397,20.2
42049010902,049,Erie County,010902,Census Tract 109.02; Erie County; Pennsylvania,2023,70142.0,9.4,21.3,25.0,7.0,4002,51.5,90.9,1.9,2.0,2.8,2.4,3637,75,79,114,97,4002,14.0
42049010903,049,Erie County,010903,Census Tract 109.03; Erie County; Pennsylvania,2023,91955.0,8.5,23.9,25.9,5.4,7263,37.2,86.5,1.0,2.8,5.3,4.4,6285,74,204,386,314,7263,6.6
42049010904,049,Erie County,010904,Census Tract 109.04; Erie County; Pennsylvania,2023,155474.0,3.1,28.4,0.0,0.4,5539,45.6,87.8,1.4,0.3,7.8,2.7,4863,78,19,434,145,5539,0.9
42049011001,049,Erie County,011001,Census Tract 110.01; Erie County; Pennsylvania,2023,61838.0,5.6,28.4,10.4,10.3,6990,39.4,87.3,2.9,0.0,2.9,6.9,6104,205,0,200,481,6990,10.7
42049011002,049,Erie County,011002,Census Tract 110.02; Erie County; Pennsylvania,2023,47772.0,11.9,22.6,38.3,19.2,4102,56.9,81.9,5.0,3.8,4.5,4.8,3358,206,157,186,195,4102,11.6
42049011101,049,Erie County,011101,Census Tract 111.01; Erie County; Pennsylvania,2023,75396.0,10.1,18.5,16.0,9.7,5424,37.1,86.4,2.8,3.2,4.3,3.3,4687,151,172,232,182,5424,19.9
42049011102,049,Erie County,011102,Census Tract 111.02; Erie County; Pennsylvania,2023,82456.0,7.9,30.9,15.8,6.4,3233,37.8,81.9,4.2,11.2,0.0,2.7,2649,135,361,0,88,3233,13.5
42049011201,049,Erie County,011201,Census Tract 112.01; Erie County; Pennsylvania,2023,78042.0,19.7,14.8,47.8,1.7,4470,45.0,94.8,2.6,0.7,0.0,1.9,4237,115,30,0,88,4470,11.7
42049011202,049,Erie County,011202,Census Tract 112.02; Erie County; Pennsylvania,2023,70542.0,10.7,18.7,16.2,4.8,7303,50.0,95.3,0.9,2.9,0.0,0.9,6958,66,209,0,70,7303,5.1
42049011300,049,Erie County,011300,Census Tract 113; Erie County; Pennsylvania,2023,46506.0,17.8,18.3,18.5,4.1,3189,37.9,84.9,0.9,5.0,2.8,6.4,2709,29,161,88,202,3189,25.8
42049011400,049,Erie County,011400,Census Tract 114; Erie County; Pennsylvania,2023,71281.0,14.9,24.9,47.1,2.8,3786,38.9,85.1,11.9,0.5,0.6,1.9,3221,452,20,21,72,3786,16.9
42049011503,049,Erie County,011503,Census Tract 115.03; Erie County; Pennsylvania,2023,81571.0,3.8,18.9,13.8,9.5,3799,45.1,92.5,1.6,2.2,1.9,1.8,3515,59,85,72,68,3799,10.6
42049011508,049,Erie County,011508,Census Tract 115.08; Erie County; Pennsylvania,2023,91719.0,7.1,20.3,11.7,1.4,5109,46.9,90.0,0.0,2.9,5.7,1.4,4599,0,150,291,69,5109,5.9
42049011509,049,Erie County,011509,Census Tract 115.09; Erie County; Pennsylvania,2023,65960.0,17.3,16.5,0.0,5.1,2754,47.0,93.5,1.2,1.4,0.0,3.9,2575,34,39,1,105,2754,13.1
42049011510,049,Erie County,011510,Census Tract 115.10; Erie County; Pennsylvania,2023,81250.0,5.1,16.0,0.0,1.0,2798,53.1,96.9,0.0,0.5,1.1,1.5,2711,0,14,31,42,2798,8.1
42049011511,049,Erie County,011511,Census Tract 115.11; Erie County; Pennsylvania,2023,,35.7,19.7,7.4,38.1,2177,20.0,81.0,4.8,2.7,10.0,1.5,1764,104,58,218,33,2177,12.7
42049011600,049,Erie County,011600,Census Tract 116; Erie County; Pennsylvania,2023,67469.0,16.0,16.9,10.7,9.9,4069,42.9,91.0,1.2,1.6,0.7,5.5,3702,48,64,29,226,4069,24.2
42049011701,049,Erie County,011701,Census Tract 117.01; Erie County; Pennsylvania,2023,74223.0,8.7,22.3,13.0,7.4,3003,41.9,93.5,0.3,3.5,1.8,0.9,2808,8,106,54,27,3003,12.6
42049011702,049,Erie County,011702,Census Tract 117.02; Erie County; Pennsylvania,2023,84539.0,7.8,10.7,0.0,5.5,5445,40.9,90.1,0.2,4.3,0.0,5.4,4906,9,236,0,294,5445,20.1
42049011801,049,Erie County,011801,Census Tract 118.01; Erie County; Pennsylvania,2023,68750.0,8.1,16.1,15.3,2.0,2707,37.6,97.5,0.1,1.3,0.3,0.8,2638,4,35,9,21,2707,14.7
42049011802,049,Erie County,011802,Census Tract 118.02; Erie County; Pennsylvania,2023,70966.0,13.1,15.9,9.7,2.1,2724,50.4,97.7,0.0,1.3,0.2,0.8,2660,0,35,6,23,2724,13.3
42049011900,049,Erie County,011900,Census Tract 119; Erie County; Pennsylvania,2023,45081.0,29.2,20.2,28.3,16.0,6162,37.8,86.6,0.5,5.4,0.4,7.1,5339,31,331,25,436,6162,27.8
42049012001,049,Erie County,012001,Census Tract 120.01; Erie County; Pennsylvania,2023,77885.0,5.9,16.1,12.7,3.2,2514,51.5,93.9,0.0,3.0,0.7,2.4,2361,0,76,18,59,2514,13.9
42049012002,049,Erie County,012002,Census Tract 120.02; Erie County; Pennsylvania,2023,42754.0,21.0,8.1,10.9,13.9,2911,47.2,90.7,0.0,4.9,0.0,4.4,2641,0,142,0,128,2911,32.1
42049012100,049,Erie County,012100,Census Tract 121; Erie County; Pennsylvania,2023,71865.0,10.2,12.1,27.4,1.5,7310,44.9,94.7,0.1,3.6,0.2,1.4,6923,4,264,13,106,7310,12.3
42049012201,049,Erie County,012201,Census Tract 122.01; Erie County; Pennsylvania,2023,81250.0,8.0,23.3,15.2,2.1,6164,41.2,95.0,1.0,2.7,0.0,1.3,5853,63,168,0,80,6164,16.1
42049012202,049,Erie County,012202,Census Tract 122.02; Erie County; Pennsylvania,2023,40862.0,24.6,43.3,43.7,5.6,5303,23.6,91.4,1.7,3.5,1.3,2.1,4849,88,187,69,110,5303,12.7
42049012400,049,Erie County,012400,Census Tract 124; Erie County; Pennsylvania,2023,60278.0,10.5,19.1,11.8,9.4,1295,50.6,88.7,1.0,1.2,0.5,8.6,1149,13,15,7,111,1295,10.6
42053530100,053,Forest County,530100,Census Tract 5301; Forest County; Pennsylvania,2023,49405.0,12.0,8.3,4.1,6.1,4212,41.6,67.7,21.6,7.2,0.6,2.9,2852,911,305,27,117,4212,16.8
42053530200,053,Forest County,530200,Census Tract 5302; Forest County; Pennsylvania,2023,51029.0,16.6,9.5,3.1,7.9,2573,57.1,95.6,0.8,1.3,0.6,1.7,2461,20,33,15,44,2573,15.4
42065950100,065,Jefferson County,950100,Census Tract 9501; Jefferson County; Pennsylvania,2023,54293.0,10.2,11.6,4.1,7.4,2044,48.7,97.1,0.0,0.0,0.0,2.9,1984,0,0,0,60,2044,11.8
42065950200,065,Jefferson County,950200,Census Tract 9502; Jefferson County; Pennsylvania,2023,65436.0,13.8,10.0,9.3,3.0,3018,43.7,96.9,0.9,0.9,0.0,1.3,2925,26,28,0,39,3018,8.6
42065950300,065,Jefferson County,950300,Census Tract 9503; Jefferson County; Pennsylvania,2023,61983.0,13.9,11.3,9.8,5.7,5543,45.0,95.9,0.8,0.4,0.2,2.7,5317,47,21,11,147,5543,13.3
42065950400,065,Jefferson County,950400,Census Tract 9504; Jefferson County; Pennsylvania,2023,60677.0,9.6,10.0,17.4,7.3,1772,39.2,95.7,0.7,1.2,0.0,2.4,1696,12,21,0,43,1772,12.2
42065950500,065,Jefferson County,950500,Census Tract 9505; Jefferson County; Pennsylvania,2023,49722.0,18.8,18.0,19.5,15.3,2187,37.7,85.6,0.5,6.2,3.1,4.6,1872,11,136,67,101,2187,21.8
42065950600,065,Jefferson County,950600,Census Tract 9506; Jefferson County; Pennsylvania,2023,65433.0,11.5,12.0,20.3,4.4,5563,44.8,96.1,0.5,0.8,0.3,2.3,5347,27,42,15,132,5563,14.0
42065950700,065,Jefferson County,950700,Census Tract 9507; Jefferson County; Pennsylvania,2023,46433.0,23.1,10.3,22.5,10.7,2622,35.4,96.3,0.0,1.1,0.5,2.1,2526,0,29,14,53,2622,27.4
42065950800,065,Jefferson County,950800,Census Tract 9508; Jefferson County; Pennsylvania,2023,58407.0,15.0,11.9,10.9,7.5,3544,48.8,96.3,1.0,0.2,0.0,2.5,3414,34,6,0,90,3544,16.1
42065950900,065,Jefferson County,950900,Census Tract 9509; Jefferson County; Pennsylvania,2023,65156.0,14.1,11.9,7.9,4.5,4101,45.0,96.4,0.0,2.0,0.0,1.6,3955,0,83,2,61,4101,8.9
42065951000,065,Jefferson County,951000,Census Tract 9510; Jefferson County; Pennsylvania,2023,59261.0,16.2,7.2,10.1,17.5,4244,34.4,97.2,0.0,0.2,0.0,2.6,4124,0,9,0,111,4244,14.5
42065951100,065,Jefferson County,951100,Census Tract 9511; Jefferson County; Pennsylvania,2023,56310.0,13.0,13.2,16.5,4.2,3772,49.7,96.2,0.3,0.4,0.0,3.1,3627,12,16,0,117,3772,12.6
42065951200,065,Jefferson County,951200,Census Tract 9512; Jefferson County; Pennsylvania,2023,44645.0,23.1,15.0,19.9,8.9,3362,40.2,98.2,0.5,0.3,0.0,1.0,3300,16,10,0,36,3362,27.7
42065951300,065,Jefferson County,951300,Census Tract 9513; Jefferson County; Pennsylvania,2023,39111.0,18.9,11.9,40.7,17.7,2327,55.7,97.6,0.2,1.4,0.0,0.8,2271,4,32,0,20,2327,20.3
42083420100,083,McKean County,420100,Census Tract 4201; McKean County; Pennsylvania,2023,72159.0,4.5,16.5,27.1,2.6,3153,51.6,97.9,0.0,0.2,0.2,1.7,3086,0,5,6,56,3153,7.9
42083420200,083,McKean County,420200,Census Tract 4202; McKean County; Pennsylvania,2023,55726.0,29.1,10.9,24.1,26.7,3021,35.6,91.5,0.1,3.5,0.0,4.9,2764,2,105,0,150,3021,38.2
42083420300,083,McKean County,420300,Census Tract 4203; McKean County; Pennsylvania,2023,53833.0,34.0,11.6,26.9,19.7,2298,39.7,97.1,2.0,0.3,0.0,0.6,2231,47,8,0,12,2298,40.5
42083420400,083,McKean County,420400,Census Tract 4204; McKean County; Pennsylvania,2023,60288.0,8.9,16.9,6.4,6.7,2419,46.9,92.4,1.7,0.1,1.5,4.3,2235,42,3,37,102,2419,10.3
42083420500,083,McKean County,420500,Census Tract 4205; McKean County; Pennsylvania,2023,65019.0,14.0,14.6,0.0,3.1,2740,48.6,95.4,0.0,1.8,0.5,2.3,2615,0,48,13,64,2740,15.9
42083420600,083,McKean County,420600,Census Tract 4206; McKean County; Pennsylvania,2023,60675.0,11.6,10.1,8.7,3.4,5061,51.0,98.4,0.0,0.4,0.2,1.0,4981,2,21,12,45,5061,13.6
42083420700,083,McKean County,420700,Census Tract 4207; McKean County; Pennsylvania,2023,59135.0,19.8,13.7,22.3,4.9,4323,41.1,93.5,0.9,0.9,0.3,4.4,4040,37,39,15,192,4323,23.6
42083420800,083,McKean County,420800,Census Tract 4208; McKean County; Pennsylvania,2023,72564.0,14.9,9.6,4.7,7.3,3682,46.7,95.4,0.7,1.8,0.1,2.0,3514,27,68,5,68,3682,11.5
42083420900,083,McKean County,420900,Census Tract 4209; McKean County; Pennsylvania,2023,52431.0,8.2,10.6,14.0,5.0,1782,51.3,89.5,0.0,0.0,0.0,10.5,1595,0,0,0,187,1782,15.2
42083421000,083,McKean County,421000,Census Tract 4210; McKean County; Pennsylvania,2023,74987.0,7.9,11.7,24.8,3.0,5657,36.9,77.3,12.4,6.2,1.2,2.9,4373,699,350,66,169,5657,9.5
42083421100,083,McKean County,421100,Census Tract 4211; McKean County; Pennsylvania,2023,52468.0,7.9,12.0,11.4,10.7,3742,44.9,94.3,0.2,0.4,0.6,4.5,3529,9,16,24,164,3742,17.7
42083421200,083,McKean County,421200,Census Tract 4212; McKean County; Pennsylvania,2023,68553.0,5.2,17.1,6.1,2.6,2271,42.0,95.3,0.1,3.0,0.7,0.9,2164,3,68,16,20,2271,11.0
42121200000,121,Venango County,200000,Census Tract 2000; Venango County; Pennsylvania,2023,59353.0,12.2,11.8,8.3,1.7,2958,51.4,96.5,0.2,1.1,0.4,1.8,2854,5,34,11,54,2958,12.6
42121200100,121,Venango County,200100,Census Tract 2001; Venango County; Pennsylvania,2023,64444.0,10.1,10.2,32.4,3.8,3692,48.9,97.3,0.0,0.4,0.1,2.2,3594,0,13,4,81,3692,15.7
42121200201,121,Venango County,200201,Census Tract 2002.01; Venango County; Pennsylvania,2023,63750.0,13.9,11.9,25.5,6.2,3255,50.8,94.5,0.8,0.9,0.0,3.8,3076,27,30,1,121,3255,11.3
42121200202,121,Venango County,200202,Census Tract 2002.02; Venango County; Pennsylvania,2023,96071.0,3.6,24.0,0.0,1.0,1956,55.5,95.2,1.5,1.8,0.5,1.0,1863,29,35,10,19,1956,3.3
42121200300,121,Venango County,200300,Census Tract 2003; Venango County; Pennsylvania,2023,38594.0,36.8,10.6,39.2,18.9,1587,39.6,90.0,5.1,1.3,0.0,3.6,1429,81,21,0,56,1587,26.2
42121200400,121,Venango County,200400,Census Tract 2004; Venango County; Pennsylvania,2023,57375.0,13.8,19.0,11.6,8.8,2199,43.8,86.5,1.8,0.4,0.0,11.3,1903,39,8,0,249,2199,36.0
42121200500,121,Venango County,200500,Census Tract 2005; Venango County; Pennsylvania,2023,53929.0,7.0,9.7,10.5,11.6,2240,43.1,81.2,7.4,0.4,0.6,10.4,1818,166,8,14,234,2240,17.4
42121200600,121,Venango County,200600,Census Tract 2006; Venango County; Pennsylvania,2023,59594.0,9.1,14.3,6.9,4.6,4745,47.4,97.5,0.6,0.8,0.0,1.1,4626,29,39,0,51,4745,14.8
42121200700,121,Venango County,200700,Census Tract 2007; Venango County; Pennsylvania,2023,40691.0,28.9,5.8,19.9,28.4,1631,40.4,90.6,1.7,4.3,0.0,3.4,1477,28,70,0,56,1631,54.1
42121200800,121,Venango County,200800,Census Tract 2008; Venango County; Pennsylvania,2023,53500.0,22.3,14.1,18.7,5.2,2602,38.6,93.4,0.6,2.4,1.3,2.3,2430,15,63,35,59,2602,18.3
42121200900,121,Venango County,200900,Census Tract 2009; Venango County; Pennsylvania,2023,49688.0,18.0,9.3,32.0,21.9,2150,40.0,97.5,0.1,1.0,0.0,1.4,2097,2,21,0,30,2150,32.9
42121201000,121,Venango County,201000,Census Tract 2010; Venango County; Pennsylvania,2023,66771.0,8.7,12.5,14.8,12.0,3134,44.4,94.1,0.8,0.1,1.4,3.6,2950,24,4,43,113,3134,31.5
42121201100,121,Venango County,201100,Census Tract 2011; Venango County; Pennsylvania,2023,68306.0,14.0,12.8,21.8,2.3,4538,50.5,92.7,0.7,1.3,0.2,5.1,4208,30,61,11,228,4538,17.4
42121201200,121,Venango County,201200,Census Tract 2012; Venango County; Pennsylvania,2023,59929.0,7.1,11.5,19.1,3.9,2922,51.8,95.3,0.2,0.4,0.8,3.3,2784,7,12,22,97,2922,16.3
42121201300,121,Venango County,201300,Census Tract 2013; Venango County; Pennsylvania,2023,67989.0,13.6,13.5,11.8,3.1,3378,48.5,93.8,1.2,2.2,0.0,2.8,3169,42,73,0,94,3378,19.6
42121201400,121,Venango County,201400,Census Tract 2014; Venango County; Pennsylvania,2023,66721.0,9.6,11.3,4.1,7.4,3774,46.5,95.8,0.1,1.0,0.1,3.0,3616,5,39,4,110,3774,13.2
42121201500,121,Venango County,201500,Census Tract 2015; Venango County; Pennsylvania,2023,59709.0,10.3,12.0,16.9,8.6,3335,52.9,96.0,0.1,1.7,0.4,1.8,3201,3,56,15,60,3335,13.3
42123970100,123,Warren County,970100,Census Tract 9701; Warren County; Pennsylvania,2023,64375.0,13.0,9.7,3.3,1.7,2138,49.2,94.9,0.3,3.1,0.1,1.6,2028,6,66,3,35,2138,14.3
42123970200,123,Warren County,970200,Census Tract 9702; Warren County; Pennsylvania,2023,92188.0,9.3,15.5,9.3,4.8,4044,48.4,93.2,0.1,1.5,1.9,3.3,3771,6,61,78,128,4044,8.1
42123970300,123,Warren County,970300,Census Tract 9703; Warren County; Pennsylvania,2023,66250.0,13.3,7.8,13.7,6.4,5068,42.6,91.1,0.0,2.2,0.3,6.4,4618,2,112,13,323,5068,9.0
42123970400,123,Warren County,970400,Census Tract 9704; Warren County; Pennsylvania,2023,63281.0,11.2,9.9,4.0,2.2,2598,52.9,93.8,0.4,1.9,0.1,3.8,2437,11,49,2,99,2598,15.7
42123970500,123,Warren County,970500,Census Tract 9705; Warren County; Pennsylvania,2023,51250.0,12.8,13.0,14.6,13.1,3450,47.4,97.6,0.2,0.8,0.0,1.4,3366,8,29,0,47,3450,14.0
42123970600,123,Warren County,970600,Census Tract 9706; Warren County; Pennsylvania,2023,56130.0,16.5,18.3,21.2,4.7,3390,45.5,96.7,0.3,0.5,0.0,2.5,3277,10,18,0,85,3390,11.1
42123970700,123,Warren County,970700,Census Tract 9707; Warren County; Pennsylvania,2023,72964.0,9.9,21.8,7.3,0.7,3044,43.6,98.9,0.0,0.5,0.0,0.6,3009,0,15,0,20,3044,9.5
42123970800,123,Warren County,970800,Census Tract 9708; Warren County; Pennsylvania,2023,40385.0,8.9,9.7,18.2,8.2,2817,49.6,92.7,3.5,0.0,1.0,2.8,2610,100,0,29,78,2817,17.3
42123970900,123,Warren County,970900,Census Tract 9709; Warren County; Pennsylvania,2023,45697.0,15.5,12.9,11.3,7.5,3412,39.8,94.5,2.2,0.6,0.5,2.2,3225,76,19,18,74,3412,21.8
42123971000,123,Warren County,971000,Census Tract 9710; Warren County; Pennsylvania,2023,72244.0,8.2,15.5,18.5,13.9,2099,59.4,95.9,2.2,0.5,0.3,1.1,2012,46,11,7,23,2099,3.8
42123971100,123,Warren County,971100,Census Tract 9711; Warren County; Pennsylvania,2023,71042.0,6.3,11.0,10.0,1.5,2825,53.9,97.0,0.4,1.2,0.4,1.0,2740,11,35,10,29,2825,9.7
42123971200,123,Warren County,971200,Census Tract 9712; Warren County; Pennsylvania,2023,55167.0,10.9,11.4,3.5,4.6,1656,43.1,97.0,0.7,0.0,0.1,2.2,1606,12,0,2,36,1656,17.5
42123971400,123,Warren County,971400,Census Tract 9714; Warren County; Pennsylvania,2023,47639.0,6.9,5.6,3.9,10.2,1633,55.0,92.5,0.2,2.3,0.0,5.0,1511,4,38,0,80,1633,24.4
