ZCTA5CE20,zcta,year,area_name,county_name,median_household_income,total_population,median_age,state,poverty_rate,bachelors_rate,rent_burden_rate,no_vehicle_rate,pct_white_non_hispanic,pct_black,pct_hispanic,pct_asian,pct_other,unemployment_rate,homeownership_rate,snap_participation_rate
15711,15711,2020,Anita,Jefferson,58750.0,417,38.4,PA,8.6,7.1,12.5,2.3,100.0,0.0,0.0,0.0,0.0,6.8,77.0,11.5
15715,15715,2020,Big Run,Jefferson,41250.0,406,46.9,PA,20.9,7.8,0.0,2.5,98.3,0.0,0.0,0.0,1.7,5.8,74.2,13.1
15721,15721,2020,Burnside,Clearfield,46875.0,175,52.8,PA,14.3,0.0,0.0,0.0,100.0,0.0,0.0,0.0,0.0,23.9,80.2,9.3
15724,15724,2020,Cherry Tree,Clearfield,49653.0,2059,51.3,PA,7.8,2.5,3.9,6.5,98.0,0.0,1.0,0.4,0.6,7.8,88.1,12.5
15730,15730,2020,Coolspring,Jefferson,50833.0,113,45.1,PA,37.2,2.7,0.0,0.0,74.3,0.0,0.0,0.0,25.7,6.8,90.0,20.0
15733,15733,2020,De Lancey,Jefferson,15341.0,152,54.3,PA,48.0,4.4,0.0,50.6,100.0,0.0,0.0,0.0,0.0,36.7,94.1,61.2
15742,15742,2020,Glen Campbell,Clearfield,47321.0,1034,39.1,PA,8.4,6.2,3.5,9.5,98.6,0.0,0.5,0.0,0.9,7.2,83.1,16.3
15744,15744,2020,Hamilton,Jefferson,42000.0,145,25.1,PA,4.8,9.6,0.0,8.3,99.3,0.0,0.7,0.0,0.0,4.2,85.4,10.4
15753,15753,2020,La Jose,Clearfield,45179.0,480,39.7,PA,17.7,5.6,4.5,7.3,100.0,0.0,0.0,0.0,0.0,13.7,87.6,24.9
15757,15757,2020,Mahaffey,Clearfield,40515.0,1466,50.6,PA,18.1,4.2,3.8,3.3,96.2,0.0,2.5,0.8,0.5,5.2,87.1,23.1
15764,15764,2020,Oliveburg,Jefferson,50227.0,143,61.2,PA,21.0,15.1,100.0,0.0,95.8,0.0,0.0,0.0,4.2,0.0,95.9,4.1
15767,15767,2020,Punxsutawney,Clearfield,43653.0,14229,44.6,PA,18.0,12.3,23.1,11.0,97.2,0.3,0.7,0.5,1.3,4.3,72.5,16.1
15770,15770,2020,Ringgold,Jefferson,63056.0,229,52.3,PA,8.7,4.8,0.0,10.2,95.2,0.0,4.8,0.0,-0.0,4.4,93.2,6.8
15772,15772,2020,Rossiter,Jefferson,47768.0,1748,35.0,PA,22.5,5.0,11.5,16.0,98.6,0.0,0.0,0.0,1.4,11.7,78.1,19.7
15776,15776,2020,Sprankle Mills,Jefferson,33750.0,56,49.5,PA,3.6,11.4,0.0,0.0,100.0,0.0,0.0,0.0,0.0,14.8,93.1,6.9
15778,15778,2020,Timblin,Jefferson,78125.0,283,47.0,PA,5.3,5.9,66.7,6.2,90.1,0.0,9.9,0.0,0.0,2.8,95.4,16.9
15780,15780,2020,Valier,Jefferson,60536.0,116,60.8,PA,13.8,13.3,0.0,0.0,100.0,0.0,0.0,0.0,0.0,0.0,94.7,21.1
15781,15781,2020,Walston,Jefferson,48125.0,86,53.9,PA,0.0,26.7,0.0,0.0,100.0,0.0,0.0,0.0,0.0,16.3,95.2,14.3
15784,15784,2020,Worthville,Jefferson,68750.0,46,57.8,PA,2.2,16.7,33.3,0.0,97.8,0.0,2.2,0.0,0.0,0.0,87.0,8.7
15801,15801,2020,Du Bois,Clearfield,53634.0,18871,43.8,PA,11.1,16.7,21.7,7.6,96.1,0.9,1.7,0.6,0.7,6.4,69.5,17.6
15821,15821,2020,Benezett,Elk,45341.0,122,54.0,PA,3.3,6.2,0.0,0.0,100.0,0.0,0.0,0.0,0.0,5.2,88.5,3.3
15823,15823,2020,Brockport,Clearfield,54338.0,1123,43.1,PA,7.7,6.1,0.0,4.4,98.6,0.1,0.0,0.0,1.3,1.2,84.9,9.5
15824,15824,2020,Brockway,Clearfield,50838.0,4962,45.2,PA,11.7,8.9,9.7,7.1,97.7,0.6,0.2,0.3,1.2,2.6,78.3,15.6
15825,15825,2020,Brookville,Jefferson,57960.0,9229,42.4,PA,11.9,12.8,16.5,4.1,95.4,0.5,2.4,0.0,1.7,4.1,72.5,11.8
15827,15827,2020,Byrnedale,Elk,68438.0,317,38.4,PA,0.0,19.1,0.0,7.4,100.0,0.0,0.0,0.0,0.0,7.3,93.4,0.0
15828,15828,2020,Clarington,Jefferson,31667.0,217,61.3,PA,11.1,5.3,11.8,9.0,97.2,0.0,0.5,0.0,2.3,5.0,86.1,13.1
15829,15829,2020,Corsica,Jefferson,61250.0,1342,39.4,PA,7.9,12.2,12.0,5.8,94.9,0.1,0.3,0.0,4.7,2.8,79.2,16.0
15832,15832,2020,Driftwood,Clearfield,33333.0,231,60.1,PA,15.6,5.7,0.0,6.1,97.8,0.0,0.0,0.0,2.2,28.4,81.1,18.2
15834,15834,2020,Emporium,Elk,40675.0,4107,50.3,PA,18.5,8.3,20.6,10.2,94.2,0.1,0.9,0.3,4.5,10.0,65.4,24.7
15840,15840,2020,Falls Creek,Clearfield,50887.0,1858,49.9,PA,17.5,11.0,32.0,3.0,98.0,0.2,0.5,0.4,0.9,5.9,78.1,17.9
15841,15841,2020,Force,Elk,37813.0,383,33.8,PA,18.5,13.8,89.7,6.5,100.0,0.0,0.0,0.0,0.0,0.0,82.8,19.5
15845,15845,2020,Johnsonburg,Elk,48011.0,2857,45.1,PA,10.5,11.1,4.4,6.6,96.0,1.5,0.9,0.0,1.6,8.0,73.3,12.6
15846,15846,2020,Kersey,Clearfield,73230.0,3455,49.7,PA,3.3,9.3,0.0,0.0,96.9,1.0,0.0,2.1,-0.0,2.6,93.3,4.7
15847,15847,2020,Knox Dale,Jefferson,38594.0,277,51.9,PA,9.4,4.5,41.7,3.8,97.1,2.9,0.0,0.0,0.0,5.7,81.8,17.4
15848,15848,2020,Luthersburg,Clearfield,42813.0,954,46.4,PA,17.8,12.8,0.0,6.7,97.1,0.0,1.5,1.5,0.0,10.5,90.6,12.9
15849,15849,2020,Penfield,Clearfield,51250.0,1283,47.3,PA,11.8,6.1,13.5,3.3,98.1,0.0,0.0,1.4,0.5,3.9,83.5,15.2
15851,15851,2020,Reynoldsville,Clearfield,50308.0,6478,39.8,PA,12.7,9.2,18.9,8.4,97.5,0.7,0.5,0.2,1.1,7.1,76.0,19.1
15853,15853,2020,Ridgway,Jefferson,54081.0,6379,44.7,PA,15.3,14.2,20.7,8.6,94.9,1.3,2.4,0.0,1.4,7.4,77.4,17.9
15856,15856,2020,Rockton,Clearfield,51053.0,804,56.9,PA,6.3,10.5,8.7,1.3,99.0,0.0,0.4,0.4,0.2,4.6,93.8,7.5
15857,15857,2020,Saint Marys,Elk,54970.0,12433,49.1,PA,9.1,14.1,14.1,9.1,97.9,0.2,0.6,0.3,1.0,6.3,73.5,13.2
15860,15860,2020,Sigel,Jefferson,56118.0,1075,54.2,PA,9.0,7.0,2.5,1.8,99.3,0.0,0.2,0.2,0.3,3.0,84.3,9.0
15861,15861,2020,Sinnamahoning,Clearfield,35625.0,135,61.4,PA,14.8,14.4,12.5,0.0,95.6,0.0,0.0,0.0,4.4,4.6,89.5,10.5
15863,15863,2020,Stump Creek,Jefferson,41607.0,184,53.4,PA,7.7,0.0,25.0,0.0,100.0,0.0,0.0,0.0,0.0,0.0,95.6,22.0
15864,15864,2020,Summerville,Jefferson,48958.0,1489,46.7,PA,12.5,8.9,5.3,3.2,99.5,0.0,0.2,0.0,0.3,5.7,81.8,13.0
15865,15865,2020,Sykesville,Clearfield,40560.0,1272,43.7,PA,14.9,7.9,8.3,8.0,99.5,0.0,0.5,0.0,0.0,4.9,63.3,17.6
15866,15866,2020,Troutville,Clearfield,54583.0,259,28.2,PA,15.1,2.9,0.0,28.4,100.0,0.0,0.0,0.0,0.0,2.1,87.7,11.1
15868,15868,2020,Weedville,Clearfield,55417.0,1448,49.4,PA,10.0,15.4,0.0,0.3,98.3,0.0,0.0,1.2,0.5,6.7,86.8,17.6
15870,15870,2020,Wilcox,Elk,48816.0,1151,48.1,PA,12.7,11.5,30.9,2.6,97.8,0.0,0.0,0.4,1.8,4.2,89.9,8.6
16020,16020,2020,Boyers,Venango,54821.0,1006,43.8,PA,7.4,10.2,3.3,2.0,97.6,0.1,0.4,0.7,1.2,7.0,84.8,9.0
16028,16028,2020,East Brady,Clarion,47125.0,1692,46.0,PA,13.1,10.9,10.7,8.8,93.0,0.0,0.2,0.4,6.4,5.0,72.8,20.3
16036,16036,2020,Foxburg,Clarion,49583.0,322,54.0,PA,6.5,25.7,7.9,2.9,93.5,0.0,4.3,0.0,2.2,11.4,72.3,19.0
16038,16038,2020,Harrisville,Venango,69931.0,3656,43.4,PA,6.7,15.7,7.7,6.9,98.3,0.5,0.1,0.0,1.1,5.4,82.0,7.3
16041,16041,2020,Karns City,Clarion,55682.0,2236,43.9,PA,10.9,12.2,26.5,2.9,97.8,0.0,0.0,0.0,2.2,4.1,84.5,16.7
16049,16049,2020,Parker,Clarion,49331.0,2982,45.9,PA,12.8,7.8,11.8,5.1,96.2,0.6,0.5,0.0,2.7,7.9,77.4,19.2
16054,16054,2020,Saint Petersburg,Clarion,44000.0,344,56.3,PA,7.6,8.6,25.0,4.0,98.8,0.0,0.0,0.0,1.2,2.0,83.9,7.5
16110,16110,2020,Adamsville,Crawford,67250.0,328,56.4,PA,4.9,7.5,12.5,14.8,100.0,0.0,0.0,0.0,0.0,1.1,94.6,6.0
16111,16111,2020,Atlantic,Crawford,46094.0,1422,34.2,PA,16.3,3.3,19.1,26.5,98.5,0.0,0.0,0.0,1.5,0.8,86.4,10.2
16125,16125,2020,Greenville,Crawford,49790.0,17056,44.8,PA,12.1,14.4,8.5,8.6,96.0,1.4,1.1,0.2,1.3,6.2,69.4,19.7
16127,16127,2020,Grove City,Venango,60394.0,15263,36.1,PA,9.2,18.8,18.8,5.8,93.6,2.2,1.8,0.6,1.8,3.9,72.1,13.6
16130,16130,2020,Hadley,Crawford,47200.0,2089,46.3,PA,15.2,10.4,9.6,8.8,96.6,0.0,0.7,0.1,2.6,7.0,79.9,10.8
16131,16131,2020,Hartstown,Crawford,61136.0,871,44.6,PA,7.2,6.2,18.1,4.9,97.2,0.0,2.8,0.0,-0.0,2.9,76.1,10.3
16134,16134,2020,Jamestown,Crawford,46641.0,3927,46.8,PA,14.4,10.3,15.6,5.7,98.1,0.2,0.6,0.1,1.0,4.6,86.7,16.5
16145,16145,2020,Sandy Lake,Venango,49825.0,2953,45.8,PA,12.6,15.6,15.4,3.2,92.9,0.3,0.8,0.7,5.3,6.2,82.0,15.1
16153,16153,2020,Stoneboro,Venango,55862.0,2296,45.7,PA,11.1,13.5,9.1,6.8,97.1,0.0,1.6,0.4,0.9,1.4,80.0,11.6
16213,16213,2020,Callensburg,Clarion,38750.0,123,50.1,PA,17.1,2.2,17.4,12.9,100.0,0.0,0.0,0.0,0.0,4.2,62.9,12.9
16214,16214,2020,Clarion,Clarion,43188.0,10276,28.7,PA,25.4,21.3,31.2,10.1,92.5,4.7,2.0,0.4,0.4,8.4,46.0,17.9
16217,16217,2020,Cooksburg,Jefferson,40208.0,128,65.2,PA,0.0,10.2,0.0,29.8,100.0,0.0,0.0,0.0,0.0,0.0,85.7,8.3
16218,16218,2020,Cowansville,Clarion,60156.0,1326,39.2,PA,13.0,12.8,36.0,0.6,90.9,7.5,0.0,0.0,1.6,8.8,94.6,13.6
16222,16222,2020,Dayton,Jefferson,49653.0,2923,34.8,PA,16.6,13.2,25.8,18.1,99.0,0.0,0.0,0.5,0.5,6.9,85.1,9.8
16224,16224,2020,Fairmount City,Clarion,64583.0,1134,41.5,PA,7.5,9.4,0.0,7.6,97.9,0.0,1.5,0.0,0.6,2.2,75.6,7.6
16230,16230,2020,Hawthorn,Clarion,42917.0,467,48.2,PA,8.2,6.9,31.7,3.6,98.9,1.1,0.0,0.0,-0.0,10.6,79.1,14.3
16232,16232,2020,Knox,Clarion,48021.0,4199,40.9,PA,11.2,11.5,11.5,9.4,97.3,0.0,1.0,0.1,1.6,4.5,75.9,17.3
16233,16233,2020,Leeper,Jefferson,69688.0,1208,51.7,PA,10.2,12.3,22.2,3.3,94.5,0.0,0.6,1.7,3.2,8.4,88.5,8.8
16235,16235,2020,Lucinda,Clarion,67037.0,1185,44.7,PA,5.5,20.2,10.4,1.1,90.4,0.0,0.0,0.7,8.9,1.7,90.9,4.6
16239,16239,2020,Marienville,Elk,40833.0,4458,37.2,PA,20.5,3.9,7.4,2.9,54.7,33.6,8.8,0.1,2.8,3.8,83.9,21.0
16240,16240,2020,Mayport,Jefferson,49837.0,1573,42.1,PA,11.3,8.5,17.8,7.7,99.0,0.8,0.0,0.2,-0.0,4.2,76.2,18.8
16242,16242,2020,New Bethlehem,Clarion,48902.0,4259,47.4,PA,13.9,9.9,15.1,9.3,98.7,0.3,0.6,0.1,0.3,4.2,73.5,16.3
16245,16245,2020,Oak Ridge,Clarion,45417.0,229,37.3,PA,9.2,12.8,6.5,2.9,100.0,0.0,0.0,0.0,0.0,6.7,54.9,21.6
16248,16248,2020,Rimersburg,Clarion,48963.0,3059,48.7,PA,17.8,9.0,18.6,4.7,94.8,0.1,1.7,1.2,2.2,9.6,72.4,17.3
16254,16254,2020,Shippenville,Clarion,55435.0,3572,45.0,PA,10.8,15.2,9.0,3.7,95.6,1.0,0.3,0.6,2.5,4.9,82.2,12.4
16255,16255,2020,Sligo,Clarion,47381.0,1690,43.7,PA,15.5,9.1,21.4,8.2,96.0,0.1,0.7,0.1,3.1,5.6,77.4,16.4
16256,16256,2020,Smicksburg,Jefferson,41500.0,2116,19.8,PA,32.7,5.7,0.0,47.3,99.6,0.0,0.2,0.0,0.2,2.3,91.2,6.1
16258,16258,2020,Strattanville,Jefferson,49250.0,1648,44.1,PA,13.0,16.3,5.2,10.5,91.3,0.3,0.0,0.0,8.4,2.0,65.3,19.3
16259,16259,2020,Templeton,Clarion,48506.0,2070,46.4,PA,10.2,4.2,8.1,3.4,96.1,0.0,2.9,0.0,1.0,9.4,80.1,16.2
16260,16260,2020,Vowinckel,Clarion,44038.0,293,53.6,PA,11.3,7.6,0.0,0.0,100.0,0.0,0.0,0.0,0.0,0.0,87.3,14.0
16301,16301,2020,Oil City,Venango,47072.0,15044,45.0,PA,15.2,15.5,15.5,9.5,95.4,0.7,1.4,0.1,2.4,7.4,70.0,23.2
16311,16311,2020,Carlton,Venango,67500.0,453,43.4,PA,2.0,7.5,0.0,3.0,98.9,0.0,1.1,0.0,-0.0,0.4,89.5,5.0
16312,16312,2020,Chandlers Valley,Warren,,0,,PA,,,,,,,,,,,,
16313,16313,2020,Clarendon,McKean,47115.0,1785,49.6,PA,19.6,8.8,17.9,4.3,97.3,0.1,0.9,0.7,1.0,5.2,81.6,15.9
16314,16314,2020,Cochranton,Venango,56596.0,5240,44.3,PA,7.1,11.7,10.0,3.3,96.0,0.6,0.6,0.3,2.5,3.6,84.0,9.9
16316,16316,2020,Conneaut Lake,Crawford,59212.0,4821,48.6,PA,7.3,15.4,13.9,3.3,97.3,0.1,1.5,0.3,0.8,3.6,80.8,12.2
16317,16317,2020,Cooperstown,Venango,49406.0,1327,48.2,PA,10.6,8.3,45.2,0.7,97.0,0.0,0.0,0.0,3.0,11.6,83.1,14.9
16319,16319,2020,Cranberry,Clarion,52426.0,1244,57.0,PA,3.3,10.4,0.0,1.1,99.7,0.0,0.2,0.0,0.1,1.2,94.7,8.5
16321,16321,2020,East Hickory,Forest,,31,72.3,PA,9.7,0.0,27.3,0.0,100.0,0.0,0.0,0.0,0.0,0.0,57.7,38.5
16322,16322,2020,Endeavor,Forest,27188.0,86,45.7,PA,16.3,0.0,,14.9,100.0,0.0,0.0,0.0,0.0,16.3,100.0,4.3
16323,16323,2020,Franklin,Venango,51135.0,15141,48.6,PA,13.6,11.2,17.2,8.8,93.2,2.5,1.1,0.4,2.8,5.5,67.1,19.2
16326,16326,2020,Fryburg,Clarion,49954.0,340,41.8,PA,2.1,11.9,0.0,0.0,100.0,0.0,0.0,0.0,0.0,1.0,81.7,0.0
16327,16327,2020,Guys Mills,Venango,62431.0,2813,44.1,PA,6.1,11.4,21.7,3.0,96.7,1.0,1.2,0.2,0.9,3.9,90.1,7.6
16328,16328,2020,Hydetown,Crawford,42083.0,215,22.5,PA,49.8,1.0,10.3,0.0,85.6,3.7,2.8,0.0,7.9,15.6,52.5,37.7
16329,16329,2020,Irvine,Warren,59706.0,483,48.6,PA,2.9,4.8,0.0,2.5,95.9,0.0,0.0,0.0,4.1,3.2,85.8,6.9
16331,16331,2020,Kossuth,Clarion,67969.0,49,54.2,PA,0.0,28.6,0.0,0.0,100.0,0.0,0.0,0.0,0.0,0.0,87.0,0.0
16332,16332,2020,Lickingville,Clarion,183000.0,29,51.7,PA,0.0,27.8,,0.0,100.0,0.0,0.0,0.0,0.0,0.0,100.0,0.0
16333,16333,2020,Ludlow,McKean,44750.0,269,54.5,PA,11.2,5.6,0.0,6.6,98.5,0.0,0.7,0.0,0.8,18.5,92.6,15.7
16334,16334,2020,Marble,Clarion,68571.0,330,51.3,PA,4.8,7.5,50.0,1.9,100.0,0.0,0.0,0.0,0.0,1.7,96.2,1.9
16335,16335,2020,Meadville,Crawford,49555.0,27120,43.7,PA,11.6,14.7,17.3,12.0,91.5,2.6,1.7,0.9,3.3,7.3,58.9,19.9
16340,16340,2020,Pittsfield,Warren,57969.0,1795,47.2,PA,11.8,11.5,4.5,2.6,95.7,0.0,0.6,1.7,2.0,3.4,91.0,10.4
16341,16341,2020,Pleasantville,Venango,51331.0,1617,54.3,PA,9.7,13.3,18.1,2.1,95.8,0.6,1.9,0.4,1.3,5.8,90.6,8.9
16342,16342,2020,Polk,Venango,63304.0,2202,53.1,PA,16.4,13.0,17.3,4.0,95.0,0.3,1.0,0.3,3.4,5.6,88.0,14.8
16343,16343,2020,Reno,Venango,54821.0,629,41.5,PA,10.2,27.0,0.0,0.0,95.4,2.9,0.0,1.7,-0.0,7.5,76.9,3.7
16344,16344,2020,Rouseville,Venango,48571.0,436,35.0,PA,11.0,1.8,19.8,10.3,98.6,0.0,0.9,0.0,0.5,12.7,53.4,38.5
16345,16345,2020,Russell,Warren,80337.0,3436,50.3,PA,4.4,14.0,10.9,1.5,95.3,0.3,1.8,0.9,1.7,2.9,92.1,4.6
16346,16346,2020,Seneca,Venango,52304.0,3615,46.7,PA,14.5,18.0,18.8,8.6,96.7,0.4,1.1,1.1,0.7,8.2,63.2,22.5
16347,16347,2020,Sheffield,Elk,41679.0,2007,44.7,PA,20.9,18.5,19.0,4.1,95.6,0.8,2.8,0.0,0.8,3.8,81.6,12.0
16350,16350,2020,Sugar Grove,Warren,47617.0,2385,38.8,PA,24.9,8.8,14.9,10.0,96.9,0.2,0.1,0.0,2.8,5.2,81.6,12.4
16351,16351,2020,Tidioute,Forest,40801.0,1521,51.5,PA,13.2,7.9,8.3,9.7,92.9,0.4,3.7,0.9,2.1,5.9,76.8,25.9
16352,16352,2020,Tiona,Warren,59375.0,189,48.5,PA,11.6,3.9,0.0,0.0,100.0,0.0,0.0,0.0,0.0,0.0,88.0,8.0
16353,16353,2020,Tionesta,Clarion,45270.0,2976,56.3,PA,20.8,9.3,6.5,6.2,99.5,0.0,0.1,0.1,0.3,6.2,83.0,18.1
16354,16354,2020,Titusville,Venango,44321.0,10819,42.8,PA,20.3,8.7,15.5,10.7,96.9,1.2,1.0,0.5,0.4,6.8,69.2,23.1
16360,16360,2020,Townville,Crawford,50556.0,1387,43.8,PA,17.7,20.1,3.3,2.4,95.0,0.1,0.3,0.0,4.6,5.3,74.5,12.3
16361,16361,2020,Tylersburg,Clarion,,11,,PA,0.0,0.0,,0.0,100.0,0.0,0.0,0.0,0.0,0.0,100.0,0.0
16362,16362,2020,Utica,Venango,58750.0,863,54.3,PA,9.6,14.2,2.0,3.3,97.5,0.6,0.5,0.0,1.4,9.1,87.2,15.6
16364,16364,2020,Venus,Clarion,63542.0,1260,46.3,PA,10.0,12.5,0.0,5.1,99.0,0.0,0.5,0.0,0.5,1.7,81.3,8.4
16365,16365,2020,Warren,McKean,51091.0,17675,48.6,PA,11.4,15.0,12.2,7.3,96.4,0.8,0.8,0.4,1.6,3.8,70.6,14.0
16370,16370,2020,West Hickory,Forest,42188.0,271,61.6,PA,14.8,7.1,20.8,1.4,100.0,0.0,0.0,0.0,0.0,0.0,83.4,13.8
16371,16371,2020,Youngsville,Warren,46552.0,3347,45.2,PA,13.1,12.9,24.5,12.7,92.3,0.5,1.1,0.1,6.0,7.0,72.8,14.3
16372,16372,2020,Clintonville,Venango,43750.0,546,41.3,PA,16.2,11.1,1.3,12.0,94.7,0.0,0.0,2.6,2.7,14.0,68.2,16.5
16373,16373,2020,Emlenton,Clarion,57000.0,3172,44.9,PA,11.1,12.1,14.4,10.1,95.8,1.5,0.9,0.7,1.1,3.9,80.8,11.5
16374,16374,2020,Kennerdell,Venango,43250.0,1776,53.0,PA,14.4,11.3,6.2,5.5,97.4,0.0,0.8,0.0,1.8,2.9,84.1,16.2
16401,16401,2020,Albion,Crawford,51470.0,6431,43.7,PA,11.9,6.8,26.7,6.6,76.8,18.4,3.4,0.2,1.2,4.6,77.1,18.5
16402,16402,2020,Bear Lake,Warren,60500.0,836,45.6,PA,16.5,8.3,29.6,9.2,98.9,0.0,0.0,0.0,1.1,5.2,91.7,11.3
16403,16403,2020,Cambridge Springs,Crawford,58203.0,7278,39.6,PA,9.6,14.8,10.0,5.2,92.4,3.0,2.7,0.4,1.5,4.8,79.4,18.2
16404,16404,2020,Centerville,Crawford,52500.0,3286,44.6,PA,20.4,7.1,14.0,6.0,91.3,0.1,0.7,0.3,7.6,8.3,81.8,19.8
16405,16405,2020,Columbus,Warren,65000.0,771,45.6,PA,8.2,5.7,0.0,1.3,91.7,0.6,0.0,0.9,6.8,5.1,87.0,8.4
16406,16406,2020,Conneautville,Crawford,55445.0,3294,42.0,PA,12.3,11.0,21.7,6.5,97.6,0.9,0.7,0.0,0.8,8.2,81.5,15.6
16407,16407,2020,Corry,Crawford,45717.0,10816,44.5,PA,16.6,14.1,21.1,9.7,91.4,2.4,1.7,0.1,4.4,6.3,72.4,22.1
16410,16410,2020,Cranesville,Erie,80708.0,2087,47.4,PA,8.1,15.4,5.4,0.7,96.5,0.9,1.2,0.2,1.2,4.0,94.9,6.9
16411,16411,2020,East Springfield,Erie,75571.0,1390,45.6,PA,13.9,8.9,0.0,3.4,92.4,0.0,1.0,0.0,6.6,8.3,81.5,7.7
16412,16412,2020,Edinboro,Crawford,54641.0,10041,37.2,PA,15.1,28.9,35.1,7.0,95.1,0.5,2.5,0.8,1.1,4.6,63.7,10.2
16415,16415,2020,Fairview,Erie,96366.0,9492,41.0,PA,3.3,23.1,42.5,5.5,92.8,0.7,2.7,1.4,2.4,4.9,93.4,10.7
16416,16416,2020,Garland,Warren,60417.0,158,49.0,PA,3.2,0.0,0.0,0.0,87.3,0.0,0.0,0.0,12.7,9.6,86.2,21.2
16417,16417,2020,Girard,Erie,67225.0,8141,44.0,PA,11.0,21.1,20.9,3.0,92.6,1.1,5.0,0.3,1.0,2.7,74.4,15.3
16420,16420,2020,Grand Valley,Venango,38125.0,499,53.3,PA,15.2,8.0,0.0,2.7,99.8,0.0,0.0,0.0,0.2,8.3,92.4,14.3
16421,16421,2020,Lake City,Erie,68784.0,2606,46.0,PA,14.8,20.4,0.0,2.8,96.9,1.0,0.3,0.0,1.8,0.9,65.5,4.4
16422,16422,2020,Harmonsburg,Crawford,38333.0,366,37.7,PA,24.9,30.3,100.0,19.4,100.0,0.0,0.0,0.0,0.0,4.2,90.3,38.8
16423,16423,2020,Lowville/Wattsburg,Erie,59028.0,4018,42.1,PA,9.2,16.1,12.9,2.8,90.6,0.6,5.5,0.0,3.3,5.3,82.3,16.5
16424,16424,2020,Linesville,Crawford,49750.0,4641,48.6,PA,10.4,11.2,18.0,6.1,97.5,0.0,1.0,0.2,1.3,5.0,85.3,13.1
16426,16426,2020,McKean,Erie,63889.0,3389,47.8,PA,12.5,12.4,4.8,6.7,93.2,0.5,0.5,0.0,5.8,5.0,84.2,13.0
16427,16427,2020,Mill Village,Erie,44750.0,146,36.5,PA,34.2,5.9,37.5,7.9,97.9,0.0,1.4,0.0,0.7,9.5,74.6,31.7
16428,16428,2020,North East,Erie,63616.0,12313,39.9,PA,9.3,15.5,12.9,5.5,91.0,1.6,4.4,0.3,2.7,5.0,72.2,15.5
16433,16433,2020,Saegertown,Crawford,60032.0,5193,43.4,PA,6.3,15.3,4.8,8.3,96.0,0.6,0.8,0.3,2.3,2.1,80.7,12.0
16434,16434,2020,Spartansburg,Crawford,48224.0,3228,28.1,PA,24.6,6.9,11.8,24.3,97.5,1.2,0.8,0.0,0.5,6.5,86.6,11.4
16435,16435,2020,Springboro,Crawford,51550.0,1806,42.7,PA,15.7,8.7,12.9,11.1,94.5,0.7,1.7,0.5,2.6,5.4,78.3,17.2
16436,16436,2020,Spring Creek,Warren,39938.0,859,35.9,PA,25.1,12.5,0.0,3.5,98.6,0.2,0.0,0.0,1.2,12.5,80.6,15.2
16438,16438,2020,Union City,Crawford,53032.0,7588,46.7,PA,14.8,12.0,17.8,9.6,96.1,0.1,2.6,0.3,0.9,6.7,77.5,19.3
16440,16440,2020,Venango,Crawford,60263.0,850,47.5,PA,6.9,15.8,3.0,6.1,94.0,0.7,0.7,0.2,4.4,6.0,82.3,7.1
16441,16441,2020,Waterford,Crawford,69527.0,10069,46.0,PA,6.8,15.5,16.7,4.6,96.4,0.2,1.9,0.3,1.2,2.9,85.0,10.9
16442,16442,2020,Wattsburg,Erie,64256.0,3334,36.8,PA,7.1,14.2,4.4,4.1,95.5,0.2,2.4,0.5,1.4,5.1,84.8,10.3
16443,16443,2020,West Springfield,Erie,49438.0,1166,36.6,PA,9.3,8.7,100.0,2.0,90.9,1.3,0.9,0.0,6.9,5.3,92.2,11.5
16444,16444,2020,Edinboro,Erie,,1022,19.5,PA,,0.0,,,82.3,10.8,2.5,1.2,3.2,6.0,,
16501,16501,2020,Erie Downtown,Erie,11516.0,1569,56.5,PA,66.7,9.7,30.7,56.7,68.3,23.3,6.1,0.3,2.0,23.3,1.2,63.7
16502,16502,2020,Erie West,Erie,30902.0,15818,36.4,PA,32.8,14.0,29.1,22.9,68.4,11.6,10.8,1.7,7.5,8.3,37.0,31.0
16503,16503,2020,Erie East,Erie,26540.0,15855,30.0,PA,39.7,7.2,30.4,33.6,43.8,32.3,15.1,3.5,5.3,15.2,33.0,56.8
16504,16504,2020,Erie South East,Erie,43289.0,16571,36.2,PA,20.7,16.7,27.8,10.3,79.4,11.9,3.0,3.2,2.5,6.7,66.8,16.2
16505,16505,2020,Erie Frontier/West,Erie,61924.0,15615,49.4,PA,10.7,26.2,26.9,8.4,92.9,2.0,1.2,1.7,2.2,4.4,75.6,9.5
16506,16506,2020,Erie Millcreek/West,Erie,70856.0,24163,45.0,PA,6.1,23.0,26.2,6.2,91.7,2.1,1.7,2.2,2.3,3.2,71.4,8.2
16507,16507,2020,Erie Downtown,Erie,34145.0,9512,30.2,PA,26.7,12.3,31.1,23.2,64.3,16.8,6.4,3.2,9.3,7.6,33.3,30.9
16508,16508,2020,Erie South Central,Erie,50747.0,16021,36.6,PA,11.9,19.5,20.3,9.0,82.8,5.9,4.0,1.7,5.6,4.6,66.6,18.0
16509,16509,2020,Erie Millcreek/South,Erie,60561.0,26838,42.7,PA,9.6,25.2,20.2,5.6,89.5,3.0,2.4,2.3,2.8,3.2,69.6,10.4
16510,16510,2020,Erie Harborcreek,Erie,56463.0,25299,39.8,PA,16.2,17.5,20.1,8.0,80.6,7.5,6.0,3.3,2.6,5.5,79.7,16.7
16511,16511,2020,Erie Lawrence Park,Erie,51443.0,11439,37.4,PA,16.9,18.9,22.7,11.8,81.1,9.7,5.7,1.4,2.1,4.9,62.3,20.7
16546,16546,2020,Erie,Erie,,715,19.6,PA,,100.0,,,85.3,1.8,5.5,5.2,2.2,9.5,,
16563,16563,2020,Erie Penn State Behrend,Erie,,1596,19.5,PA,,0.0,,,77.6,4.8,1.2,12.9,3.5,7.4,,
16616,16616,2020,Beccaria,Clearfield,32292.0,164,54.3,PA,22.6,3.2,26.7,4.3,100.0,0.0,0.0,0.0,0.0,0.0,78.3,39.1
16620,16620,2020,Brisbin,Clearfield,48750.0,323,53.1,PA,10.8,14.2,31.6,6.6,91.6,0.6,5.6,1.2,1.0,7.2,86.0,8.1
16627,16627,2020,Coalport,Clearfield,45000.0,2118,44.6,PA,15.5,8.7,5.3,5.8,93.5,0.4,0.2,0.0,5.9,11.2,89.2,17.2
16639,16639,2020,Fallentimber,Clearfield,60083.0,1592,46.0,PA,7.6,8.6,0.0,2.3,97.7,1.2,0.2,0.0,0.9,7.0,91.6,12.8
16640,16640,2020,Flinton,Clearfield,55982.0,707,48.6,PA,23.6,14.6,29.6,0.7,98.4,0.4,0.7,0.4,0.1,4.3,91.0,15.1
16645,16645,2020,Glen Hope,Clearfield,58036.0,189,52.0,PA,2.6,3.5,0.0,2.4,98.9,0.0,1.1,0.0,-0.0,0.0,97.6,13.3
16646,16646,2020,Hastings,Clearfield,49000.0,2159,47.5,PA,9.4,8.2,5.0,5.2,98.9,0.0,0.4,0.0,0.7,3.9,87.2,18.4
16651,16651,2020,Houtzdale,Clearfield,52870.0,5818,42.3,PA,11.5,5.0,9.6,7.1,70.8,19.4,5.2,0.5,4.1,6.5,80.1,19.7
16656,16656,2020,Irvona,Clearfield,39770.0,1259,46.8,PA,15.9,8.2,17.3,11.2,95.9,0.0,1.6,0.0,2.5,7.4,89.2,16.8
16661,16661,2020,Madera,Clearfield,46053.0,834,48.1,PA,18.8,5.0,29.3,4.0,98.9,0.2,0.0,0.5,0.4,10.5,88.2,30.1
16666,16666,2020,Osceola Mills,Clearfield,42145.0,3043,51.8,PA,20.8,9.7,6.1,1.1,97.1,0.1,2.4,0.1,0.3,2.5,93.3,22.1
16668,16668,2020,Patton,Clearfield,58500.0,3381,43.4,PA,8.4,13.1,15.9,8.0,98.2,0.0,0.8,0.0,1.0,5.4,82.1,16.2
16671,16671,2020,Ramey,Clearfield,53056.0,472,45.0,PA,7.1,11.5,18.6,3.8,98.1,0.0,0.4,0.0,1.5,3.7,76.9,15.1
16680,16680,2020,Smithmill,Clearfield,49107.0,303,50.2,PA,1.3,11.4,0.0,8.0,100.0,0.0,0.0,0.0,0.0,5.1,90.6,8.7
16686,16686,2020,Tyrone,Clearfield,52721.0,12879,40.6,PA,10.2,14.9,11.6,6.1,95.8,0.7,1.3,0.1,2.1,6.3,69.3,14.5
16692,16692,2020,Westover,Clearfield,53375.0,811,44.3,PA,17.3,13.9,1.4,6.3,94.7,0.0,5.2,0.1,-0.0,11.6,80.7,23.7
16701,16701,2020,Bradford,McKean,45963.0,17072,40.9,PA,20.9,13.6,24.0,13.2,94.5,0.6,2.1,0.8,2.0,6.5,69.5,23.2
16720,16720,2020,Austin,Cameron,49063.0,1238,49.5,PA,4.7,7.9,9.5,6.5,98.1,0.0,0.0,0.3,1.6,2.2,87.2,10.3
16724,16724,2020,Crosby,McKean,43750.0,122,47.5,PA,0.0,8.2,0.0,4.0,100.0,0.0,0.0,0.0,0.0,1.9,88.0,24.0
16725,16725,2020,Custer City,McKean,67656.0,179,32.1,PA,0.0,25.2,0.0,0.0,96.6,0.0,0.0,0.0,3.4,0.0,66.1,10.2
16726,16726,2020,Cyclone,McKean,60357.0,572,45.2,PA,9.3,11.2,8.5,2.1,96.2,0.0,0.0,0.0,3.8,7.3,80.4,10.0
16727,16727,2020,Derrick City,McKean,74792.0,196,25.5,PA,13.3,26.3,0.0,0.0,100.0,0.0,0.0,0.0,0.0,14.3,29.6,20.4
16729,16729,2020,Duke Center,McKean,47798.0,707,42.6,PA,21.6,11.7,21.1,3.4,100.0,0.0,0.0,0.0,0.0,8.2,75.9,14.6
16730,16730,2020,East Smethport,McKean,36429.0,68,62.0,PA,0.0,20.6,0.0,0.0,100.0,0.0,0.0,0.0,0.0,0.0,87.5,10.4
16731,16731,2020,Eldred,McKean,53050.0,2342,49.9,PA,8.2,10.7,6.9,3.0,99.1,0.2,0.0,0.1,0.6,7.5,82.8,11.2
16732,16732,2020,Gifford,McKean,53971.0,189,59.9,PA,2.6,16.8,0.0,0.0,100.0,0.0,0.0,0.0,0.0,0.0,89.8,0.0
16733,16733,2020,Hazel Hurst,McKean,34750.0,208,65.4,PA,9.1,7.9,42.1,21.1,50.0,0.0,0.0,0.0,50.0,5.0,66.7,36.8
16734,16734,2020,James City,Elk,47500.0,250,46.0,PA,4.9,4.2,0.0,0.0,98.4,0.0,0.0,0.0,1.6,11.3,73.7,12.7
16735,16735,2020,Kane,Elk,46214.0,5952,45.9,PA,12.3,13.4,9.3,6.9,95.0,0.9,1.8,0.3,2.0,7.9,73.3,17.0
16738,16738,2020,Lewis Run,McKean,65202.0,2476,41.7,PA,9.7,6.0,20.6,2.2,55.6,28.6,12.3,0.0,3.5,3.6,88.7,10.8
16740,16740,2020,Mount Jewett,Elk,44079.0,1036,36.6,PA,15.4,8.4,6.0,9.8,92.4,0.2,0.8,0.0,6.6,2.7,69.5,29.1
16743,16743,2020,Port Allegany,McKean,57153.0,3898,42.4,PA,16.9,12.8,28.2,4.8,96.9,0.1,1.5,0.5,1.0,7.4,78.3,17.8
16744,16744,2020,Rew,McKean,46538.0,245,44.3,PA,20.8,6.6,0.0,0.0,100.0,0.0,0.0,0.0,0.0,14.6,73.0,0.0
16745,16745,2020,Rixford,McKean,46731.0,642,50.9,PA,2.6,7.7,0.0,3.6,98.6,0.0,0.0,0.0,1.4,4.1,98.2,8.3
16746,16746,2020,Roulette,McKean,52277.0,1156,48.2,PA,10.9,10.0,31.6,2.7,94.0,0.0,3.1,0.2,2.7,3.7,83.4,15.2
16748,16748,2020,Shinglehouse,McKean,42857.0,2824,46.3,PA,14.2,7.1,14.1,6.7,98.1,0.0,1.7,0.0,0.2,8.0,75.9,20.0
16749,16749,2020,Smethport,Cameron,49353.0,4039,45.7,PA,15.6,12.9,16.7,4.5,97.4,1.0,1.2,0.0,0.4,3.3,77.7,10.8
16750,16750,2020,Turtlepoint,McKean,81563.0,371,52.5,PA,13.5,11.4,20.8,5.3,80.3,2.7,0.0,0.0,17.0,6.2,87.3,6.9
16821,16821,2020,Allport,Clearfield,54167.0,301,56.2,PA,0.0,5.0,,17.5,100.0,0.0,0.0,0.0,0.0,0.0,100.0,49.2
16825,16825,2020,Bigler,Clearfield,60619.0,246,26.5,PA,0.0,53.6,,12.3,58.1,0.0,41.9,0.0,0.0,0.0,100.0,12.3
16830,16830,2020,Clearfield,Clearfield,47294.0,13551,43.6,PA,18.2,11.2,24.0,11.8,98.2,0.1,0.9,0.4,0.4,8.8,65.6,23.9
16833,16833,2020,Curwensville,Clearfield,48285.0,5265,45.0,PA,11.1,14.3,17.7,6.8,95.4,0.8,0.7,0.1,3.0,8.6,78.4,16.8
16834,16834,2020,Drifting,Clearfield,93302.0,616,45.7,PA,2.1,31.3,100.0,5.4,100.0,0.0,0.0,0.0,0.0,0.0,94.6,5.4
16836,16836,2020,Frenchville,Clearfield,53750.0,1034,52.1,PA,8.0,6.1,27.5,0.7,99.6,0.1,0.0,0.0,0.3,6.0,88.9,17.6
16837,16837,2020,Glen Richey,Clearfield,33750.0,203,25.9,PA,13.8,0.0,,0.0,100.0,0.0,0.0,0.0,0.0,0.0,100.0,37.0
16838,16838,2020,Grampian,Clearfield,49674.0,1825,48.1,PA,18.9,8.8,47.7,3.7,94.2,0.2,5.2,0.1,0.3,9.1,77.1,19.3
16839,16839,2020,Grassflat,Clearfield,57031.0,601,35.5,PA,25.6,12.5,64.7,0.0,100.0,0.0,0.0,0.0,0.0,15.2,91.5,21.4
16840,16840,2020,Hawk Run,Clearfield,72054.0,494,33.7,PA,0.0,15.0,0.0,6.8,100.0,0.0,0.0,0.0,0.0,3.3,85.3,28.8
16843,16843,2020,Hyde,Clearfield,38500.0,408,55.6,PA,27.7,5.2,22.0,3.8,98.8,1.2,0.0,0.0,0.0,0.0,82.8,24.4
16845,16845,2020,Karthaus,Clearfield,58333.0,984,44.4,PA,8.5,6.0,16.7,1.8,87.9,4.9,1.6,0.0,5.6,7.0,92.8,7.5
16847,16847,2020,Kylertown,Clearfield,63409.0,317,50.8,PA,12.0,8.3,0.0,3.8,66.6,0.0,29.0,0.0,4.4,6.9,78.3,10.4
16849,16849,2020,Lanse,Clearfield,29868.0,166,59.4,PA,4.2,7.4,0.0,3.3,100.0,0.0,0.0,0.0,0.0,0.0,96.7,4.3
16855,16855,2020,Mineral Springs,Clearfield,,103,73.7,PA,0.0,19.4,,75.9,100.0,0.0,0.0,0.0,0.0,50.0,100.0,56.6
16858,16858,2020,Morrisdale,Clearfield,60797.0,3538,51.9,PA,9.1,7.8,1.2,2.9,99.2,0.0,0.7,0.0,0.1,6.5,83.9,12.7
16859,16859,2020,Moshannon,Clearfield,59464.0,465,48.5,PA,4.9,9.7,16.7,5.5,94.4,0.0,5.6,0.0,-0.0,4.1,87.9,10.6
16860,16860,2020,Munson,Clearfield,63246.0,308,52.5,PA,4.2,0.0,,0.0,100.0,0.0,0.0,0.0,0.0,0.0,100.0,9.5
16861,16861,2020,New Millport,Clearfield,22500.0,335,51.3,PA,25.3,10.0,0.0,8.1,97.6,0.0,0.0,2.4,0.0,1.6,97.5,26.2
16863,16863,2020,Olanta,Clearfield,43984.0,443,50.9,PA,13.8,9.0,22.5,10.2,97.3,0.0,1.1,0.9,0.7,10.0,80.5,15.6
16866,16866,2020,Philipsburg,Clearfield,45319.0,10362,46.6,PA,13.0,11.1,22.7,15.2,82.3,5.5,9.1,1.4,1.7,5.0,68.3,17.2
16871,16871,2020,Pottersdale,Clearfield,61528.0,64,31.6,PA,0.0,35.9,0.0,0.0,100.0,0.0,0.0,0.0,0.0,0.0,94.1,0.0
16876,16876,2020,Wallaceton,Clearfield,40417.0,268,34.1,PA,21.6,7.4,11.5,13.3,100.0,0.0,0.0,0.0,0.0,0.0,75.2,28.6
16878,16878,2020,West Decatur,Clearfield,53583.0,1658,42.5,PA,12.4,11.8,37.7,6.6,98.3,0.2,0.8,0.2,0.5,6.4,84.1,19.7
16879,16879,2020,Winburne,Clearfield,41696.0,460,53.5,PA,14.6,6.4,0.0,9.6,98.7,0.0,0.0,0.0,1.3,7.1,75.3,21.2
16881,16881,2020,Woodland,Clearfield,38939.0,2446,46.4,PA,22.8,5.1,0.0,1.8,92.6,0.0,6.1,0.0,1.3,12.8,85.1,28.1
17764,17764,2020,Renovo,Cameron,36422.0,2341,52.3,PA,23.2,6.3,18.9,15.5,93.1,0.7,2.2,0.0,4.0,10.9,66.0,24.9
17778,17778,2020,Westport,Clearfield,,165,34.6,PA,9.7,1.9,9.1,4.8,98.2,0.0,1.8,0.0,-0.0,0.0,82.3,1.6
15711,15711,2021,Anita,Jefferson,43750.0,315,40.2,PA,12.7,8.2,19.4,4.4,100.0,0.0,0.0,0.0,0.0,2.9,77.2,9.6
15715,15715,2021,Big Run,Jefferson,43750.0,505,44.8,PA,21.0,5.6,9.3,2.7,97.0,0.0,0.8,0.0,2.2,6.2,75.5,12.3
15721,15721,2021,Burnside,Clearfield,51875.0,168,50.8,PA,12.5,0.0,0.0,6.4,100.0,0.0,0.0,0.0,0.0,21.6,82.1,11.5
15724,15724,2021,Cherry Tree,Clearfield,52396.0,2176,52.5,PA,7.4,3.2,5.3,6.3,98.7,0.0,0.7,0.0,0.6,6.0,86.8,13.9
15730,15730,2021,Coolspring,Jefferson,55893.0,172,37.1,PA,27.3,15.6,0.0,0.0,81.4,0.0,0.0,0.0,18.6,0.0,85.0,13.3
15733,15733,2021,De Lancey,Jefferson,14926.0,130,45.1,PA,42.3,0.0,0.0,54.1,100.0,0.0,0.0,0.0,0.0,0.0,93.4,68.9
15742,15742,2021,Glen Campbell,Clearfield,54844.0,989,40.3,PA,7.2,10.3,4.5,7.0,99.7,0.0,0.0,0.0,0.3,3.6,80.8,14.6
15744,15744,2021,Hamilton,Jefferson,96250.0,36,41.0,PA,0.0,17.4,0.0,0.0,94.4,0.0,5.6,0.0,-0.0,0.0,63.6,0.0
15753,15753,2021,La Jose,Clearfield,44375.0,458,43.2,PA,17.0,5.6,14.3,3.4,99.3,0.0,0.0,0.0,0.7,12.6,84.1,22.2
15757,15757,2021,Mahaffey,Clearfield,40417.0,1350,51.4,PA,17.4,4.5,3.7,3.9,96.2,0.0,3.4,0.0,0.4,6.0,85.6,20.6
15763,15763,2021,Northpoint,Jefferson,107857.0,15,68.2,PA,0.0,0.0,0.0,0.0,100.0,0.0,0.0,0.0,0.0,0.0,41.7,0.0
15764,15764,2021,Oliveburg,Jefferson,34000.0,93,62.5,PA,22.6,17.3,100.0,0.0,94.6,0.0,0.0,0.0,5.4,0.0,90.5,4.8
15767,15767,2021,Punxsutawney,Clearfield,46563.0,14259,44.0,PA,18.6,12.3,16.4,10.5,96.9,0.3,0.6,0.6,1.6,4.6,72.7,15.6
15770,15770,2021,Ringgold,Jefferson,56250.0,192,63.4,PA,20.3,4.7,11.1,1.2,93.8,0.0,6.2,0.0,0.0,5.4,89.5,4.7
15772,15772,2021,Rossiter,Jefferson,42000.0,1658,38.7,PA,15.4,5.8,12.9,13.7,97.7,0.0,0.0,0.0,2.3,8.0,75.5,18.5
15776,15776,2021,Sprankle Mills,Jefferson,24750.0,46,41.8,PA,4.3,18.2,0.0,0.0,100.0,0.0,0.0,0.0,0.0,0.0,92.3,7.7
15778,15778,2021,Timblin,Jefferson,93500.0,368,43.8,PA,3.0,5.8,0.0,7.8,93.2,0.0,6.8,0.0,-0.0,1.6,98.4,12.5
15780,15780,2021,Valier,Jefferson,62917.0,109,55.2,PA,12.8,9.5,0.0,0.0,100.0,0.0,0.0,0.0,0.0,0.0,93.9,22.4
15781,15781,2021,Walston,Jefferson,45938.0,94,61.7,PA,0.0,11.1,0.0,0.0,100.0,0.0,0.0,0.0,0.0,12.9,97.8,2.2
15784,15784,2021,Worthville,Jefferson,70000.0,63,57.2,PA,1.6,10.5,33.3,0.0,98.4,0.0,1.6,0.0,-0.0,0.0,90.6,6.2
15801,15801,2021,Du Bois,Clearfield,56197.0,20275,45.3,PA,11.2,19.3,22.7,7.8,95.6,0.9,2.3,0.7,0.5,4.4,71.5,16.9
15821,15821,2021,Benezett,Elk,47625.0,91,57.3,PA,2.2,9.0,0.0,0.0,96.7,0.0,0.0,0.0,3.3,9.1,87.8,0.0
15823,15823,2021,Brockport,Clearfield,56932.0,1246,45.4,PA,8.7,9.2,5.9,4.5,98.7,0.1,0.0,0.0,1.2,4.1,87.3,9.0
15824,15824,2021,Brockway,Clearfield,54579.0,5132,45.8,PA,11.8,9.4,8.1,6.0,96.6,0.7,0.3,0.0,2.4,3.7,77.5,14.7
15825,15825,2021,Brookville,Jefferson,58534.0,9652,42.6,PA,12.0,12.0,15.2,4.9,95.6,0.5,2.2,0.0,1.7,5.4,74.1,13.1
15827,15827,2021,Byrnedale,Elk,71250.0,334,50.1,PA,9.6,12.0,,8.3,100.0,0.0,0.0,0.0,0.0,2.6,100.0,7.5
15828,15828,2021,Clarington,Jefferson,34000.0,211,61.1,PA,11.4,7.1,13.3,6.5,93.8,0.0,6.2,0.0,0.0,5.1,86.1,9.3
15829,15829,2021,Corsica,Jefferson,64896.0,1201,44.4,PA,8.4,15.1,14.5,3.2,96.6,0.2,0.2,0.0,3.0,4.3,85.2,16.1
15831,15831,2021,Dagus Mines,Elk,,49,49.3,PA,0.0,0.0,,0.0,75.5,0.0,0.0,0.0,24.5,0.0,100.0,61.3
15832,15832,2021,Driftwood,Clearfield,35893.0,247,63.7,PA,10.9,5.2,0.0,3.1,91.5,0.0,0.4,0.0,8.1,26.0,82.9,20.2
15834,15834,2021,Emporium,Elk,43816.0,4221,50.7,PA,16.2,8.3,18.1,11.1,93.7,0.1,1.4,0.1,4.7,8.4,69.7,24.9
15840,15840,2021,Falls Creek,Clearfield,49946.0,1753,48.0,PA,15.9,12.8,28.2,4.6,97.0,0.9,0.0,0.6,1.5,6.6,79.9,15.8
15841,15841,2021,Force,Elk,,211,43.8,PA,1.5,0.0,0.0,24.2,100.0,0.0,0.0,0.0,0.0,0.0,84.6,7.7
15845,15845,2021,Johnsonburg,Elk,50800.0,2922,46.1,PA,12.8,12.2,5.5,7.7,96.2,0.0,2.7,0.0,1.1,6.1,75.5,15.5
15846,15846,2021,Kersey,Clearfield,71890.0,3309,49.0,PA,3.5,11.0,0.0,0.0,96.8,1.7,0.0,1.5,0.0,4.4,87.7,6.4
15847,15847,2021,Knox Dale,Jefferson,30625.0,45,31.9,PA,28.9,0.0,63.6,0.0,100.0,0.0,0.0,0.0,0.0,9.7,47.6,33.3
15848,15848,2021,Luthersburg,Clearfield,54083.0,835,46.4,PA,5.6,13.2,0.0,7.5,97.2,0.0,1.2,1.3,0.3,9.5,91.3,13.7
15849,15849,2021,Penfield,Clearfield,47442.0,1259,49.5,PA,12.8,5.4,24.1,3.2,98.4,0.1,0.0,1.0,0.5,2.1,84.3,17.2
15851,15851,2021,Reynoldsville,Clearfield,53887.0,7074,40.3,PA,14.0,8.0,19.8,10.2,95.9,0.7,0.6,0.3,2.5,7.1,76.8,16.3
15853,15853,2021,Ridgway,Jefferson,58314.0,6400,44.6,PA,11.0,13.9,15.3,9.6,96.5,1.4,0.7,0.0,1.4,5.7,75.5,17.2
15856,15856,2021,Rockton,Clearfield,53203.0,842,55.0,PA,8.3,11.1,8.1,3.6,98.1,0.0,1.0,0.2,0.7,0.8,90.4,12.2
15857,15857,2021,Saint Marys,Elk,58472.0,13029,49.3,PA,8.6,14.0,16.3,8.6,96.0,0.4,1.1,0.3,2.2,7.8,77.5,14.8
15860,15860,2021,Sigel,Jefferson,59420.0,1155,53.5,PA,8.8,6.7,1.3,4.7,99.2,0.0,0.2,0.2,0.4,4.2,85.2,10.3
15861,15861,2021,Sinnamahoning,Clearfield,43750.0,111,62.1,PA,16.2,14.7,0.0,3.3,94.6,0.0,0.0,0.0,5.4,4.2,90.0,6.7
15863,15863,2021,Stump Creek,Jefferson,29821.0,134,53.8,PA,17.6,0.0,100.0,0.0,97.8,0.0,2.2,0.0,0.0,0.0,97.1,27.5
15864,15864,2021,Summerville,Jefferson,56071.0,1795,44.1,PA,10.6,11.9,3.9,3.4,98.7,0.0,1.2,0.0,0.1,5.2,78.3,11.0
15865,15865,2021,Sykesville,Clearfield,38750.0,1066,44.8,PA,19.0,9.8,7.8,6.6,99.2,0.0,0.8,0.0,-0.0,5.8,61.7,23.5
15866,15866,2021,Troutville,Clearfield,66250.0,218,29.0,PA,4.6,4.2,0.0,24.1,94.0,0.0,0.0,0.0,6.0,2.3,87.9,12.1
15868,15868,2021,Weedville,Clearfield,54331.0,1838,46.7,PA,14.2,14.8,18.6,1.1,96.6,0.0,0.0,0.0,3.4,6.8,86.6,19.0
15870,15870,2021,Wilcox,Elk,48287.0,1249,46.6,PA,13.6,10.5,0.0,1.9,95.4,0.0,0.0,0.7,3.9,3.5,92.2,8.8
16020,16020,2021,Boyers,Venango,71161.0,1201,44.1,PA,8.2,12.6,0.0,1.6,98.3,0.3,0.3,0.3,0.8,6.6,87.6,11.3
16028,16028,2021,East Brady,Clarion,49410.0,2040,46.5,PA,10.8,12.2,10.0,8.5,92.2,0.2,1.4,0.4,5.8,4.0,71.1,20.6
16036,16036,2021,Foxburg,Clarion,50536.0,316,50.8,PA,8.5,23.7,9.8,3.9,95.9,0.0,2.2,0.0,1.9,14.2,68.0,20.3
16038,16038,2021,Harrisville,Venango,69063.0,3404,45.4,PA,7.2,12.3,6.3,6.6,97.8,0.4,0.2,0.0,1.6,5.6,81.5,7.0
16041,16041,2021,Karns City,Clarion,59550.0,2060,47.0,PA,11.4,12.3,25.7,4.5,98.0,0.0,0.0,0.0,2.0,3.6,85.6,17.2
16049,16049,2021,Parker,Clarion,55568.0,3092,45.5,PA,10.9,7.9,12.9,4.4,96.5,0.6,0.5,0.0,2.4,7.0,78.3,20.6
16054,16054,2021,Saint Petersburg,Clarion,52500.0,344,56.0,PA,7.0,9.6,23.3,4.1,98.8,0.0,0.0,0.0,1.2,6.8,82.4,6.5
16110,16110,2021,Adamsville,Crawford,73938.0,456,45.8,PA,3.9,9.4,0.0,12.6,100.0,0.0,0.0,0.0,0.0,0.0,94.6,9.0
16111,16111,2021,Atlantic,Crawford,50556.0,1206,34.4,PA,15.8,3.2,13.7,23.3,95.6,0.5,0.0,0.2,3.7,5.1,87.4,7.2
16125,16125,2021,Greenville,Crawford,52646.0,17627,44.6,PA,10.8,15.0,12.9,8.5,94.2,1.0,1.3,0.5,3.0,6.8,69.0,19.7
16127,16127,2021,Grove City,Venango,65538.0,15466,35.9,PA,9.3,18.4,15.5,5.8,92.5,2.3,2.0,0.5,2.7,3.9,72.1,13.1
16130,16130,2021,Hadley,Crawford,51607.0,2110,45.1,PA,14.3,10.8,13.7,8.5,96.7,0.0,0.8,0.1,2.4,5.5,82.5,9.4
16131,16131,2021,Hartstown,Crawford,53393.0,909,47.3,PA,10.6,5.4,24.7,7.4,97.7,0.0,1.7,0.0,0.6,4.5,77.5,15.1
16134,16134,2021,Jamestown,Crawford,49714.0,3804,51.0,PA,11.5,8.4,13.0,5.4,97.8,0.1,1.0,0.2,0.9,5.3,85.4,17.1
16145,16145,2021,Sandy Lake,Venango,56250.0,2616,46.5,PA,9.5,17.8,8.6,2.1,93.8,0.1,1.8,0.0,4.3,4.5,84.0,11.8
16153,16153,2021,Stoneboro,Venango,58071.0,2228,43.3,PA,14.2,14.7,12.6,5.3,95.8,0.0,1.2,0.5,2.5,1.8,79.4,15.0
16213,16213,2021,Callensburg,Clarion,43125.0,125,44.8,PA,16.0,2.2,0.0,16.1,99.2,0.0,0.0,0.0,0.8,2.1,73.2,10.7
16214,16214,2021,Clarion,Clarion,47321.0,8744,28.5,PA,24.5,23.0,31.8,9.2,90.4,4.8,2.7,1.1,1.0,10.4,49.4,18.4
16217,16217,2021,Cooksburg,Jefferson,45125.0,99,64.8,PA,0.0,22.2,0.0,15.1,100.0,0.0,0.0,0.0,0.0,0.0,83.0,13.2
16218,16218,2021,Cowansville,Clarion,66250.0,1241,39.1,PA,9.8,13.9,39.3,1.2,90.2,7.6,0.0,0.0,2.2,9.7,93.3,14.1
16220,16220,2021,Crown,Clarion,,99,50.0,PA,15.2,4.0,,34.9,100.0,0.0,0.0,0.0,0.0,0.0,100.0,0.0
16222,16222,2021,Dayton,Jefferson,51994.0,2866,37.8,PA,9.5,12.4,25.9,15.0,98.7,0.0,0.0,0.7,0.6,8.0,86.8,12.5
16224,16224,2021,Fairmount City,Clarion,62961.0,969,50.8,PA,9.2,8.4,0.0,5.7,98.0,0.0,0.8,0.0,1.2,3.1,84.9,11.2
16230,16230,2021,Hawthorn,Clarion,42083.0,526,40.7,PA,7.8,9.6,22.7,3.1,98.9,1.0,0.2,0.0,0.0,11.0,77.0,16.2
16232,16232,2021,Knox,Clarion,48558.0,4316,42.1,PA,14.8,12.8,16.4,9.1,97.5,0.0,0.5,0.0,2.0,5.7,72.8,20.5
16233,16233,2021,Leeper,Jefferson,78684.0,1087,48.8,PA,11.8,12.1,13.8,2.1,98.9,0.0,0.7,0.0,0.4,5.9,85.1,14.2
16235,16235,2021,Lucinda,Clarion,70250.0,1253,43.5,PA,4.9,18.3,9.6,1.0,91.4,0.0,0.7,0.4,7.5,2.0,90.0,4.2
16239,16239,2021,Marienville,Elk,42411.0,4321,37.4,PA,15.7,7.1,0.0,3.7,56.7,29.2,6.5,2.3,5.3,4.6,83.3,21.7
16240,16240,2021,Mayport,Jefferson,56250.0,1655,41.4,PA,12.8,8.4,19.4,8.2,99.2,0.7,0.0,0.2,0.0,3.7,78.4,18.9
16242,16242,2021,New Bethlehem,Clarion,52500.0,4401,44.8,PA,13.6,10.1,15.4,9.1,97.9,0.3,0.4,0.6,0.8,4.8,73.3,13.9
16245,16245,2021,Oak Ridge,Clarion,43929.0,305,45.6,PA,7.9,14.2,9.5,10.5,95.4,0.0,3.3,1.3,-0.0,11.7,66.1,32.3
16248,16248,2021,Rimersburg,Clarion,52368.0,3127,49.5,PA,16.5,8.5,20.4,4.9,94.0,1.0,1.5,1.0,2.5,7.1,75.4,16.7
16254,16254,2021,Shippenville,Clarion,52917.0,3642,43.4,PA,10.9,15.5,7.6,4.7,95.9,1.4,0.3,0.3,2.1,5.1,81.5,12.2
16255,16255,2021,Sligo,Clarion,53125.0,1821,47.1,PA,13.8,10.5,27.2,9.8,95.9,0.1,0.1,0.1,3.8,4.1,76.7,14.8
16256,16256,2021,Smicksburg,Jefferson,52902.0,2136,18.8,PA,24.4,7.1,0.0,46.2,99.3,0.0,0.4,0.0,0.3,3.3,92.7,7.3
16258,16258,2021,Strattanville,Jefferson,47891.0,1652,44.7,PA,12.2,10.8,12.3,8.3,94.1,0.2,0.0,0.0,5.7,1.7,62.5,19.3
16259,16259,2021,Templeton,Clarion,49667.0,2089,46.9,PA,11.3,4.0,8.6,3.7,97.4,0.0,1.8,0.0,0.8,8.1,82.5,18.3
16260,16260,2021,Vowinckel,Clarion,45547.0,312,57.5,PA,10.9,8.3,0.0,0.0,100.0,0.0,0.0,0.0,0.0,0.0,91.5,13.4
16301,16301,2021,Oil City,Venango,51680.0,15063,44.8,PA,14.6,14.7,14.3,9.8,93.7,1.1,1.4,0.1,3.7,8.5,70.3,25.4
16311,16311,2021,Carlton,Venango,63750.0,400,52.4,PA,4.8,7.4,0.0,6.8,98.2,0.0,1.2,0.0,0.6,0.5,92.6,10.5
16312,16312,2021,Chandlers Valley,Warren,,0,,PA,,,,,,,,,,,,
16313,16313,2021,Clarendon,McKean,50132.0,1876,51.5,PA,18.0,7.5,8.7,4.2,97.3,0.0,0.6,0.5,1.6,6.0,80.9,12.9
16314,16314,2021,Cochranton,Venango,59796.0,5354,43.6,PA,6.5,11.5,3.5,3.4,95.8,0.3,0.7,0.5,2.7,5.3,85.0,9.7
16316,16316,2021,Conneaut Lake,Crawford,61384.0,4685,51.0,PA,8.3,14.0,17.9,3.2,96.4,0.0,1.9,0.3,1.4,4.9,85.2,11.4
16317,16317,2021,Cooperstown,Venango,50542.0,1334,48.5,PA,11.2,7.6,42.1,1.9,97.3,0.0,1.0,0.0,1.7,12.4,81.1,14.7
16319,16319,2021,Cranberry,Clarion,60000.0,1248,56.0,PA,5.3,10.1,0.0,1.3,95.7,0.0,4.2,0.0,0.1,0.6,94.7,9.3
16321,16321,2021,East Hickory,Forest,,16,62.5,PA,0.0,0.0,0.0,0.0,100.0,0.0,0.0,0.0,0.0,0.0,53.3,40.0
16322,16322,2021,Endeavor,Forest,28438.0,102,50.6,PA,39.2,0.0,,8.9,100.0,0.0,0.0,0.0,0.0,15.6,100.0,6.7
16323,16323,2021,Franklin,Venango,56375.0,15088,47.7,PA,11.4,12.3,17.3,6.6,93.7,2.3,0.8,0.5,2.7,6.2,70.0,16.4
16326,16326,2021,Fryburg,Clarion,76875.0,225,57.1,PA,2.2,14.0,0.0,0.0,100.0,0.0,0.0,0.0,0.0,1.4,79.4,0.0
16327,16327,2021,Guys Mills,Venango,62266.0,2605,42.6,PA,6.3,13.3,19.7,2.7,95.6,1.2,1.3,0.3,1.6,3.4,88.0,8.2
16328,16328,2021,Hydetown,Crawford,51875.0,235,49.8,PA,17.0,7.0,7.1,2.2,98.7,0.0,0.0,0.0,1.3,19.3,69.9,31.2
16329,16329,2021,Irvine,Warren,65179.0,433,49.7,PA,2.1,2.9,0.0,8.7,98.6,0.0,0.0,0.0,1.4,2.5,90.2,6.4
16331,16331,2021,Kossuth,Clarion,94167.0,96,53.2,PA,0.0,28.4,0.0,0.0,100.0,0.0,0.0,0.0,0.0,0.0,87.5,0.0
16332,16332,2021,Lickingville,Clarion,,44,51.8,PA,9.1,11.4,100.0,23.5,100.0,0.0,0.0,0.0,0.0,0.0,76.5,17.6
16333,16333,2021,Ludlow,McKean,41500.0,245,57.9,PA,7.8,4.3,0.0,6.4,98.0,0.0,0.8,0.0,1.2,23.3,92.7,17.3
16334,16334,2021,Marble,Clarion,58393.0,412,48.6,PA,10.2,12.2,7.3,1.5,100.0,0.0,0.0,0.0,0.0,0.0,79.4,1.5
16335,16335,2021,Meadville,Crawford,53672.0,27493,43.3,PA,13.4,14.9,18.8,12.9,91.4,2.8,1.6,1.0,3.2,6.4,61.0,21.8
16340,16340,2021,Pittsfield,Warren,59135.0,1777,45.2,PA,10.2,11.7,4.1,2.8,93.9,0.0,1.4,1.7,3.0,3.9,89.4,12.8
16341,16341,2021,Pleasantville,Venango,54301.0,1727,53.3,PA,11.6,14.1,17.6,2.4,94.6,0.0,3.3,1.3,0.8,6.3,91.0,9.3
16342,16342,2021,Polk,Venango,64839.0,2403,53.2,PA,19.1,11.3,25.0,4.0,95.4,0.2,0.5,0.7,3.2,4.6,88.8,16.5
16343,16343,2021,Reno,Venango,73843.0,601,41.3,PA,19.6,26.4,0.0,0.0,97.5,2.5,0.0,0.0,0.0,6.1,93.1,12.4
16344,16344,2021,Rouseville,Venango,48646.0,468,32.2,PA,22.0,3.3,16.0,4.5,99.1,0.0,0.9,0.0,0.0,13.3,47.5,32.4
16345,16345,2021,Russell,Warren,84707.0,3642,49.3,PA,5.8,16.2,9.1,2.9,95.7,0.3,1.4,0.6,2.0,5.0,92.5,5.4
16346,16346,2021,Seneca,Venango,58158.0,3335,46.3,PA,12.9,17.4,20.6,8.7,94.9,0.3,1.5,1.2,2.1,8.9,66.2,21.1
16347,16347,2021,Sheffield,Elk,51950.0,1640,50.3,PA,7.7,10.8,23.3,3.9,95.7,0.7,3.2,0.0,0.4,5.5,81.4,13.0
16350,16350,2021,Sugar Grove,Warren,49471.0,2476,38.6,PA,24.6,7.6,16.3,7.3,96.8,0.2,0.1,0.0,2.9,4.8,84.5,10.0
16351,16351,2021,Tidioute,Forest,42532.0,1727,54.8,PA,16.5,8.4,6.0,8.0,91.7,0.5,4.6,0.6,2.6,6.9,77.4,24.4
16352,16352,2021,Tiona,Warren,41250.0,205,53.1,PA,12.2,6.3,0.0,0.0,100.0,0.0,0.0,0.0,0.0,0.0,85.1,24.3
16353,16353,2021,Tionesta,Clarion,49698.0,2695,56.8,PA,13.6,9.0,5.4,5.2,99.5,0.0,0.0,0.2,0.3,7.5,84.0,16.2
16354,16354,2021,Titusville,Venango,42120.0,10572,44.1,PA,20.4,9.7,16.4,11.5,96.4,1.1,0.9,0.8,0.8,7.0,68.4,24.4
16360,16360,2021,Townville,Crawford,58875.0,1333,43.3,PA,19.0,17.3,12.3,3.0,96.9,1.5,0.4,0.0,1.2,6.4,78.3,14.5
16361,16361,2021,Tylersburg,Clarion,69688.0,21,63.8,PA,0.0,0.0,100.0,0.0,100.0,0.0,0.0,0.0,0.0,0.0,70.6,29.4
16362,16362,2021,Utica,Venango,58750.0,947,53.4,PA,11.1,16.1,2.2,4.3,98.3,0.6,1.0,0.0,0.1,4.2,88.4,9.4
16364,16364,2021,Venus,Clarion,70550.0,1303,48.9,PA,9.4,10.4,0.0,6.0,99.5,0.0,0.0,0.0,0.5,1.3,84.2,9.0
16365,16365,2021,Warren,McKean,54740.0,17423,47.2,PA,11.3,14.9,13.4,7.0,95.7,0.9,0.9,0.4,2.1,4.9,70.1,14.0
16370,16370,2021,West Hickory,Forest,48000.0,230,51.5,PA,20.4,11.7,0.0,2.3,100.0,0.0,0.0,0.0,0.0,0.0,90.9,14.8
16371,16371,2021,Youngsville,Warren,50243.0,3182,44.5,PA,12.3,13.0,19.2,10.6,91.7,0.6,1.4,0.1,6.2,6.2,74.6,13.1
16372,16372,2021,Clintonville,Venango,52596.0,565,41.7,PA,14.2,7.4,0.0,8.9,89.7,0.0,0.0,3.4,6.9,15.5,69.4,17.4
16373,16373,2021,Emlenton,Clarion,61964.0,3069,44.1,PA,13.2,12.3,20.9,9.7,95.0,1.6,1.0,1.0,1.4,3.4,83.2,12.5
16374,16374,2021,Kennerdell,Venango,45938.0,1592,56.5,PA,11.8,9.7,8.4,8.3,97.3,0.0,0.8,0.0,1.9,1.8,87.0,11.8
16401,16401,2021,Albion,Crawford,62026.0,4108,47.0,PA,9.4,12.9,23.9,6.6,95.5,0.9,1.7,0.4,1.5,4.9,79.8,17.1
16402,16402,2021,Bear Lake,Warren,63571.0,717,51.4,PA,8.6,7.5,24.0,10.5,97.4,0.0,0.0,0.0,2.6,7.3,90.9,7.2
16403,16403,2021,Cambridge Springs,Crawford,61515.0,6877,39.9,PA,10.2,15.3,12.6,6.6,92.0,3.1,2.8,0.6,1.5,6.2,81.1,19.1
16404,16404,2021,Centerville,Crawford,53534.0,3256,44.3,PA,17.9,8.4,17.4,6.7,93.0,0.6,0.9,0.3,5.2,9.4,82.0,18.8
16405,16405,2021,Columbus,Warren,65114.0,552,50.1,PA,9.4,5.6,0.0,0.0,91.5,0.5,0.0,0.0,8.0,6.9,90.7,7.9
16406,16406,2021,Conneautville,Crawford,57976.0,3408,41.9,PA,13.6,11.0,26.3,6.8,97.6,0.9,0.6,0.0,0.9,7.9,81.9,16.2
16407,16407,2021,Corry,Crawford,48386.0,10915,42.8,PA,19.3,14.3,25.9,13.0,90.7,2.0,2.5,0.4,4.4,7.7,72.7,22.2
16410,16410,2021,Cranesville,Erie,86300.0,1952,47.7,PA,7.3,17.4,10.3,1.1,95.5,1.6,1.7,0.3,0.9,2.8,94.1,5.6
16411,16411,2021,East Springfield,Erie,67281.0,1406,43.6,PA,6.5,8.8,0.0,4.0,96.2,0.0,1.9,0.0,1.9,11.8,84.3,10.4
16412,16412,2021,Edinboro,Crawford,60882.0,9635,39.1,PA,16.5,30.8,36.5,5.7,95.0,0.8,2.2,0.5,1.5,5.1,68.5,11.7
16415,16415,2021,Fairview,Erie,93207.0,9784,39.8,PA,5.2,24.0,50.2,5.1,91.2,0.6,3.0,1.4,3.8,4.8,91.5,10.5
16416,16416,2021,Garland,Warren,62917.0,149,61.1,PA,2.0,0.0,,0.0,88.6,0.0,0.0,0.0,11.4,0.0,100.0,16.4
16417,16417,2021,Girard,Erie,71888.0,8694,45.0,PA,11.6,20.2,18.9,4.2,93.5,0.0,4.6,0.5,1.4,3.5,71.6,15.2
16420,16420,2021,Grand Valley,Venango,45000.0,457,54.3,PA,9.0,8.0,0.0,2.0,99.8,0.0,0.0,0.0,0.2,5.8,91.9,8.6
16421,16421,2021,Lake City,Erie,70645.0,2422,48.3,PA,14.6,18.2,0.0,2.6,97.3,0.2,0.2,0.0,2.3,2.1,61.0,3.4
16422,16422,2021,Harmonsburg,Crawford,72788.0,281,44.3,PA,3.6,40.2,,0.0,100.0,0.0,0.0,0.0,0.0,9.5,100.0,18.8
16423,16423,2021,Lowville/Wattsburg,Erie,62955.0,3851,39.1,PA,9.3,14.7,15.1,5.9,88.8,0.6,5.7,0.2,4.7,4.3,85.1,19.1
16424,16424,2021,Linesville,Crawford,51399.0,4544,48.4,PA,12.8,10.8,23.5,6.8,96.7,0.0,2.0,0.0,1.3,5.5,84.5,15.7
16426,16426,2021,McKean,Erie,71917.0,3476,50.9,PA,12.5,12.8,5.0,4.6,95.3,0.4,0.0,0.0,4.3,6.3,82.5,11.8
16427,16427,2021,Mill Village,Erie,47875.0,178,45.5,PA,19.1,6.1,17.4,2.6,92.1,1.1,0.6,1.7,4.5,7.1,70.1,24.7
16428,16428,2021,North East,Erie,66250.0,12614,40.9,PA,9.4,14.2,14.5,6.6,90.6,1.4,4.4,0.4,3.2,6.0,73.8,16.6
16430,16430,2021,Platea,Erie,95875.0,178,55.7,PA,7.9,15.9,0.0,0.0,97.8,0.0,0.0,0.0,2.2,0.0,81.7,0.0
16433,16433,2021,Saegertown,Crawford,63058.0,5039,44.6,PA,6.7,15.3,2.7,6.9,95.4,0.6,1.3,0.5,2.2,3.3,83.9,11.9
16434,16434,2021,Spartansburg,Crawford,51071.0,3232,26.9,PA,26.0,7.0,12.5,25.4,97.9,1.1,0.3,0.1,0.6,7.6,85.7,10.9
16435,16435,2021,Springboro,Crawford,55000.0,1689,45.1,PA,13.1,9.9,8.5,9.1,94.9,0.8,2.0,0.8,1.5,7.0,80.4,16.8
16436,16436,2021,Spring Creek,Warren,45000.0,801,44.1,PA,17.5,13.5,0.0,2.9,96.4,0.2,1.5,0.0,1.9,12.8,83.3,9.4
16438,16438,2021,Union City,Crawford,54641.0,7246,47.2,PA,12.2,11.6,15.2,10.5,94.4,0.0,3.3,0.5,1.8,8.3,75.7,21.6
16440,16440,2021,Venango,Crawford,65729.0,811,46.8,PA,6.8,17.7,3.8,5.9,90.5,1.0,1.0,0.2,7.3,6.6,84.4,3.5
16441,16441,2021,Waterford,Crawford,71412.0,9407,46.9,PA,7.2,12.7,24.0,4.6,95.6,0.2,2.8,0.2,1.2,4.8,85.2,9.4
16442,16442,2021,Wattsburg,Erie,67050.0,3231,36.9,PA,5.8,12.3,4.7,3.4,97.2,0.4,0.4,0.3,1.7,6.9,84.6,15.0
16443,16443,2021,West Springfield,Erie,54034.0,1033,40.9,PA,14.2,3.2,100.0,3.0,94.4,1.3,1.0,0.0,3.3,6.1,92.0,11.0
16444,16444,2021,Edinboro,Erie,,917,19.7,PA,,,,,87.0,6.8,2.7,1.6,1.9,5.3,,
16475,16475,2021,Albion,Erie,,2496,39.7,PA,,1.9,,,48.2,46.6,4.5,0.0,0.7,,,
16501,16501,2021,Erie Downtown,Erie,13395.0,1553,53.9,PA,64.0,14.9,24.2,67.3,71.4,17.6,7.6,0.3,3.1,20.7,2.1,74.2
16502,16502,2021,Erie West,Erie,33245.0,15548,35.3,PA,31.8,13.1,30.5,22.3,66.8,9.0,13.2,2.4,8.6,9.3,35.9,30.1
16503,16503,2021,Erie East,Erie,27060.0,15876,30.4,PA,37.2,7.0,31.7,30.9,45.4,33.5,13.8,2.7,4.6,12.6,36.7,54.3
16504,16504,2021,Erie South East,Erie,43758.0,15922,37.0,PA,23.1,17.1,26.7,10.8,77.2,12.7,2.6,2.6,4.9,7.8,67.4,20.2
16505,16505,2021,Erie Frontier/West,Erie,65767.0,16081,49.0,PA,10.2,25.8,29.6,7.4,92.9,1.5,1.4,1.6,2.6,6.1,75.5,10.5
16506,16506,2021,Erie Millcreek/West,Erie,77137.0,24635,44.7,PA,6.4,23.0,29.1,7.0,91.8,1.3,1.6,3.1,2.2,2.6,72.3,8.3
16507,16507,2021,Erie Downtown,Erie,33401.0,9111,30.8,PA,28.1,15.0,32.3,19.1,64.0,18.1,6.1,2.2,9.6,5.2,31.5,32.4
16508,16508,2021,Erie South Central,Erie,50625.0,15438,37.5,PA,12.8,19.9,24.0,9.0,83.0,6.6,2.6,1.5,6.3,5.3,64.8,18.9
16509,16509,2021,Erie Millcreek/South,Erie,64151.0,27969,42.0,PA,12.1,24.2,16.6,6.1,87.4,3.2,3.8,1.7,3.9,3.4,68.7,12.1
16510,16510,2021,Erie Harborcreek,Erie,59060.0,25483,39.8,PA,16.0,16.6,18.4,7.1,78.0,7.7,6.8,3.8,3.7,7.8,80.1,16.4
16511,16511,2021,Erie Lawrence Park,Erie,57177.0,11555,37.1,PA,15.0,19.8,19.0,12.0,81.8,9.0,4.8,2.1,2.3,2.6,65.6,20.9
16546,16546,2021,Erie,Erie,,996,19.5,PA,,,,,87.0,2.3,3.4,5.5,1.8,2.3,,
16550,16550,2021,Erie,Erie,,0,,PA,,,,,,,,,,,,
16563,16563,2021,Erie Penn State Behrend,Erie,,1556,19.5,PA,,0.0,,,78.5,5.3,0.5,12.9,2.8,7.0,,
16616,16616,2021,Beccaria,Clearfield,29375.0,154,56.3,PA,29.2,2.5,36.8,8.7,100.0,0.0,0.0,0.0,0.0,10.4,72.5,43.5
16620,16620,2021,Brisbin,Clearfield,48875.0,338,51.5,PA,18.0,15.5,27.6,6.1,90.2,1.5,5.6,0.3,2.4,11.2,77.9,8.4
16627,16627,2021,Coalport,Clearfield,46971.0,2254,44.3,PA,17.5,9.2,11.1,4.8,88.6,0.5,0.6,0.0,10.3,10.7,88.4,17.5
16639,16639,2021,Fallentimber,Clearfield,65339.0,1429,48.0,PA,9.2,8.9,0.0,1.2,97.5,0.0,0.5,0.0,2.0,6.9,94.5,13.3
16640,16640,2021,Flinton,Clearfield,55781.0,885,47.3,PA,22.0,13.1,25.0,3.7,98.5,0.2,0.2,0.2,0.9,3.3,94.4,16.6
16645,16645,2021,Glen Hope,Clearfield,60417.0,190,52.0,PA,1.6,2.8,0.0,4.8,99.5,0.0,0.5,0.0,0.0,0.0,98.8,14.5
16646,16646,2021,Hastings,Clearfield,54397.0,2175,47.4,PA,6.5,9.4,16.5,5.0,99.3,0.0,0.3,0.0,0.4,3.6,87.3,16.5
16651,16651,2021,Houtzdale,Clearfield,60230.0,6034,42.8,PA,10.8,5.9,4.4,7.2,70.4,18.5,6.2,0.4,4.5,6.4,80.5,19.5
16656,16656,2021,Irvona,Clearfield,42188.0,1202,48.7,PA,17.5,9.9,22.4,11.1,94.8,0.0,2.1,0.0,3.1,8.2,87.6,19.0
16661,16661,2021,Madera,Clearfield,45729.0,929,46.3,PA,18.7,7.2,54.1,2.1,97.1,0.4,0.0,2.3,0.2,14.4,90.2,30.0
16666,16666,2021,Osceola Mills,Clearfield,42486.0,2945,53.0,PA,23.1,8.0,6.6,0.8,96.6,0.1,2.6,0.1,0.6,7.4,91.9,19.5
16668,16668,2021,Patton,Clearfield,61092.0,3502,44.2,PA,7.5,13.4,11.7,9.2,96.9,0.1,0.9,0.0,2.1,4.6,81.2,17.7
16671,16671,2021,Ramey,Clearfield,60000.0,424,45.4,PA,4.5,14.0,25.0,5.3,97.9,0.0,0.5,0.0,1.6,3.0,78.8,18.2
16680,16680,2021,Smithmill,Clearfield,61667.0,323,43.3,PA,6.5,10.9,0.0,4.6,90.1,6.8,0.0,0.0,3.1,3.6,87.7,7.7
16686,16686,2021,Tyrone,Clearfield,58041.0,13746,40.5,PA,10.0,14.7,12.2,7.3,94.5,0.7,2.3,0.3,2.2,5.7,71.7,13.9
16692,16692,2021,Westover,Clearfield,64318.0,897,37.2,PA,13.0,14.4,0.0,10.1,94.3,0.1,4.5,0.2,0.9,10.3,81.8,22.8
16701,16701,2021,Bradford,McKean,51725.0,16928,42.0,PA,18.0,14.8,25.0,12.3,93.8,0.7,2.1,0.7,2.7,6.0,72.6,21.4
16720,16720,2021,Austin,Cameron,46813.0,1235,49.7,PA,10.5,8.1,19.1,8.0,98.2,0.0,0.0,0.0,1.8,5.1,85.7,13.4
16724,16724,2021,Crosby,McKean,41875.0,98,46.1,PA,3.1,10.0,0.0,4.9,96.9,0.0,0.0,0.0,3.1,7.3,90.2,31.7
16725,16725,2021,Custer City,McKean,,64,34.2,PA,0.0,51.5,0.0,0.0,100.0,0.0,0.0,0.0,0.0,0.0,40.0,60.0
16726,16726,2021,Cyclone,McKean,52813.0,537,48.8,PA,11.0,7.3,7.5,2.2,98.7,0.0,0.0,0.0,1.3,2.5,76.2,17.0
16727,16727,2021,Derrick City,McKean,79414.0,209,25.4,PA,0.0,28.8,0.0,5.5,100.0,0.0,0.0,0.0,0.0,0.0,41.8,0.0
16729,16729,2021,Duke Center,McKean,51080.0,733,42.3,PA,21.0,12.6,26.8,2.4,100.0,0.0,0.0,0.0,0.0,11.6,80.6,17.3
16730,16730,2021,East Smethport,McKean,42045.0,102,61.3,PA,0.0,0.0,0.0,0.0,100.0,0.0,0.0,0.0,0.0,0.0,88.5,9.6
16731,16731,2021,Eldred,McKean,54813.0,2400,49.8,PA,9.5,10.4,6.8,3.4,98.7,0.3,0.0,0.2,0.8,10.2,79.2,11.4
16732,16732,2021,Gifford,McKean,57750.0,129,60.6,PA,0.0,11.9,0.0,0.0,100.0,0.0,0.0,0.0,0.0,0.0,85.7,0.0
16733,16733,2021,Hazel Hurst,McKean,34375.0,181,65.3,PA,10.5,9.6,46.7,21.3,48.1,0.0,0.0,0.0,51.9,8.1,68.1,38.3
16734,16734,2021,James City,Elk,50417.0,208,50.1,PA,1.5,1.8,0.0,1.9,97.6,0.0,0.0,0.0,2.4,7.1,77.7,13.6
16735,16735,2021,Kane,Elk,47383.0,6158,44.7,PA,11.0,13.4,4.3,5.6,95.0,0.8,1.9,0.5,1.8,5.3,75.0,15.5
16738,16738,2021,Lewis Run,McKean,66563.0,2321,39.9,PA,10.3,7.3,27.8,1.6,53.7,30.1,13.4,0.0,2.8,3.9,89.2,11.8
16740,16740,2021,Mount Jewett,Elk,45441.0,962,39.6,PA,12.2,8.2,5.5,8.1,94.6,0.0,0.0,0.0,5.4,3.0,80.4,24.7
16743,16743,2021,Port Allegany,McKean,54451.0,3848,42.0,PA,16.7,12.2,25.4,4.7,96.0,0.1,1.8,0.4,1.7,8.1,74.8,21.1
16744,16744,2021,Rew,McKean,,224,44.2,PA,19.6,7.9,0.0,0.0,100.0,0.0,0.0,0.0,0.0,14.1,79.5,0.0
16745,16745,2021,Rixford,McKean,46607.0,663,50.5,PA,2.0,10.0,0.0,3.6,99.2,0.0,0.0,0.8,-0.0,2.2,97.9,5.4
16746,16746,2021,Roulette,McKean,53992.0,1036,47.7,PA,12.4,11.3,33.3,1.8,95.1,0.1,0.4,0.2,4.2,4.2,89.7,18.2
16748,16748,2021,Shinglehouse,McKean,48049.0,2789,46.3,PA,15.1,8.4,0.8,7.3,99.1,0.1,0.6,0.0,0.2,7.0,75.9,17.2
16749,16749,2021,Smethport,Cameron,53611.0,3902,45.1,PA,16.6,12.8,14.6,4.8,96.8,0.5,1.7,0.1,0.9,4.6,78.1,11.1
16750,16750,2021,Turtlepoint,McKean,90833.0,605,46.2,PA,8.8,8.4,14.3,2.6,81.3,3.0,0.0,0.0,15.7,3.7,94.9,3.3
16821,16821,2021,Allport,Clearfield,57368.0,228,56.1,PA,0.0,5.5,,20.7,100.0,0.0,0.0,0.0,0.0,0.0,100.0,51.1
16825,16825,2021,Bigler,Clearfield,62721.0,225,26.3,PA,0.0,41.7,0.0,11.3,69.8,0.0,30.2,0.0,0.0,0.0,88.7,11.3
16830,16830,2021,Clearfield,Clearfield,49623.0,13571,41.3,PA,18.2,13.9,23.6,11.9,97.6,0.2,1.4,0.5,0.3,7.3,66.4,24.9
16833,16833,2021,Curwensville,Clearfield,50778.0,5261,44.0,PA,11.1,15.4,20.4,6.4,95.0,0.4,0.9,0.2,3.5,8.5,80.5,16.4
16834,16834,2021,Drifting,Clearfield,98644.0,609,45.1,PA,2.1,34.3,81.2,5.5,100.0,0.0,0.0,0.0,0.0,0.0,93.2,8.0
16836,16836,2021,Frenchville,Clearfield,52917.0,1085,51.3,PA,8.6,6.4,20.0,0.6,99.4,0.2,0.0,0.0,0.4,5.9,88.3,20.0
16837,16837,2021,Glen Richey,Clearfield,,101,27.5,PA,32.7,0.0,,0.0,100.0,0.0,0.0,0.0,0.0,0.0,100.0,60.0
16838,16838,2021,Grampian,Clearfield,52917.0,1877,48.4,PA,23.6,9.4,43.7,2.3,92.4,0.0,6.6,0.1,0.9,7.5,76.8,20.8
16839,16839,2021,Grassflat,Clearfield,55893.0,505,31.6,PA,39.2,9.7,81.8,0.0,100.0,0.0,0.0,0.0,0.0,18.3,85.6,28.8
16840,16840,2021,Hawk Run,Clearfield,74732.0,387,34.1,PA,0.0,9.6,0.0,11.6,100.0,0.0,0.0,0.0,0.0,0.0,92.2,32.6
16843,16843,2021,Hyde,Clearfield,34464.0,557,52.4,PA,44.4,1.4,21.4,3.7,100.0,0.0,0.0,0.0,0.0,12.5,82.7,23.0
16845,16845,2021,Karthaus,Clearfield,60625.0,979,45.1,PA,10.8,4.6,17.6,1.7,91.4,3.2,1.7,0.0,3.7,7.5,94.4,7.9
16847,16847,2021,Kylertown,Clearfield,65156.0,390,38.8,PA,10.3,6.9,0.0,0.0,53.6,0.0,43.3,0.0,3.1,6.2,75.8,15.8
16849,16849,2021,Lanse,Clearfield,28750.0,108,58.0,PA,6.5,4.3,,0.0,100.0,0.0,0.0,0.0,0.0,0.0,100.0,5.9
16855,16855,2021,Mineral Springs,Clearfield,,73,42.1,PA,0.0,0.0,0.0,34.2,100.0,0.0,0.0,0.0,0.0,30.6,71.1,0.0
16858,16858,2021,Morrisdale,Clearfield,57946.0,3790,49.3,PA,10.0,7.7,15.0,6.1,96.9,0.0,0.8,0.0,2.3,6.5,81.2,8.3
16859,16859,2021,Moshannon,Clearfield,67500.0,467,50.5,PA,3.6,9.7,0.0,11.5,94.2,0.0,5.8,0.0,-0.0,3.4,93.0,3.0
16860,16860,2021,Munson,Clearfield,65673.0,308,52.4,PA,2.9,0.0,,0.0,100.0,0.0,0.0,0.0,0.0,0.0,100.0,10.0
16861,16861,2021,New Millport,Clearfield,19531.0,270,57.3,PA,14.2,6.8,0.0,7.5,95.9,0.0,0.0,4.1,-0.0,6.6,97.9,22.6
16863,16863,2021,Olanta,Clearfield,66500.0,540,50.6,PA,10.2,7.2,10.0,9.0,98.3,0.0,0.0,0.0,1.7,9.9,82.9,9.8
16866,16866,2021,Philipsburg,Clearfield,45993.0,9868,45.7,PA,14.2,11.2,18.1,14.8,83.2,5.6,8.2,1.3,1.7,3.9,67.5,19.4
16871,16871,2021,Pottersdale,Clearfield,66500.0,62,31.6,PA,0.0,35.6,0.0,0.0,98.4,0.0,1.6,0.0,-0.0,0.0,80.0,0.0
16876,16876,2021,Wallaceton,Clearfield,43125.0,246,45.5,PA,15.4,5.1,5.3,7.8,99.6,0.0,0.0,0.0,0.4,12.5,81.4,28.4
16878,16878,2021,West Decatur,Clearfield,65948.0,1817,48.1,PA,13.7,8.0,39.3,3.1,98.5,0.4,0.3,0.2,0.6,7.6,87.8,15.7
16879,16879,2021,Winburne,Clearfield,43500.0,374,52.0,PA,20.1,8.4,0.0,1.9,98.9,0.0,0.0,0.0,1.1,9.5,80.1,23.7
16881,16881,2021,Woodland,Clearfield,42721.0,2402,49.0,PA,17.4,8.4,0.0,1.1,93.8,0.0,0.0,0.0,6.2,6.3,84.6,29.6
17764,17764,2021,Renovo,Cameron,39361.0,2337,52.2,PA,21.5,6.9,15.5,14.5,93.0,0.6,3.5,0.2,2.7,11.6,68.2,24.6
17778,17778,2021,Westport,Clearfield,,143,31.8,PA,10.5,2.4,20.0,4.3,100.0,0.0,0.0,0.0,0.0,0.0,78.7,4.3
15711,15711,2022,Anita,Jefferson,44926.0,293,41.2,PA,13.0,9.6,14.3,7.3,100.0,0.0,0.0,0.0,0.0,2.9,71.5,9.8
15715,15715,2022,Big Run,Jefferson,49375.0,536,40.1,PA,24.3,7.8,9.5,3.2,97.0,0.0,0.7,0.0,2.3,6.3,71.5,14.9
15721,15721,2022,Burnside,Clearfield,47500.0,163,50.6,PA,23.9,0.0,55.6,23.6,99.4,0.0,0.0,0.0,0.6,27.3,87.5,25.0
15724,15724,2022,Cherry Tree,Clearfield,64391.0,2262,52.1,PA,6.8,3.0,5.3,5.7,97.0,0.0,2.2,0.0,0.8,7.7,87.3,12.0
15730,15730,2022,Coolspring,Jefferson,61518.0,116,49.4,PA,8.6,14.8,0.0,0.0,100.0,0.0,0.0,0.0,0.0,0.0,85.2,0.0
15733,15733,2022,De Lancey,Jefferson,,119,18.9,PA,47.1,0.0,,47.4,100.0,0.0,0.0,0.0,0.0,0.0,100.0,86.8
15742,15742,2022,Glen Campbell,Clearfield,54375.0,1040,40.5,PA,7.0,9.6,3.2,8.7,98.9,0.0,0.3,0.1,0.7,1.9,83.1,12.8
15744,15744,2022,Hamilton,Jefferson,104583.0,53,33.4,PA,0.0,24.4,0.0,0.0,96.2,0.0,3.8,0.0,-0.0,0.0,76.5,0.0
15753,15753,2022,La Jose,Clearfield,47500.0,455,44.8,PA,17.1,5.5,15.6,3.4,98.9,0.0,0.0,0.0,1.1,6.8,82.0,27.0
15757,15757,2022,Mahaffey,Clearfield,46544.0,1310,53.3,PA,16.9,5.3,2.4,2.9,97.3,0.0,2.1,0.0,0.6,3.9,85.7,21.1
15763,15763,2022,Northpoint,Jefferson,115156.0,17,68.3,PA,0.0,0.0,0.0,0.0,100.0,0.0,0.0,0.0,0.0,0.0,46.7,0.0
15764,15764,2022,Oliveburg,Jefferson,46875.0,156,46.6,PA,13.5,7.1,57.1,0.0,96.8,0.0,0.0,0.0,3.2,0.0,87.7,5.3
15767,15767,2022,Punxsutawney,Clearfield,49885.0,14156,43.8,PA,16.8,12.9,23.0,10.8,96.9,0.2,0.5,0.6,1.8,5.2,73.1,15.5
15770,15770,2022,Ringgold,Jefferson,45000.0,180,60.0,PA,20.0,5.0,10.0,1.2,94.4,0.0,5.6,0.0,-0.0,0.0,87.5,6.2
15772,15772,2022,Rossiter,Jefferson,45000.0,1656,41.9,PA,17.4,5.8,11.7,13.6,98.4,0.0,0.0,0.0,1.6,6.5,76.1,20.4
15776,15776,2022,Sprankle Mills,Jefferson,,34,65.7,PA,8.8,13.3,100.0,0.0,100.0,0.0,0.0,0.0,0.0,0.0,87.0,13.0
15778,15778,2022,Timblin,Jefferson,101250.0,342,43.6,PA,3.2,2.0,0.0,10.7,91.2,0.0,8.8,0.0,-0.0,0.9,98.2,12.5
15780,15780,2022,Valier,Jefferson,65417.0,62,55.7,PA,9.7,6.1,0.0,0.0,100.0,0.0,0.0,0.0,0.0,0.0,90.3,0.0
15781,15781,2022,Walston,Jefferson,41563.0,76,60.5,PA,0.0,12.9,0.0,0.0,100.0,0.0,0.0,0.0,0.0,0.0,91.9,8.1
15784,15784,2022,Worthville,Jefferson,73125.0,59,56.9,PA,1.7,9.4,33.3,0.0,98.3,0.0,1.7,0.0,0.0,0.0,90.3,6.5
15801,15801,2022,Du Bois,Clearfield,61757.0,20312,44.4,PA,9.8,19.9,20.9,8.9,95.0,0.4,3.3,0.6,0.7,3.9,72.5,17.5
15821,15821,2022,Benezett,Elk,46250.0,73,58.2,PA,2.7,8.2,0.0,0.0,91.8,0.0,0.0,0.0,8.2,10.8,88.0,0.0
15823,15823,2022,Brockport,Clearfield,60491.0,1230,50.4,PA,8.4,8.9,18.6,4.9,98.7,0.1,0.0,0.0,1.2,3.8,84.8,7.6
15824,15824,2022,Brockway,Clearfield,59459.0,5146,43.4,PA,12.7,9.6,4.6,6.0,96.2,0.5,0.3,0.0,3.0,4.8,76.1,12.6
15825,15825,2022,Brookville,Jefferson,60924.0,9565,42.7,PA,11.7,11.8,16.3,5.9,95.2,0.5,2.2,0.0,2.1,5.3,72.5,13.5
15827,15827,2022,Byrnedale,Elk,76797.0,305,53.1,PA,0.0,12.2,,8.0,100.0,0.0,0.0,0.0,0.0,3.5,100.0,2.7
15828,15828,2022,Clarington,Jefferson,45000.0,233,62.1,PA,8.2,8.4,0.0,6.6,84.5,0.0,12.4,0.0,3.1,2.4,90.2,5.7
15829,15829,2022,Corsica,Jefferson,67917.0,1209,44.6,PA,9.1,15.5,14.3,2.9,96.3,0.2,0.3,0.0,3.2,4.2,83.9,18.2
15831,15831,2022,Dagus Mines,Elk,,43,50.7,PA,0.0,0.0,0.0,0.0,90.7,0.0,0.0,0.0,9.3,0.0,25.0,0.0
15832,15832,2022,Driftwood,Clearfield,37857.0,238,63.2,PA,11.3,7.4,0.0,3.0,95.0,0.0,0.4,0.0,4.6,23.8,81.8,19.7
15834,15834,2022,Emporium,Elk,46209.0,4166,50.7,PA,15.3,8.1,17.6,10.9,93.4,0.0,2.2,0.1,4.3,6.6,70.1,25.3
15840,15840,2022,Falls Creek,Clearfield,54474.0,1744,48.5,PA,11.8,14.5,17.3,4.0,96.7,1.0,0.0,0.5,1.8,6.3,73.1,16.4
15841,15841,2022,Force,Elk,24901.0,243,40.9,PA,1.3,0.0,0.0,20.2,100.0,0.0,0.0,0.0,0.0,0.0,86.9,11.1
15845,15845,2022,Johnsonburg,Elk,56613.0,2920,46.1,PA,10.0,11.7,6.1,5.2,97.8,0.0,1.7,0.0,0.5,6.2,78.3,13.5
15846,15846,2022,Kersey,Clearfield,78458.0,3323,47.4,PA,2.4,9.8,0.0,1.5,96.9,1.3,0.0,1.8,-0.0,4.2,82.8,7.9
15847,15847,2022,Knox Dale,Jefferson,75833.0,94,28.3,PA,7.4,0.0,57.1,0.0,100.0,0.0,0.0,0.0,0.0,5.4,75.0,25.0
15848,15848,2022,Luthersburg,Clearfield,57841.0,885,43.4,PA,4.9,14.2,0.0,8.7,97.3,0.0,0.3,2.1,0.3,6.8,88.1,15.9
15849,15849,2022,Penfield,Clearfield,55703.0,1370,47.9,PA,15.6,4.7,24.3,4.5,95.6,0.1,0.0,1.0,3.3,2.3,80.8,21.0
15851,15851,2022,Reynoldsville,Clearfield,58613.0,7112,41.5,PA,15.9,8.7,18.6,8.8,96.4,0.1,0.6,0.4,2.5,6.9,76.3,16.1
15853,15853,2022,Ridgway,Jefferson,58580.0,6411,44.3,PA,10.9,14.4,25.2,8.8,96.8,0.1,0.5,0.0,2.6,5.0,75.6,19.6
15856,15856,2022,Rockton,Clearfield,56417.0,853,55.0,PA,9.0,11.5,10.8,4.1,96.8,0.0,2.0,0.2,1.0,0.7,90.6,10.6
15857,15857,2022,Saint Marys,Elk,62036.0,12958,50.2,PA,8.8,13.9,19.0,8.0,93.8,1.3,1.3,0.4,3.2,8.9,76.5,15.5
15860,15860,2022,Sigel,Jefferson,62661.0,1212,52.0,PA,10.9,7.6,2.3,6.6,99.2,0.0,0.2,0.2,0.4,6.0,84.1,10.3
15861,15861,2022,Sinnamahoning,Clearfield,74286.0,119,66.3,PA,7.6,15.6,0.0,3.3,98.3,0.0,0.0,0.0,1.7,6.4,88.3,13.3
15863,15863,2022,Stump Creek,Jefferson,33438.0,143,43.8,PA,19.9,3.7,,4.5,90.9,0.0,3.5,0.0,5.6,5.2,100.0,37.3
15864,15864,2022,Summerville,Jefferson,60577.0,1882,44.6,PA,9.9,12.3,5.5,3.3,98.0,0.0,1.5,0.0,0.5,4.2,77.1,10.3
15865,15865,2022,Sykesville,Clearfield,40938.0,988,49.0,PA,16.2,11.9,4.5,11.7,95.6,3.3,1.0,0.0,0.1,5.3,65.7,20.9
15866,15866,2022,Troutville,Clearfield,75417.0,218,25.0,PA,2.8,7.3,0.0,18.2,93.6,0.0,0.0,0.0,6.4,0.0,87.3,5.5
15868,15868,2022,Weedville,Clearfield,61563.0,1788,45.6,PA,15.4,13.2,9.2,1.1,96.5,0.0,0.0,0.0,3.5,5.3,89.2,20.7
15870,15870,2022,Wilcox,Elk,52813.0,1228,48.4,PA,13.7,10.7,0.0,2.6,96.2,0.0,0.2,0.5,3.1,3.5,92.5,9.4
16020,16020,2022,Boyers,Venango,82813.0,1190,44.5,PA,5.0,12.4,0.0,2.9,98.2,0.2,0.3,0.4,0.9,7.6,89.7,9.6
16028,16028,2022,East Brady,Clarion,59261.0,2061,43.2,PA,8.1,13.7,8.1,5.8,91.7,0.4,1.4,0.6,5.9,4.0,72.2,21.2
16036,16036,2022,Foxburg,Clarion,56607.0,314,48.0,PA,8.3,25.3,10.0,0.8,95.5,0.0,1.3,0.0,3.2,15.3,68.3,20.6
16038,16038,2022,Harrisville,Venango,70625.0,3214,47.2,PA,7.2,10.8,9.6,6.3,97.0,0.4,0.2,0.2,2.2,5.8,79.1,6.5
16041,16041,2022,Karns City,Clarion,68636.0,2105,47.1,PA,10.7,11.6,31.6,3.0,97.4,0.1,0.0,0.0,2.5,4.0,85.8,16.8
16049,16049,2022,Parker,Clarion,59476.0,3011,47.7,PA,13.5,7.3,17.8,5.5,95.6,0.6,0.8,0.0,3.0,7.3,80.9,20.5
16054,16054,2022,Saint Petersburg,Clarion,58750.0,381,55.9,PA,5.2,9.0,13.8,3.8,97.9,0.0,0.5,0.0,1.6,8.3,84.2,5.5
16110,16110,2022,Adamsville,Crawford,75179.0,397,49.2,PA,3.3,5.4,0.0,14.4,100.0,0.0,0.0,0.0,0.0,0.0,96.7,7.8
16111,16111,2022,Atlantic,Crawford,57039.0,1147,34.6,PA,15.5,3.4,0.0,26.2,96.5,0.5,0.0,0.3,2.7,2.3,87.7,4.5
16125,16125,2022,Greenville,Crawford,54596.0,17610,45.3,PA,11.7,13.4,16.4,8.8,94.3,0.5,0.8,0.5,3.9,6.7,68.6,20.4
16127,16127,2022,Grove City,Venango,70475.0,15350,35.3,PA,9.9,20.9,16.1,6.2,91.5,2.2,2.2,0.8,3.3,4.0,72.4,13.5
16130,16130,2022,Hadley,Crawford,54737.0,1982,44.2,PA,14.7,11.9,6.4,7.2,97.0,0.0,1.3,0.2,1.5,3.6,82.4,5.7
16131,16131,2022,Hartstown,Crawford,55536.0,861,47.4,PA,12.8,10.4,29.5,7.3,97.1,0.0,1.9,0.0,1.0,6.4,79.5,14.4
16134,16134,2022,Jamestown,Crawford,55964.0,3890,51.6,PA,13.2,8.2,12.0,6.2,97.0,0.1,1.0,0.2,1.7,5.8,85.2,17.8
16145,16145,2022,Sandy Lake,Venango,59866.0,2693,45.5,PA,9.8,20.3,8.2,1.9,93.3,0.1,1.4,0.0,5.2,4.7,83.5,11.4
16153,16153,2022,Stoneboro,Venango,64103.0,2266,40.7,PA,14.0,17.1,14.5,5.6,96.5,0.0,1.2,0.4,1.9,1.9,81.4,15.4
16213,16213,2022,Callensburg,Clarion,51563.0,149,43.3,PA,13.4,9.6,0.0,7.5,99.3,0.0,0.0,0.0,0.7,2.9,76.1,4.5
16214,16214,2022,Clarion,Clarion,55859.0,8960,29.0,PA,20.5,23.5,32.4,7.1,89.5,5.6,3.0,0.8,1.1,8.8,49.4,19.9
16217,16217,2022,Cooksburg,Jefferson,52188.0,92,65.3,PA,0.0,14.1,0.0,0.0,100.0,0.0,0.0,0.0,0.0,0.0,89.6,6.2
16218,16218,2022,Cowansville,Clarion,63056.0,1189,40.7,PA,11.2,13.7,26.4,2.3,91.3,5.8,0.8,0.0,2.1,5.4,87.8,15.9
16220,16220,2022,Crown,Clarion,53672.0,95,50.6,PA,14.7,0.0,,32.6,100.0,0.0,0.0,0.0,0.0,0.0,100.0,0.0
16222,16222,2022,Dayton,Jefferson,57774.0,3076,37.4,PA,10.4,11.7,13.9,13.2,98.6,0.0,0.0,0.5,0.9,8.1,89.9,13.1
16224,16224,2022,Fairmount City,Clarion,73750.0,836,50.8,PA,6.2,11.6,3.6,4.6,98.7,0.0,0.0,0.0,1.3,3.0,83.9,7.5
16230,16230,2022,Hawthorn,Clarion,43929.0,480,45.1,PA,8.3,9.0,36.2,6.1,98.8,0.8,0.2,0.0,0.2,9.1,76.0,18.4
16232,16232,2022,Knox,Clarion,54760.0,4287,41.8,PA,13.5,13.1,14.4,7.1,96.4,0.0,0.4,0.6,2.6,6.4,75.4,20.0
16233,16233,2022,Leeper,Jefferson,85938.0,1094,48.3,PA,9.0,12.9,0.0,1.8,98.9,0.0,0.7,0.0,0.4,1.6,88.8,7.6
16235,16235,2022,Lucinda,Clarion,77500.0,1365,43.2,PA,4.8,20.7,4.2,0.7,91.0,0.0,0.7,0.0,8.3,2.0,91.8,3.4
16239,16239,2022,Marienville,Elk,44865.0,4059,40.3,PA,15.7,8.1,14.9,7.4,58.8,24.2,6.7,2.9,7.4,5.2,77.8,18.3
16240,16240,2022,Mayport,Jefferson,59219.0,1604,44.1,PA,12.3,7.2,16.5,5.0,99.8,0.1,0.0,0.2,0.0,2.3,81.1,17.0
16242,16242,2022,New Bethlehem,Clarion,53523.0,4258,44.9,PA,15.8,9.1,12.4,9.0,97.7,0.4,0.4,0.5,1.0,4.0,73.5,14.1
16245,16245,2022,Oak Ridge,Clarion,46406.0,253,53.8,PA,8.3,11.8,27.8,14.0,97.6,0.0,0.0,1.6,0.8,10.1,72.1,27.1
16248,16248,2022,Rimersburg,Clarion,56477.0,3126,49.3,PA,15.4,9.4,25.0,6.8,94.0,1.1,1.0,1.2,2.7,2.8,71.9,19.2
16254,16254,2022,Shippenville,Clarion,58456.0,3551,43.8,PA,9.8,14.1,6.6,4.4,96.3,0.8,0.4,0.3,2.2,5.9,81.0,13.4
16255,16255,2022,Sligo,Clarion,57679.0,1852,44.0,PA,13.3,9.5,26.5,11.7,95.7,0.1,0.3,0.0,3.9,5.2,74.3,16.5
16256,16256,2022,Smicksburg,Jefferson,56346.0,2030,19.3,PA,23.2,8.6,0.0,47.1,99.0,0.0,0.6,0.0,0.4,3.3,92.3,9.4
16258,16258,2022,Strattanville,Jefferson,48295.0,1600,43.9,PA,12.9,12.8,12.1,11.6,95.1,0.1,0.0,0.0,4.8,1.7,68.8,21.0
16259,16259,2022,Templeton,Clarion,53500.0,2068,46.4,PA,8.7,5.2,10.3,4.2,97.6,0.0,1.7,0.0,0.7,7.2,82.5,16.7
16260,16260,2022,Vowinckel,Clarion,44750.0,228,57.5,PA,4.4,12.5,0.0,0.0,100.0,0.0,0.0,0.0,0.0,1.5,92.8,7.2
16301,16301,2022,Oil City,Venango,54558.0,15178,45.6,PA,15.4,12.9,20.3,9.9,94.0,0.8,1.2,0.3,3.7,7.5,71.0,26.1
16311,16311,2022,Carlton,Venango,72625.0,438,52.3,PA,5.3,7.0,0.0,6.2,97.3,0.0,1.6,0.0,1.1,0.0,90.9,9.1
16312,16312,2022,Chandlers Valley,Warren,,0,,PA,,,,,,,,,,,,
16313,16313,2022,Clarendon,McKean,52596.0,1805,51.5,PA,19.5,7.0,9.2,3.6,97.6,0.0,1.2,0.3,0.9,5.8,83.2,17.0
16314,16314,2022,Cochranton,Venango,64654.0,5301,44.6,PA,7.7,11.6,6.0,3.6,95.0,0.2,0.6,0.3,3.9,6.7,86.7,11.4
16316,16316,2022,Conneaut Lake,Crawford,64911.0,4607,49.5,PA,10.1,14.3,18.0,4.5,96.0,0.0,2.3,0.2,1.5,3.5,81.1,11.8
16317,16317,2022,Cooperstown,Venango,55417.0,1404,47.7,PA,11.9,6.8,40.4,2.3,97.2,0.0,0.8,0.0,2.0,14.8,81.0,14.6
16319,16319,2022,Cranberry,Clarion,62026.0,1137,56.5,PA,8.3,9.6,0.0,0.4,94.0,0.0,5.9,0.0,0.1,0.0,94.9,14.6
16321,16321,2022,East Hickory,Forest,,13,62.1,PA,0.0,0.0,0.0,0.0,100.0,0.0,0.0,0.0,0.0,0.0,91.7,0.0
16322,16322,2022,Endeavor,Forest,27813.0,117,50.7,PA,45.3,0.0,,8.5,100.0,0.0,0.0,0.0,0.0,13.0,100.0,8.5
16323,16323,2022,Franklin,Venango,59274.0,14934,47.4,PA,12.3,13.4,16.8,7.4,93.2,2.5,1.0,0.3,3.0,6.3,70.6,18.1
16326,16326,2022,Fryburg,Clarion,82292.0,322,48.3,PA,5.0,19.3,0.0,0.0,100.0,0.0,0.0,0.0,0.0,0.0,81.5,0.0
16327,16327,2022,Guys Mills,Venango,63654.0,2590,42.4,PA,7.7,13.5,9.6,3.4,94.2,0.8,1.7,0.0,3.3,2.6,88.3,10.3
16328,16328,2022,Hydetown,Crawford,46500.0,249,48.9,PA,11.1,6.1,17.6,16.3,100.0,0.0,0.0,0.0,0.0,19.6,83.7,22.1
16329,16329,2022,Irvine,Warren,67019.0,428,48.3,PA,1.4,3.4,0.0,10.1,99.1,0.0,0.0,0.0,0.9,5.9,84.6,9.5
16331,16331,2022,Kossuth,Clarion,,143,57.2,PA,11.9,22.4,0.0,5.8,100.0,0.0,0.0,0.0,0.0,0.0,76.9,19.2
16332,16332,2022,Lickingville,Clarion,,51,55.4,PA,9.8,4.4,100.0,18.5,100.0,0.0,0.0,0.0,0.0,0.0,81.5,14.8
16333,16333,2022,Ludlow,McKean,42500.0,212,54.5,PA,3.8,2.4,,6.9,96.2,0.0,1.4,0.0,2.4,26.8,100.0,14.7
16334,16334,2022,Marble,Clarion,67361.0,419,48.7,PA,11.7,14.2,3.6,4.9,100.0,0.0,0.0,0.0,0.0,1.5,72.7,6.3
16335,16335,2022,Meadville,Crawford,59007.0,27497,42.9,PA,11.5,16.2,17.3,11.1,91.2,2.8,1.5,1.0,3.5,5.1,60.5,20.3
16340,16340,2022,Pittsfield,Warren,59563.0,1940,46.1,PA,12.3,12.6,0.0,4.3,93.1,0.0,1.8,2.2,2.9,4.0,90.2,13.3
16341,16341,2022,Pleasantville,Venango,56667.0,1862,50.6,PA,13.1,16.0,7.9,1.6,85.8,0.0,5.6,1.5,7.1,4.9,91.8,10.8
16342,16342,2022,Polk,Venango,67946.0,2359,54.3,PA,17.8,11.9,22.7,4.2,94.1,0.8,1.1,0.5,3.5,4.1,88.7,16.5
16343,16343,2022,Reno,Venango,69375.0,550,38.6,PA,22.2,29.6,0.0,0.0,100.0,0.0,0.0,0.0,0.0,13.5,88.0,24.4
16344,16344,2022,Rouseville,Venango,52917.0,521,32.0,PA,22.1,6.0,18.0,3.6,97.9,0.0,0.4,0.0,1.7,12.9,53.6,36.5
16345,16345,2022,Russell,Warren,89141.0,3670,50.1,PA,5.1,17.6,9.2,3.1,95.3,0.3,1.6,1.2,1.6,7.4,91.1,6.3
16346,16346,2022,Seneca,Venango,61161.0,3138,47.0,PA,16.1,16.0,28.4,9.3,93.9,0.3,1.4,1.8,2.6,8.8,65.7,23.8
16347,16347,2022,Sheffield,Elk,53243.0,1535,43.3,PA,12.5,12.4,21.1,5.6,96.3,1.6,0.0,0.0,2.1,3.0,79.6,18.4
16350,16350,2022,Sugar Grove,Warren,61196.0,2332,41.9,PA,19.8,7.3,8.4,9.0,95.2,0.2,1.5,0.0,3.1,1.8,84.4,8.7
16351,16351,2022,Tidioute,Forest,46563.0,1760,51.1,PA,15.1,7.5,7.1,9.2,87.8,0.2,7.5,0.6,3.9,4.9,77.5,27.0
16352,16352,2022,Tiona,Warren,49375.0,226,41.7,PA,13.3,6.8,0.0,0.0,98.7,0.0,0.0,0.0,1.3,0.0,70.4,25.5
16353,16353,2022,Tionesta,Clarion,50172.0,2321,57.2,PA,16.6,8.4,9.0,6.9,96.2,0.0,2.5,0.5,0.8,3.6,83.4,17.6
16354,16354,2022,Titusville,Venango,43026.0,10225,46.4,PA,19.4,8.5,17.8,13.5,95.4,1.2,0.8,0.8,1.8,8.2,70.0,24.5
16360,16360,2022,Townville,Crawford,70179.0,1385,43.2,PA,19.4,15.6,12.6,2.6,96.5,1.6,1.2,0.0,0.7,5.5,80.8,17.3
16361,16361,2022,Tylersburg,Clarion,74219.0,30,63.8,PA,0.0,0.0,100.0,0.0,100.0,0.0,0.0,0.0,0.0,0.0,73.9,26.1
16362,16362,2022,Utica,Venango,64063.0,951,55.1,PA,12.6,16.0,0.0,5.5,98.0,0.3,1.4,0.0,0.3,4.3,89.1,10.0
16364,16364,2022,Venus,Clarion,74911.0,1343,48.9,PA,9.2,10.5,0.0,6.1,98.7,0.0,0.0,0.1,1.2,1.3,86.2,8.3
16365,16365,2022,Warren,McKean,55831.0,17377,47.4,PA,11.8,14.4,13.7,7.3,95.2,1.2,0.8,0.3,2.5,3.2,70.6,13.0
16370,16370,2022,West Hickory,Forest,53125.0,330,44.4,PA,20.9,7.6,,1.2,67.0,33.0,0.0,0.0,0.0,0.0,100.0,10.7
16371,16371,2022,Youngsville,Warren,53022.0,3129,45.6,PA,12.6,11.9,20.3,12.5,91.5,0.2,1.6,0.2,6.5,5.7,73.8,13.3
16372,16372,2022,Clintonville,Venango,42250.0,504,43.3,PA,11.5,6.7,6.2,7.4,92.1,0.0,0.0,3.0,4.9,11.6,65.4,15.6
16373,16373,2022,Emlenton,Clarion,66458.0,3050,45.1,PA,11.3,12.3,17.6,9.1,95.9,1.0,0.8,0.6,1.7,2.7,83.6,13.5
16374,16374,2022,Kennerdell,Venango,53696.0,1725,56.3,PA,8.0,10.4,5.0,6.9,98.6,0.0,0.2,0.0,1.2,1.4,85.1,12.8
16401,16401,2022,Albion,Crawford,68056.0,4103,47.3,PA,11.2,11.7,21.2,7.7,95.5,1.0,1.0,0.3,2.2,5.8,82.0,15.6
16402,16402,2022,Bear Lake,Warren,70500.0,703,48.7,PA,9.7,8.3,29.4,8.3,93.6,0.0,3.4,0.0,3.0,8.2,93.8,12.7
16403,16403,2022,Cambridge Springs,Crawford,67847.0,6980,40.2,PA,10.3,13.7,8.0,7.3,93.2,2.3,2.6,0.4,1.5,4.0,83.2,18.1
16404,16404,2022,Centerville,Crawford,58942.0,3285,44.2,PA,20.0,8.9,19.4,8.1,91.6,0.8,0.8,0.3,6.5,8.4,82.7,18.2
16405,16405,2022,Columbus,Warren,79375.0,555,47.6,PA,6.7,6.2,0.0,0.0,93.5,0.0,0.0,0.0,6.5,4.3,94.8,8.1
16406,16406,2022,Conneautville,Crawford,63880.0,3479,42.6,PA,12.2,8.5,27.6,7.3,95.8,1.0,2.2,0.0,1.0,6.1,81.5,15.8
16407,16407,2022,Corry,Crawford,51098.0,10656,43.9,PA,17.9,15.0,25.2,10.6,91.9,0.2,2.9,0.5,4.5,7.6,74.9,18.8
16410,16410,2022,Cranesville,Erie,94917.0,1995,43.3,PA,7.6,20.0,6.7,0.8,93.5,1.6,2.8,0.2,1.9,3.0,91.0,6.3
16411,16411,2022,East Springfield,Erie,63664.0,1260,45.4,PA,9.9,9.7,0.0,3.7,96.6,0.0,0.5,0.0,2.9,9.8,75.5,15.0
16412,16412,2022,Edinboro,Crawford,65605.0,9504,39.0,PA,16.1,29.8,37.7,5.4,95.0,0.7,2.6,0.0,1.7,4.9,68.4,12.8
16415,16415,2022,Fairview,Erie,100867.0,10051,43.2,PA,3.5,26.3,39.7,4.1,91.4,0.6,3.4,1.6,3.0,5.1,91.7,9.5
16416,16416,2022,Garland,Warren,,136,65.3,PA,19.1,0.0,,0.0,86.8,0.0,0.0,0.0,13.2,0.0,100.0,22.7
16417,16417,2022,Girard,Erie,78021.0,8378,46.3,PA,8.1,21.7,17.1,3.8,92.6,0.0,5.3,0.5,1.6,3.5,74.3,13.4
16420,16420,2022,Grand Valley,Venango,52188.0,447,53.6,PA,7.6,7.8,0.0,2.5,98.9,0.0,0.0,0.0,1.1,3.5,89.3,10.7
16421,16421,2022,Lake City,Erie,72926.0,2431,49.5,PA,14.2,15.7,0.0,0.9,96.6,0.1,0.4,0.1,2.8,2.2,62.1,5.0
16422,16422,2022,Harmonsburg,Crawford,77917.0,183,46.2,PA,17.5,47.3,,0.0,87.4,0.0,0.0,6.6,6.0,12.3,100.0,8.3
16423,16423,2022,Lowville/Wattsburg,Erie,70529.0,3783,44.8,PA,9.5,11.4,15.1,5.3,90.1,0.7,4.6,0.4,4.2,3.9,90.0,14.5
16424,16424,2022,Linesville,Crawford,51800.0,4367,50.8,PA,11.7,10.4,18.7,6.0,95.6,0.0,2.1,0.0,2.3,4.7,81.7,14.9
16426,16426,2022,McKean,Erie,77076.0,3401,47.0,PA,12.2,14.3,4.5,5.0,95.2,0.1,0.0,0.0,4.7,7.7,81.2,13.6
16427,16427,2022,Mill Village,Erie,53500.0,201,46.3,PA,12.4,4.8,8.7,2.4,96.5,0.0,1.0,0.0,2.5,7.9,72.6,26.2
16428,16428,2022,North East,Erie,68591.0,12574,40.4,PA,10.1,15.2,10.1,7.9,91.8,0.8,3.3,0.5,3.6,5.4,74.8,16.7
16430,16430,2022,Platea,Erie,103000.0,174,57.0,PA,8.6,16.9,0.0,0.0,97.1,0.0,0.0,0.0,2.9,0.0,85.7,0.0
16433,16433,2022,Saegertown,Crawford,66111.0,4993,44.6,PA,7.4,15.6,1.8,6.7,94.5,0.7,1.2,0.6,3.0,3.3,84.5,13.0
16434,16434,2022,Spartansburg,Crawford,53897.0,3161,26.7,PA,24.9,7.4,12.9,28.7,98.0,0.7,0.5,0.1,0.7,7.8,84.3,8.9
16435,16435,2022,Springboro,Crawford,53859.0,1640,48.3,PA,15.5,8.4,19.6,7.2,95.7,0.6,1.0,0.3,2.4,6.9,78.9,21.1
16436,16436,2022,Spring Creek,Warren,44948.0,801,50.5,PA,15.0,13.1,0.0,3.9,96.6,0.2,2.2,0.0,1.0,11.9,81.3,16.7
16438,16438,2022,Union City,Crawford,58679.0,7260,47.5,PA,13.7,11.4,13.2,8.4,93.0,0.0,3.5,0.6,2.9,9.1,75.6,20.8
16440,16440,2022,Venango,Crawford,69219.0,780,47.8,PA,5.4,19.4,3.3,3.6,91.2,1.2,0.3,0.3,7.0,5.5,81.8,5.2
16441,16441,2022,Waterford,Crawford,75453.0,9255,47.1,PA,6.2,12.3,26.5,3.9,93.8,0.2,4.2,0.2,1.6,5.5,85.3,9.3
16442,16442,2022,Wattsburg,Erie,71250.0,3253,37.6,PA,8.1,17.7,10.2,1.5,97.6,0.4,0.3,0.2,1.5,6.1,87.2,15.4
16443,16443,2022,West Springfield,Erie,65536.0,1226,42.9,PA,24.7,8.3,100.0,4.2,91.7,1.3,0.9,0.0,6.1,3.0,93.2,13.6
16444,16444,2022,Edinboro,Erie,,1002,19.8,PA,,0.0,,,83.6,5.9,5.3,4.8,0.4,11.1,,
16475,16475,2022,Albion,Erie,,2154,41.6,PA,,2.3,,,48.3,46.8,4.4,0.0,0.5,,,
16501,16501,2022,Erie Downtown,Erie,14319.0,1670,53.7,PA,61.6,19.3,22.8,67.0,73.0,14.4,5.8,4.8,2.0,23.1,3.7,71.3
16502,16502,2022,Erie West,Erie,35508.0,15567,32.8,PA,29.6,13.5,28.6,25.0,64.0,12.9,11.8,1.8,9.5,8.7,33.6,33.2
16503,16503,2022,Erie East,Erie,29240.0,16065,31.0,PA,36.6,8.3,32.8,28.7,43.6,35.9,12.9,2.6,5.0,10.3,39.5,54.2
16504,16504,2022,Erie South East,Erie,47146.0,16003,37.4,PA,20.4,17.3,27.0,9.1,75.1,11.7,4.5,2.5,6.2,8.5,69.7,22.2
16505,16505,2022,Erie Frontier/West,Erie,69884.0,16136,49.1,PA,9.8,26.5,30.3,6.4,93.0,0.8,2.4,1.6,2.2,5.8,76.7,10.1
16506,16506,2022,Erie Millcreek/West,Erie,83782.0,24201,44.4,PA,6.6,22.7,28.1,6.4,89.6,1.4,1.2,4.6,3.2,2.4,71.8,8.1
16507,16507,2022,Erie Downtown,Erie,34016.0,8996,30.3,PA,30.4,13.5,34.7,17.5,67.1,13.8,5.6,3.0,10.5,3.2,34.7,31.5
16508,16508,2022,Erie South Central,Erie,53197.0,14801,38.0,PA,11.6,18.9,23.6,7.2,84.4,5.4,2.8,1.0,6.4,6.0,66.2,18.3
16509,16509,2022,Erie Millcreek/South,Erie,69496.0,28151,41.9,PA,11.9,23.2,19.4,7.2,87.0,3.9,3.9,1.1,4.1,2.9,69.4,13.2
16510,16510,2022,Erie Harborcreek,Erie,59949.0,25271,39.8,PA,16.0,16.1,18.2,7.9,78.6,7.9,6.2,4.1,3.2,5.3,78.5,17.3
16511,16511,2022,Erie Lawrence Park,Erie,62420.0,11555,36.6,PA,17.7,19.7,25.8,10.3,80.0,8.2,7.6,1.7,2.5,2.0,66.1,19.8
16546,16546,2022,Erie,Erie,,1120,19.6,PA,,,,,90.2,5.5,2.1,1.5,0.7,11.1,,
16550,16550,2022,Erie,Erie,,0,,PA,,,,,,,,,,,,
16563,16563,2022,Erie Penn State Behrend,Erie,,1543,19.6,PA,,0.0,,,78.0,7.2,1.2,11.1,2.5,14.7,,
16616,16616,2022,Beccaria,Clearfield,33281.0,134,54.7,PA,26.9,2.0,100.0,7.8,100.0,0.0,0.0,0.0,0.0,15.0,84.3,47.1
16620,16620,2022,Brisbin,Clearfield,55833.0,387,50.9,PA,20.2,19.7,32.3,4.6,89.9,3.9,3.6,0.0,2.6,6.0,79.6,9.2
16627,16627,2022,Coalport,Clearfield,49071.0,2053,47.0,PA,15.3,9.4,22.2,4.4,91.5,1.0,0.7,0.0,6.8,12.3,88.0,17.0
16639,16639,2022,Fallentimber,Clearfield,70467.0,1430,49.1,PA,10.3,10.4,12.1,1.3,97.2,0.0,0.5,0.0,2.3,5.0,94.4,12.1
16640,16640,2022,Flinton,Clearfield,52361.0,889,46.8,PA,23.3,8.9,11.8,3.3,98.2,0.2,0.6,0.2,0.8,5.1,94.9,15.8
16645,16645,2022,Glen Hope,Clearfield,60833.0,190,51.6,PA,2.1,6.5,0.0,2.4,98.9,0.0,1.1,0.0,-0.0,0.0,97.6,9.8
16646,16646,2022,Hastings,Clearfield,57356.0,2174,49.3,PA,6.3,8.2,16.1,6.0,98.0,0.0,0.2,0.0,1.8,3.5,87.1,17.2
16651,16651,2022,Houtzdale,Clearfield,62391.0,5865,43.8,PA,10.1,6.2,6.4,7.5,73.1,15.3,6.2,0.4,5.0,5.5,80.2,18.1
16656,16656,2022,Irvona,Clearfield,45938.0,1191,44.7,PA,21.5,11.7,14.1,8.9,88.4,0.0,1.8,0.0,9.8,2.8,86.4,17.9
16661,16661,2022,Madera,Clearfield,50568.0,923,50.0,PA,13.1,8.0,36.4,4.8,93.0,1.1,0.0,2.4,3.5,13.9,94.1,29.9
16666,16666,2022,Osceola Mills,Clearfield,48158.0,2800,52.0,PA,19.3,9.2,9.1,0.9,97.6,0.1,1.7,0.0,0.6,7.9,94.7,22.3
16668,16668,2022,Patton,Clearfield,61750.0,3564,43.7,PA,10.7,13.0,12.7,8.4,97.0,0.1,1.3,0.0,1.6,4.1,80.7,18.4
16671,16671,2022,Ramey,Clearfield,66071.0,404,47.4,PA,3.2,15.6,19.2,3.6,98.0,0.0,0.2,0.0,1.8,3.0,84.3,19.9
16680,16680,2022,Smithmill,Clearfield,76250.0,356,43.5,PA,12.4,16.2,0.0,2.6,100.0,0.0,0.0,0.0,0.0,2.1,92.1,11.9
16686,16686,2022,Tyrone,Clearfield,64433.0,13054,40.5,PA,10.0,14.3,11.4,9.4,96.3,0.3,1.6,0.1,1.7,4.6,72.6,16.6
16692,16692,2022,Westover,Clearfield,67604.0,912,32.3,PA,12.6,13.2,0.0,10.1,93.4,0.3,4.8,0.1,1.4,9.7,82.8,22.8
16701,16701,2022,Bradford,McKean,56748.0,16800,42.4,PA,18.4,13.7,24.3,11.4,93.7,0.3,2.1,0.7,3.2,4.0,73.3,22.0
16720,16720,2022,Austin,Cameron,49009.0,1237,49.4,PA,10.2,8.1,19.5,9.9,97.5,0.0,0.6,0.0,1.9,8.9,84.7,12.7
16724,16724,2022,Crosby,McKean,69375.0,85,46.9,PA,3.5,9.0,0.0,0.0,96.5,0.0,0.0,0.0,3.5,11.4,93.5,22.6
16725,16725,2022,Custer City,McKean,,75,34.6,PA,0.0,0.0,,0.0,100.0,0.0,0.0,0.0,0.0,0.0,100.0,0.0
16726,16726,2022,Cyclone,McKean,60250.0,518,52.0,PA,5.2,7.3,0.0,2.9,97.3,0.0,0.0,0.0,2.7,0.0,87.4,13.8
16727,16727,2022,Derrick City,McKean,84228.0,219,7.7,PA,0.0,33.3,0.0,5.7,100.0,0.0,0.0,0.0,0.0,0.0,35.8,0.0
16729,16729,2022,Duke Center,McKean,60625.0,689,46.8,PA,19.2,12.0,14.0,2.6,99.7,0.0,0.3,0.0,-0.0,8.8,81.3,18.4
16730,16730,2022,East Smethport,McKean,,42,61.9,PA,0.0,0.0,,0.0,100.0,0.0,0.0,0.0,0.0,0.0,100.0,22.2
16731,16731,2022,Eldred,McKean,57594.0,2364,51.5,PA,10.0,9.3,6.7,3.1,98.7,0.0,0.0,0.2,1.1,9.8,80.7,13.1
16732,16732,2022,Gifford,McKean,61612.0,182,60.6,PA,3.3,9.0,30.0,0.0,100.0,0.0,0.0,0.0,0.0,0.0,91.0,2.7
16733,16733,2022,Hazel Hurst,McKean,47679.0,173,65.5,PA,8.1,7.8,61.5,17.0,45.1,0.0,0.0,0.0,54.9,0.0,72.3,27.7
16734,16734,2022,James City,Elk,59643.0,194,48.1,PA,2.6,1.9,7.4,2.1,97.4,0.0,0.0,0.0,2.6,4.7,71.3,14.9
16735,16735,2022,Kane,Elk,53445.0,6411,44.3,PA,7.4,12.7,6.2,4.8,94.4,0.9,1.2,0.6,2.9,5.1,76.9,13.5
16738,16738,2022,Lewis Run,McKean,67841.0,2111,39.2,PA,8.8,7.9,11.1,1.5,55.8,27.9,13.3,0.2,2.8,3.1,86.7,9.1
16740,16740,2022,Mount Jewett,Elk,49750.0,896,43.5,PA,10.8,8.9,1.9,6.4,95.3,0.0,0.0,0.0,4.7,3.7,85.7,21.2
16743,16743,2022,Port Allegany,McKean,56307.0,3894,38.8,PA,17.7,12.8,29.4,4.6,95.8,0.2,1.8,0.3,1.9,8.6,75.6,22.5
16744,16744,2022,Rew,McKean,88000.0,225,37.7,PA,21.3,8.7,0.0,12.8,96.9,0.0,0.0,0.0,3.1,13.6,79.1,0.0
16745,16745,2022,Rixford,McKean,52031.0,631,55.6,PA,0.5,10.5,0.0,3.2,99.4,0.0,0.0,0.6,-0.0,1.9,98.9,2.5
16746,16746,2022,Roulette,McKean,60313.0,1131,48.1,PA,15.8,9.0,24.1,1.7,92.2,0.3,1.0,0.5,6.0,6.9,87.9,23.8
16748,16748,2022,Shinglehouse,McKean,53565.0,2739,47.1,PA,11.4,8.6,2.1,6.6,98.6,0.1,0.5,0.0,0.8,6.7,77.4,14.4
16749,16749,2022,Smethport,Cameron,62917.0,4020,45.3,PA,14.3,12.1,13.1,5.0,96.1,0.8,1.7,0.1,1.3,4.3,81.8,11.6
16750,16750,2022,Turtlepoint,McKean,113500.0,542,52.4,PA,11.1,8.8,12.5,4.5,77.3,4.6,0.0,0.0,18.1,4.1,94.0,3.7
16821,16821,2022,Allport,Clearfield,97292.0,219,40.6,PA,0.0,21.1,,0.0,100.0,0.0,0.0,0.0,0.0,0.0,100.0,0.0
16825,16825,2022,Bigler,Clearfield,57426.0,241,27.1,PA,0.0,33.0,0.0,0.0,76.8,0.0,18.7,0.0,4.5,6.2,84.2,0.0
16830,16830,2022,Clearfield,Clearfield,52853.0,13644,41.2,PA,17.7,13.6,20.4,11.9,95.8,0.9,1.0,0.8,1.5,8.1,62.6,27.8
16833,16833,2022,Curwensville,Clearfield,56356.0,5208,42.5,PA,11.5,17.7,20.4,4.6,94.7,0.4,1.3,0.2,3.4,7.1,81.6,17.5
16834,16834,2022,Drifting,Clearfield,106990.0,677,37.7,PA,2.1,29.9,82.4,5.6,100.0,0.0,0.0,0.0,0.0,0.0,93.1,8.1
16836,16836,2022,Frenchville,Clearfield,55156.0,1097,53.3,PA,10.2,7.5,18.2,1.8,96.8,0.7,0.0,2.1,0.4,4.9,91.0,17.7
16837,16837,2022,Glen Richey,Clearfield,36042.0,136,58.7,PA,24.3,0.0,,0.0,100.0,0.0,0.0,0.0,0.0,0.0,100.0,46.8
16838,16838,2022,Grampian,Clearfield,55909.0,1831,48.5,PA,21.8,10.6,45.1,2.9,95.5,0.0,3.8,0.1,0.6,7.3,77.2,19.9
16839,16839,2022,Grassflat,Clearfield,61750.0,406,35.8,PA,9.9,16.5,0.0,0.0,100.0,0.0,0.0,0.0,0.0,6.6,97.3,19.7
16840,16840,2022,Hawk Run,Clearfield,52344.0,303,54.8,PA,0.0,0.0,0.0,10.4,100.0,0.0,0.0,0.0,0.0,15.0,82.6,44.4
16843,16843,2022,Hyde,Clearfield,48698.0,354,55.0,PA,28.2,1.9,0.0,4.6,100.0,0.0,0.0,0.0,0.0,3.1,78.9,36.0
16845,16845,2022,Karthaus,Clearfield,69135.0,1056,40.6,PA,10.3,3.8,16.7,1.9,87.8,4.8,4.8,0.0,2.6,6.1,94.2,9.0
16847,16847,2022,Kylertown,Clearfield,55000.0,368,39.0,PA,13.0,7.4,0.0,0.0,62.0,0.0,31.5,0.0,6.5,8.4,74.6,16.7
16849,16849,2022,Lanse,Clearfield,30938.0,70,63.6,PA,12.9,0.0,,0.0,100.0,0.0,0.0,0.0,0.0,0.0,100.0,9.1
16855,16855,2022,Mineral Springs,Clearfield,,87,42.1,PA,11.5,0.0,0.0,37.5,100.0,0.0,0.0,0.0,0.0,28.0,65.0,0.0
16858,16858,2022,Morrisdale,Clearfield,54734.0,3826,51.1,PA,11.8,8.2,23.5,5.3,96.4,0.0,1.0,0.0,2.6,4.6,84.6,9.8
16859,16859,2022,Moshannon,Clearfield,66250.0,494,50.1,PA,7.7,13.4,0.0,14.3,93.1,0.0,6.3,0.6,0.0,1.4,94.6,8.5
16860,16860,2022,Munson,Clearfield,70923.0,362,52.7,PA,3.3,0.0,,0.0,82.9,0.0,17.1,0.0,-0.0,0.0,100.0,20.4
16861,16861,2022,New Millport,Clearfield,22197.0,286,56.7,PA,15.4,10.5,0.0,9.7,92.7,0.0,0.0,7.3,-0.0,7.9,96.8,22.7
16863,16863,2022,Olanta,Clearfield,66429.0,594,50.3,PA,9.1,7.4,0.0,7.3,95.1,0.0,0.0,0.0,4.9,5.0,80.8,9.6
16866,16866,2022,Philipsburg,Clearfield,50864.0,9365,45.4,PA,15.4,11.6,17.5,14.2,85.1,6.6,6.1,0.8,1.4,4.8,68.5,21.2
16871,16871,2022,Pottersdale,Clearfield,70893.0,52,31.4,PA,0.0,42.9,0.0,0.0,96.2,0.0,3.8,0.0,-0.0,0.0,75.0,0.0
16876,16876,2022,Wallaceton,Clearfield,44821.0,242,47.4,PA,19.8,8.1,5.9,13.6,93.0,6.2,0.0,0.0,0.8,10.6,83.5,27.2
16878,16878,2022,West Decatur,Clearfield,66136.0,1798,45.9,PA,14.7,7.3,42.9,2.3,97.5,0.8,0.6,0.2,0.9,7.8,88.4,19.1
16879,16879,2022,Winburne,Clearfield,47841.0,408,51.3,PA,21.3,8.2,0.0,0.0,97.3,0.0,0.0,0.0,2.7,9.3,75.7,21.4
16881,16881,2022,Woodland,Clearfield,61429.0,2439,50.6,PA,13.4,11.6,0.0,1.8,95.7,0.0,0.0,0.0,4.3,5.6,89.5,24.0
17764,17764,2022,Renovo,Cameron,40990.0,2405,52.2,PA,20.1,5.9,14.3,13.4,91.6,0.7,2.7,0.2,4.8,10.9,68.6,25.8
17778,17778,2022,Westport,Clearfield,76875.0,130,31.7,PA,3.8,2.6,0.0,6.7,100.0,0.0,0.0,0.0,0.0,0.0,84.4,0.0
15711,15711,2023,Anita,Jefferson,44375.0,357,36.9,PA,19.9,12.0,23.3,6.7,100.0,0.0,0.0,0.0,0.0,5.3,79.9,16.1
15715,15715,2023,Big Run,Jefferson,54722.0,498,45.4,PA,20.8,6.3,13.5,2.2,97.8,0.0,0.8,0.0,1.4,2.7,67.0,18.8
15721,15721,2023,Burnside,Clearfield,43750.0,167,50.0,PA,36.5,0.0,91.7,30.1,99.4,0.0,0.0,0.0,0.6,30.0,83.6,27.4
15724,15724,2023,Cherry Tree,Clearfield,65625.0,2069,53.1,PA,9.6,4.3,4.4,5.7,98.0,0.0,0.7,0.0,1.3,4.0,86.1,10.1
15730,15730,2023,Coolspring,Jefferson,63482.0,140,49.1,PA,4.3,14.4,0.0,0.0,100.0,0.0,0.0,0.0,0.0,0.0,84.5,0.0
15733,15733,2023,De Lancey,Jefferson,,71,57.5,PA,12.7,0.0,,45.9,100.0,0.0,0.0,0.0,0.0,0.0,100.0,70.3
15742,15742,2023,Glen Campbell,Clearfield,51635.0,1007,39.5,PA,8.7,9.8,0.0,8.0,97.9,0.0,0.3,0.1,1.7,3.5,84.4,19.8
15744,15744,2023,Hamilton,Jefferson,109688.0,46,33.8,PA,0.0,29.7,,0.0,100.0,0.0,0.0,0.0,0.0,0.0,100.0,0.0
15753,15753,2023,La Jose,Clearfield,53625.0,425,52.9,PA,15.7,6.5,13.3,3.4,98.4,0.0,0.0,0.0,1.6,2.8,82.9,26.9
15757,15757,2023,Mahaffey,Clearfield,51328.0,1200,55.9,PA,13.7,6.6,5.6,1.2,98.1,0.0,0.6,0.2,1.1,1.4,84.2,18.7
15763,15763,2023,Northpoint,Jefferson,,22,70.3,PA,0.0,13.6,0.0,0.0,100.0,0.0,0.0,0.0,0.0,0.0,56.2,0.0
15764,15764,2023,Oliveburg,Jefferson,58750.0,154,47.2,PA,3.9,7.9,0.0,0.0,92.9,0.0,0.0,0.0,7.1,0.0,91.9,4.8
15767,15767,2023,Punxsutawney,Clearfield,49907.0,14136,43.0,PA,19.1,12.8,25.3,11.3,97.2,0.2,0.4,0.0,2.2,4.4,70.4,17.8
15770,15770,2023,Ringgold,Jefferson,44688.0,192,49.3,PA,17.7,5.4,12.5,1.2,94.8,0.0,5.2,0.0,0.0,0.0,90.4,8.4
15772,15772,2023,Rossiter,Jefferson,54500.0,1544,43.5,PA,13.2,7.0,9.5,10.8,97.7,0.8,0.0,0.0,1.5,5.3,74.9,16.1
15776,15776,2023,Sprankle Mills,Jefferson,26250.0,29,36.7,PA,10.3,16.7,100.0,0.0,100.0,0.0,0.0,0.0,0.0,0.0,85.0,15.0
15778,15778,2023,Timblin,Jefferson,85417.0,364,43.7,PA,8.2,4.9,0.0,7.7,90.1,0.0,8.2,0.0,1.7,1.7,98.5,10.8
15780,15780,2023,Valier,Jefferson,77500.0,65,43.1,PA,0.0,6.4,0.0,0.0,100.0,0.0,0.0,0.0,0.0,0.0,90.0,0.0
15781,15781,2023,Walston,Jefferson,43750.0,76,62.0,PA,0.0,8.5,0.0,0.0,100.0,0.0,0.0,0.0,0.0,0.0,94.3,5.7
15784,15784,2023,Worthville,Jefferson,58125.0,49,63.2,PA,2.0,6.1,33.3,0.0,93.9,0.0,6.1,0.0,-0.0,0.0,89.3,0.0
15801,15801,2023,Du Bois,Clearfield,66380.0,20251,44.8,PA,9.9,20.8,23.0,8.4,95.5,0.3,3.1,0.7,0.4,4.1,73.8,17.8
15821,15821,2023,Benezett,Elk,48750.0,64,58.1,PA,0.0,10.9,0.0,0.0,96.9,0.0,0.0,0.0,3.1,14.7,84.1,0.0
15823,15823,2023,Brockport,Clearfield,62695.0,1289,52.4,PA,10.6,10.8,20.2,4.9,98.2,0.1,0.0,0.5,1.2,4.0,84.9,10.0
15824,15824,2023,Brockway,Clearfield,62500.0,4954,42.3,PA,10.7,10.1,5.3,5.4,97.3,0.5,0.5,0.0,1.7,5.3,79.1,10.4
15825,15825,2023,Brookville,Jefferson,61522.0,9407,44.2,PA,12.7,12.1,19.3,7.2,94.0,0.5,2.1,0.9,2.5,4.9,71.3,13.7
15827,15827,2023,Byrnedale,Elk,72000.0,345,49.0,PA,1.7,14.8,,0.0,98.8,0.0,0.0,0.0,1.2,8.5,100.0,2.3
15828,15828,2023,Clarington,Jefferson,35938.0,287,62.0,PA,12.2,8.5,0.0,15.3,95.5,0.0,2.1,0.0,2.4,1.0,79.3,15.3
15829,15829,2023,Corsica,Jefferson,66719.0,1313,44.6,PA,10.5,15.7,19.2,3.8,95.6,0.3,0.2,0.0,3.9,3.5,81.2,19.7
15831,15831,2023,Dagus Mines,Elk,,56,50.7,PA,0.0,0.0,0.0,0.0,91.1,0.0,0.0,0.0,8.9,0.0,25.0,0.0
15832,15832,2023,Driftwood,Clearfield,40139.0,282,63.1,PA,8.9,5.9,0.0,2.0,92.9,0.0,1.1,1.4,4.6,11.5,75.2,20.3
15834,15834,2023,Emporium,Elk,47880.0,4086,51.0,PA,16.5,8.5,25.1,13.6,92.8,0.0,2.0,0.5,4.7,9.6,67.7,27.7
15840,15840,2023,Falls Creek,Clearfield,55125.0,1807,45.2,PA,13.3,15.0,15.2,1.8,94.2,1.8,0.0,0.5,3.5,4.4,76.2,14.5
15841,15841,2023,Force,Elk,27386.0,188,55.6,PA,1.6,0.0,0.0,20.9,97.9,0.0,2.1,0.0,-0.0,0.0,83.5,14.3
15845,15845,2023,Johnsonburg,Elk,65000.0,3109,46.3,PA,9.4,11.7,7.2,5.5,93.8,0.0,1.4,0.0,4.8,7.8,78.1,15.6
15846,15846,2023,Kersey,Clearfield,77917.0,3361,47.1,PA,6.2,11.7,0.0,1.7,97.1,0.7,0.0,1.2,1.0,2.8,81.7,9.0
15847,15847,2023,Knox Dale,Jefferson,84583.0,80,22.9,PA,0.0,0.0,40.0,0.0,100.0,0.0,0.0,0.0,0.0,0.0,76.2,23.8
15848,15848,2023,Luthersburg,Clearfield,62917.0,1081,40.5,PA,4.6,9.7,5.2,16.3,98.3,0.0,0.0,1.4,0.3,4.5,85.6,18.1
15849,15849,2023,Penfield,Clearfield,59412.0,1285,49.6,PA,14.6,6.0,25.0,4.9,95.3,0.1,0.0,1.2,3.4,3.2,78.9,25.0
15851,15851,2023,Reynoldsville,Clearfield,60842.0,7227,40.5,PA,17.9,9.6,18.0,9.4,96.3,0.2,0.7,0.2,2.6,5.3,77.4,17.4
15853,15853,2023,Ridgway,Jefferson,60380.0,6330,45.5,PA,11.7,16.1,29.6,7.6,95.0,0.2,0.7,0.5,3.6,4.5,76.7,19.5
15856,15856,2023,Rockton,Clearfield,61667.0,883,51.0,PA,8.7,16.3,10.5,4.0,96.4,0.0,1.7,0.2,1.7,1.2,90.5,11.1
15857,15857,2023,Saint Marys,Elk,64894.0,12825,49.8,PA,8.3,13.9,13.3,9.1,93.2,1.7,1.6,0.3,3.2,8.4,76.0,16.5
15860,15860,2023,Sigel,Jefferson,67000.0,1193,50.8,PA,11.8,11.4,0.0,7.3,97.7,0.0,0.3,0.2,1.8,6.4,83.3,14.4
15861,15861,2023,Sinnamahoning,Clearfield,76563.0,107,66.1,PA,8.4,14.3,0.0,9.1,96.3,0.0,0.0,0.0,3.7,0.0,94.5,12.7
15863,15863,2023,Stump Creek,Jefferson,65417.0,135,43.3,PA,18.9,4.0,,5.1,89.6,0.0,3.7,0.0,6.7,6.7,100.0,44.1
15864,15864,2023,Summerville,Jefferson,61417.0,1852,45.1,PA,14.7,13.2,5.1,3.5,96.9,0.0,2.3,0.0,0.8,4.0,77.9,11.3
15865,15865,2023,Sykesville,Clearfield,37885.0,1023,51.1,PA,17.7,14.6,11.1,12.5,96.1,3.3,0.6,0.0,0.0,5.0,64.9,24.7
15866,15866,2023,Troutville,Clearfield,78750.0,160,33.3,PA,4.4,9.9,0.0,13.8,88.1,0.0,0.0,0.0,11.9,0.0,91.4,8.6
15868,15868,2023,Weedville,Clearfield,61042.0,1596,46.0,PA,11.0,14.3,8.9,1.8,97.7,0.0,0.0,0.0,2.3,4.6,88.3,19.8
15870,15870,2023,Wilcox,Elk,58750.0,1239,50.4,PA,12.6,10.5,0.0,5.6,97.7,0.0,0.3,0.2,1.8,3.4,92.7,10.3
16020,16020,2023,Boyers,Venango,85625.0,1179,43.8,PA,6.0,10.3,13.8,3.0,98.0,0.0,0.5,0.2,1.3,5.8,93.3,12.2
16028,16028,2023,East Brady,Clarion,61250.0,2053,43.5,PA,8.9,14.0,15.9,5.3,91.5,0.3,0.7,0.6,6.9,2.7,71.4,24.8
16036,16036,2023,Foxburg,Clarion,59911.0,297,43.8,PA,4.4,24.5,2.5,1.6,98.0,0.0,0.0,0.0,2.0,11.7,67.5,20.3
16038,16038,2023,Harrisville,Venango,74868.0,3213,47.5,PA,6.8,11.0,8.2,5.2,96.7,0.2,0.4,0.2,2.5,5.0,77.9,7.3
16041,16041,2023,Karns City,Clarion,68750.0,1865,47.5,PA,10.3,11.4,28.4,2.3,96.7,0.1,0.0,0.0,3.2,2.4,86.2,13.8
16049,16049,2023,Parker,Clarion,63295.0,2897,47.6,PA,14.3,6.8,11.6,4.6,96.3,0.8,0.4,0.0,2.5,6.6,81.8,20.3
16054,16054,2023,Saint Petersburg,Clarion,70250.0,358,53.6,PA,5.9,8.5,0.0,0.7,96.9,0.0,0.6,0.0,2.5,9.7,87.6,5.2
16110,16110,2023,Adamsville,Crawford,82938.0,380,45.4,PA,3.4,8.5,0.0,14.5,100.0,0.0,0.0,0.0,0.0,0.0,91.0,6.9
16111,16111,2023,Atlantic,Crawford,55833.0,1168,34.3,PA,16.9,4.0,0.0,30.1,95.6,0.9,0.0,0.3,3.2,2.9,85.1,6.3
16125,16125,2023,Greenville,Crawford,56851.0,17088,47.9,PA,11.2,14.3,15.9,8.8,94.0,0.6,0.8,0.7,3.9,6.4,71.5,20.2
16127,16127,2023,Grove City,Venango,69842.0,15295,36.9,PA,9.3,21.6,17.2,6.3,92.0,1.5,1.4,1.2,3.9,3.4,74.3,15.6
16130,16130,2023,Hadley,Crawford,57171.0,1876,49.0,PA,13.7,12.5,5.4,4.1,97.3,0.0,0.5,0.0,2.2,2.7,83.3,6.9
16131,16131,2023,Hartstown,Crawford,62989.0,784,48.4,PA,15.3,11.1,33.9,5.8,94.9,0.0,3.8,0.0,1.3,6.3,84.7,15.6
16134,16134,2023,Jamestown,Crawford,57798.0,4080,49.4,PA,13.1,8.2,10.9,6.5,97.4,0.1,0.7,0.2,1.6,4.9,84.3,19.1
16145,16145,2023,Sandy Lake,Venango,64500.0,2674,44.9,PA,9.1,19.5,6.0,1.8,92.8,0.3,1.3,0.0,5.6,5.4,81.6,11.3
16153,16153,2023,Stoneboro,Venango,64625.0,2303,40.3,PA,12.2,17.7,15.8,5.5,95.0,0.3,1.7,0.3,2.7,1.2,77.7,18.4
16213,16213,2023,Callensburg,Clarion,65000.0,119,43.9,PA,1.7,11.7,0.0,7.1,99.2,0.0,0.0,0.0,0.8,0.0,73.2,8.9
16214,16214,2023,Clarion,Clarion,53430.0,8655,28.8,PA,24.3,23.1,36.9,5.2,88.8,6.1,3.3,0.8,1.0,8.9,48.3,20.5
16217,16217,2023,Cooksburg,Jefferson,54219.0,87,65.1,PA,4.6,4.6,0.0,0.0,100.0,0.0,0.0,0.0,0.0,0.0,94.9,5.1
16218,16218,2023,Cowansville,Clarion,72232.0,1138,42.5,PA,12.1,19.3,20.8,3.6,91.8,4.0,1.3,0.0,2.9,6.9,87.2,15.7
16220,16220,2023,Crown,Clarion,,72,50.0,PA,0.0,0.0,,0.0,100.0,0.0,0.0,0.0,0.0,0.0,100.0,0.0
16222,16222,2023,Dayton,Jefferson,61313.0,3139,34.0,PA,11.5,10.5,15.0,13.1,98.8,0.0,0.5,0.0,0.7,8.9,89.8,14.7
16224,16224,2023,Fairmount City,Clarion,77853.0,827,50.6,PA,9.2,10.9,9.8,6.9,98.3,0.0,0.2,0.0,1.5,2.9,83.2,7.2
16230,16230,2023,Hawthorn,Clarion,46696.0,485,40.8,PA,7.8,12.5,30.2,6.2,99.0,0.6,0.2,0.0,0.2,9.0,77.9,20.0
16232,16232,2023,Knox,Clarion,58583.0,4091,43.3,PA,11.6,14.6,7.1,8.0,96.6,0.0,0.1,0.5,2.8,4.8,76.8,20.0
16233,16233,2023,Leeper,Jefferson,89787.0,1148,49.3,PA,1.9,12.9,12.1,2.1,98.9,0.0,0.6,0.0,0.5,0.7,93.1,4.6
16235,16235,2023,Lucinda,Clarion,80972.0,1407,43.1,PA,4.3,21.9,3.6,1.6,89.8,0.0,1.1,0.0,9.1,1.5,90.8,2.6
16239,16239,2023,Marienville,Elk,50218.0,3988,40.9,PA,11.2,8.8,4.4,4.5,65.8,22.8,7.5,0.7,3.2,2.1,63.6,16.2
16240,16240,2023,Mayport,Jefferson,59722.0,1436,45.3,PA,12.0,7.6,18.9,3.4,99.3,0.1,0.0,0.2,0.4,0.9,81.8,16.8
16242,16242,2023,New Bethlehem,Clarion,54727.0,4328,44.0,PA,16.9,11.4,13.7,7.0,97.9,0.3,0.4,0.3,1.1,2.7,72.6,14.4
16245,16245,2023,Oak Ridge,Clarion,48750.0,262,53.5,PA,7.3,9.6,29.4,11.3,95.8,0.0,0.0,3.4,0.8,10.4,86.3,16.9
16248,16248,2023,Rimersburg,Clarion,62425.0,3177,48.3,PA,13.6,9.7,17.1,6.0,94.6,0.9,0.8,1.4,2.3,4.1,72.8,18.4
16254,16254,2023,Shippenville,Clarion,57250.0,3468,44.5,PA,8.6,14.2,6.4,4.8,95.8,1.2,0.4,0.3,2.3,6.5,81.2,13.2
16255,16255,2023,Sligo,Clarion,65357.0,1956,42.8,PA,13.5,9.3,27.2,12.7,94.6,0.0,0.9,0.0,4.5,4.7,74.9,16.6
16256,16256,2023,Smicksburg,Jefferson,57847.0,1925,19.5,PA,20.1,9.8,0.0,47.0,98.7,0.0,0.8,0.1,0.4,4.7,90.5,9.5
16258,16258,2023,Strattanville,Jefferson,51125.0,1870,41.6,PA,10.5,8.5,13.3,13.3,95.4,0.1,0.2,0.0,4.3,1.4,69.4,18.5
16259,16259,2023,Templeton,Clarion,60326.0,2111,46.3,PA,9.7,4.9,8.8,4.4,96.8,0.0,2.0,0.0,1.2,5.0,82.6,18.9
16260,16260,2023,Vowinckel,Clarion,50104.0,284,55.3,PA,3.5,20.7,0.0,3.8,100.0,0.0,0.0,0.0,0.0,3.1,97.7,3.8
16301,16301,2023,Oil City,Venango,57368.0,15067,44.9,PA,16.4,11.6,22.3,11.2,92.9,0.9,1.5,0.6,4.1,6.3,70.6,27.4
16311,16311,2023,Carlton,Venango,73750.0,397,53.8,PA,6.0,6.5,0.0,6.8,97.0,0.0,2.0,0.0,1.0,0.0,92.7,7.8
16312,16312,2023,Chandlers Valley,Warren,,0,,PA,,,,,,,,,,,,
16313,16313,2023,Clarendon,McKean,54052.0,1705,53.5,PA,17.1,7.2,3.7,2.9,93.8,0.4,3.9,0.3,1.6,4.2,82.1,17.1
16314,16314,2023,Cochranton,Venango,70021.0,5439,46.4,PA,8.1,12.6,6.3,3.9,94.5,0.1,0.6,0.3,4.5,5.4,87.1,13.2
16316,16316,2023,Conneaut Lake,Crawford,64906.0,4688,50.2,PA,10.0,13.9,10.0,4.6,95.3,0.0,2.5,0.0,2.2,5.3,78.2,12.6
16317,16317,2023,Cooperstown,Venango,55956.0,1335,49.6,PA,10.6,9.4,43.0,6.2,97.3,0.0,0.7,0.0,2.0,15.8,78.4,16.6
16319,16319,2023,Cranberry,Clarion,62679.0,1050,62.3,PA,5.5,10.0,0.0,1.9,94.4,0.8,4.8,0.0,-0.0,0.0,95.6,11.8
16321,16321,2023,East Hickory,Forest,,10,62.3,PA,0.0,0.0,0.0,0.0,100.0,0.0,0.0,0.0,0.0,0.0,88.9,0.0
16322,16322,2023,Endeavor,Forest,23500.0,117,50.7,PA,43.6,0.0,0.0,6.0,97.4,0.0,0.0,0.0,2.6,6.0,92.0,8.0
16323,16323,2023,Franklin,Venango,62233.0,14694,47.1,PA,11.0,13.9,13.8,7.1,92.2,2.4,0.8,0.2,4.4,6.9,71.1,17.0
16326,16326,2023,Fryburg,Clarion,83365.0,316,54.0,PA,5.4,19.0,0.0,2.2,100.0,0.0,0.0,0.0,0.0,0.0,77.4,0.0
16327,16327,2023,Guys Mills,Venango,70893.0,2544,40.5,PA,9.1,15.2,8.9,4.5,94.1,1.1,1.3,0.0,3.5,1.4,87.5,10.5
16328,16328,2023,Hydetown,Crawford,45208.0,233,46.8,PA,9.3,4.0,0.0,23.1,98.3,0.0,0.0,0.0,1.7,21.3,82.4,23.1
16329,16329,2023,Irvine,Warren,68333.0,456,45.2,PA,1.1,6.2,0.0,10.2,97.8,0.0,0.0,0.0,2.2,6.2,80.1,11.4
16331,16331,2023,Kossuth,Clarion,,147,57.2,PA,10.9,26.2,0.0,5.4,100.0,0.0,0.0,0.0,0.0,0.0,75.0,17.9
16332,16332,2023,Lickingville,Clarion,40375.0,88,34.0,PA,4.5,3.2,28.6,10.8,100.0,0.0,0.0,0.0,0.0,0.0,62.2,18.9
16333,16333,2023,Ludlow,McKean,44500.0,191,56.8,PA,4.2,4.4,0.0,0.0,98.4,0.0,0.0,0.0,1.6,8.2,97.9,15.6
16334,16334,2023,Marble,Clarion,71364.0,448,48.7,PA,12.3,12.9,5.9,5.7,100.0,0.0,0.0,0.0,0.0,2.0,75.7,7.1
16335,16335,2023,Meadville,Crawford,58531.0,27112,43.5,PA,11.8,15.9,18.4,10.2,91.4,3.1,1.2,1.0,3.3,3.8,60.2,20.7
16340,16340,2023,Pittsfield,Warren,57813.0,1849,45.7,PA,12.8,13.8,0.0,4.0,94.0,0.0,2.2,0.5,3.3,5.7,89.6,15.9
16341,16341,2023,Pleasantville,Venango,60260.0,1790,52.1,PA,11.8,14.5,18.8,2.1,95.3,0.0,2.2,0.6,1.9,6.0,91.9,14.7
16342,16342,2023,Polk,Venango,62227.0,2185,54.8,PA,16.1,14.4,25.5,5.9,94.1,1.0,1.2,0.2,3.5,4.3,89.2,14.8
16343,16343,2023,Reno,Venango,85139.0,616,36.8,PA,20.5,35.7,0.0,0.0,100.0,0.0,0.0,0.0,0.0,14.9,86.8,27.5
16344,16344,2023,Rouseville,Venango,56250.0,470,29.8,PA,21.5,10.2,14.9,1.2,97.7,0.0,0.0,0.0,2.3,9.3,59.1,38.4
16345,16345,2023,Russell,Warren,94722.0,3602,50.1,PA,6.3,17.1,10.8,2.9,95.1,0.2,1.5,2.2,1.0,7.2,92.5,6.2
16346,16346,2023,Seneca,Venango,68804.0,3246,48.5,PA,12.1,14.5,14.8,3.5,95.0,0.2,1.1,0.7,3.0,6.9,72.8,17.7
16347,16347,2023,Sheffield,Elk,51806.0,1538,42.9,PA,11.6,12.3,3.6,3.9,97.1,0.8,0.0,0.0,2.1,3.0,81.1,19.2
16350,16350,2023,Sugar Grove,Warren,67813.0,2486,41.0,PA,23.9,8.0,14.3,8.6,96.7,0.0,1.0,0.0,2.3,2.3,86.2,6.6
16351,16351,2023,Tidioute,Forest,50625.0,1552,53.2,PA,11.2,6.4,5.3,11.5,92.3,0.3,2.5,0.0,4.9,4.3,75.9,31.2
16352,16352,2023,Tiona,Warren,45417.0,220,52.0,PA,6.8,6.7,0.0,0.0,98.6,0.0,0.0,0.0,1.4,0.0,71.7,22.1
16353,16353,2023,Tionesta,Clarion,54674.0,2459,54.4,PA,15.0,9.1,3.6,11.1,98.1,0.0,0.5,0.2,1.2,3.8,84.0,17.1
16354,16354,2023,Titusville,Venango,45642.0,10120,46.6,PA,18.0,9.6,18.2,14.1,95.2,0.9,0.8,0.7,2.4,7.1,70.8,26.4
16360,16360,2023,Townville,Crawford,70833.0,1328,41.3,PA,18.4,17.1,14.3,3.3,93.1,3.6,2.3,0.0,1.0,2.6,82.5,16.3
16361,16361,2023,Tylersburg,Clarion,88750.0,38,40.0,PA,0.0,24.0,100.0,0.0,100.0,0.0,0.0,0.0,0.0,0.0,73.7,26.3
16362,16362,2023,Utica,Venango,63750.0,1018,52.1,PA,11.0,12.6,1.6,5.6,96.9,0.3,1.1,0.0,1.7,4.1,84.9,12.5
16364,16364,2023,Venus,Clarion,76953.0,1278,52.7,PA,9.7,9.8,0.0,4.6,98.0,0.0,0.0,0.1,1.9,1.2,87.7,9.5
16365,16365,2023,Warren,McKean,57694.0,17303,47.0,PA,11.2,15.2,15.1,6.1,95.3,1.4,0.6,0.4,2.3,3.0,70.9,12.7
16370,16370,2023,West Hickory,Forest,35179.0,327,48.0,PA,22.4,5.1,,7.4,93.9,6.1,0.0,0.0,-0.0,0.0,100.0,22.1
16371,16371,2023,Youngsville,Warren,55075.0,3165,45.6,PA,11.2,11.5,16.2,12.8,91.9,0.3,1.1,0.1,6.6,8.4,72.0,13.9
16372,16372,2023,Clintonville,Venango,43750.0,510,43.6,PA,9.2,5.7,5.3,8.8,94.9,0.0,0.0,0.0,5.1,12.4,60.4,18.8
16373,16373,2023,Emlenton,Clarion,65529.0,3217,44.8,PA,14.2,12.5,19.0,9.5,94.2,1.2,2.2,0.5,1.9,2.2,81.1,15.6
16374,16374,2023,Kennerdell,Venango,54688.0,1643,58.2,PA,8.2,12.5,5.1,7.3,98.2,0.0,0.2,0.0,1.6,1.2,85.6,12.7
16401,16401,2023,Albion,Crawford,67976.0,3842,48.0,PA,11.9,10.6,21.8,9.4,95.2,0.7,0.9,0.2,3.0,6.8,80.8,16.6
16402,16402,2023,Bear Lake,Warren,54783.0,570,54.2,PA,6.5,8.9,22.7,8.1,90.5,0.0,4.9,0.0,4.6,7.8,90.6,16.7
16403,16403,2023,Cambridge Springs,Crawford,69539.0,6979,40.6,PA,9.5,14.0,7.6,6.1,92.9,2.2,3.0,0.1,1.8,4.3,83.4,19.0
16404,16404,2023,Centerville,Crawford,62130.0,3396,41.0,PA,18.9,10.4,19.2,8.5,89.8,0.8,1.9,0.6,6.9,8.2,83.7,17.6
16405,16405,2023,Columbus,Warren,55938.0,557,49.7,PA,10.2,5.6,0.0,1.7,94.8,0.0,0.0,0.0,5.2,3.0,95.3,9.5
16406,16406,2023,Conneautville,Crawford,65559.0,3412,43.3,PA,14.0,9.7,28.3,8.4,95.3,0.6,2.2,0.2,1.7,5.4,80.7,17.8
16407,16407,2023,Corry,Crawford,48962.0,10555,42.8,PA,21.2,16.9,25.4,10.8,90.8,0.3,3.9,0.3,4.7,9.0,74.9,21.1
16410,16410,2023,Cranesville,Erie,91250.0,1987,43.5,PA,8.2,19.9,10.9,0.9,91.9,1.2,2.3,0.3,4.3,2.8,92.0,10.5
16411,16411,2023,East Springfield,Erie,67000.0,1287,43.6,PA,9.2,8.9,0.0,2.0,97.4,0.0,0.4,0.0,2.2,9.3,79.4,16.4
16412,16412,2023,Edinboro,Crawford,67659.0,9726,39.1,PA,15.2,31.8,37.6,4.1,94.3,0.7,3.3,0.0,1.7,5.5,66.9,12.6
16415,16415,2023,Fairview,Erie,105604.0,10251,43.2,PA,4.6,24.1,28.2,3.2,92.4,0.1,1.4,2.8,3.3,5.1,92.0,7.8
16416,16416,2023,Garland,Warren,72731.0,142,58.5,PA,19.0,0.0,,0.0,85.2,0.0,0.0,0.0,14.8,0.0,100.0,23.1
16417,16417,2023,Girard,Erie,80410.0,8400,46.9,PA,6.5,23.1,22.6,4.2,96.2,0.0,1.7,0.5,1.6,5.0,76.9,10.3
16420,16420,2023,Grand Valley,Venango,47321.0,434,57.7,PA,4.4,4.3,0.0,2.5,96.3,0.0,0.5,0.0,3.2,0.6,94.4,10.2
16421,16421,2023,Lake City,Erie,68088.0,2251,48.8,PA,16.2,16.7,0.0,1.1,95.0,0.0,0.6,0.0,4.4,1.7,59.6,10.1
16422,16422,2023,Harmonsburg,Crawford,,79,56.7,PA,49.4,32.3,,0.0,62.0,0.0,0.0,20.3,17.7,0.0,100.0,14.3
16423,16423,2023,Lowville/Wattsburg,Erie,73523.0,3880,45.2,PA,9.5,11.2,16.4,6.7,89.5,0.7,4.8,0.4,4.6,3.4,91.4,14.9
16424,16424,2023,Linesville,Crawford,56285.0,4328,52.0,PA,10.2,11.8,21.1,4.7,94.8,0.0,2.0,0.0,3.2,3.9,82.3,15.0
16426,16426,2023,McKean,Erie,79554.0,3324,50.2,PA,9.1,16.1,2.5,4.0,97.1,0.2,0.2,0.0,2.5,7.5,85.5,10.7
16427,16427,2023,Mill Village,Erie,58636.0,228,40.7,PA,10.1,5.0,5.9,2.3,97.4,0.0,0.4,0.0,2.2,4.2,80.7,27.3
16428,16428,2023,North East,Erie,77103.0,12508,42.0,PA,10.8,15.4,9.4,7.6,90.9,0.8,3.5,0.7,4.1,5.0,76.6,19.6
16430,16430,2023,Platea,Erie,125833.0,118,58.6,PA,14.4,26.3,0.0,0.0,94.9,0.0,0.0,0.0,5.1,0.0,76.0,0.0
16433,16433,2023,Saegertown,Crawford,73289.0,4935,44.8,PA,8.5,15.3,4.8,7.0,95.3,1.0,1.6,0.6,1.5,2.9,84.5,12.6
16434,16434,2023,Spartansburg,Crawford,57868.0,3008,27.9,PA,20.2,6.0,19.4,30.4,97.2,1.1,0.7,0.1,0.9,6.8,85.9,12.2
16435,16435,2023,Springboro,Crawford,56400.0,1678,50.0,PA,16.1,9.3,17.1,8.1,94.9,0.2,2.1,0.2,2.6,5.2,75.9,20.2
16436,16436,2023,Spring Creek,Warren,44205.0,824,54.5,PA,18.1,12.4,0.0,5.5,96.8,0.2,1.8,0.0,1.2,7.4,79.6,20.4
16438,16438,2023,Union City,Crawford,60559.0,7489,47.1,PA,13.7,10.9,12.3,8.1,92.5,0.0,3.7,0.5,3.3,8.8,73.9,24.4
16440,16440,2023,Venango,Crawford,71250.0,741,48.6,PA,8.0,18.9,9.8,2.9,88.4,1.5,0.4,0.0,9.7,6.1,83.7,8.3
16441,16441,2023,Waterford,Crawford,78367.0,9485,48.0,PA,7.2,13.8,26.8,2.8,96.0,0.3,2.7,0.1,0.9,5.9,86.2,8.3
16442,16442,2023,Wattsburg,Erie,69185.0,3091,39.8,PA,7.9,15.7,14.5,2.1,97.9,0.1,0.2,0.3,1.5,5.1,89.5,14.8
16443,16443,2023,West Springfield,Erie,75806.0,1170,38.8,PA,25.8,10.1,29.3,4.5,89.9,0.8,3.0,0.0,6.3,1.4,86.9,13.1
16444,16444,2023,Edinboro,Erie,,1104,19.8,PA,,0.0,,,81.3,7.8,4.3,6.2,0.4,3.8,,
16475,16475,2023,Albion,Erie,,2180,41.4,PA,,2.8,,,51.7,43.7,4.4,0.0,0.2,,,
16501,16501,2023,Erie Downtown,Erie,14579.0,1919,55.4,PA,61.0,18.0,19.5,66.4,75.3,13.9,4.4,4.7,1.7,15.6,3.2,71.8
16502,16502,2023,Erie West,Erie,34649.0,15815,32.7,PA,33.0,12.5,25.4,26.1,65.6,10.7,13.3,1.9,8.5,8.3,34.1,35.1
16503,16503,2023,Erie East,Erie,29108.0,15204,32.2,PA,39.7,8.8,35.0,30.0,44.8,37.5,9.9,1.8,6.0,12.4,37.4,54.6
16504,16504,2023,Erie South East,Erie,51988.0,15632,37.3,PA,14.8,16.9,25.4,7.9,72.6,9.8,6.4,2.6,8.6,7.8,71.0,20.3
16505,16505,2023,Erie Frontier/West,Erie,71370.0,15631,49.0,PA,9.2,26.1,34.7,6.0,92.5,1.0,3.0,1.5,2.0,5.5,75.0,11.2
16506,16506,2023,Erie Millcreek/West,Erie,84021.0,24190,44.0,PA,7.8,22.2,27.7,6.6,88.1,2.0,1.8,4.5,3.6,2.6,69.7,8.8
16507,16507,2023,Erie Downtown,Erie,34474.0,8653,29.4,PA,27.0,13.5,32.4,21.3,58.2,23.5,7.8,3.3,7.2,4.8,33.1,35.7
16508,16508,2023,Erie South Central,Erie,52361.0,15156,37.6,PA,14.3,17.9,26.8,8.1,80.1,5.2,4.1,1.0,9.6,5.8,65.7,21.3
16509,16509,2023,Erie Millcreek/South,Erie,68880.0,28133,42.7,PA,11.4,22.7,18.5,7.6,87.3,3.8,3.5,1.4,4.0,2.7,71.1,12.7
16510,16510,2023,Erie Harborcreek,Erie,64938.0,25152,40.8,PA,16.0,17.1,12.6,6.6,80.2,5.6,6.0,4.4,3.8,5.3,79.4,17.7
16511,16511,2023,Erie Lawrence Park,Erie,71644.0,11709,38.0,PA,12.8,21.3,25.1,8.8,80.0,10.1,5.8,1.3,2.8,2.2,73.7,16.8
16546,16546,2023,Erie,Erie,,1138,19.7,PA,,,,,85.9,5.2,2.6,5.7,0.6,6.1,,
16550,16550,2023,Erie,Erie,,0,,PA,,,,,,,,,,,,
16563,16563,2023,Erie Penn State Behrend,Erie,,1561,19.9,PA,,0.0,,,78.5,6.7,3.7,9.0,2.1,7.6,,
16616,16616,2023,Beccaria,Clearfield,,90,53.5,PA,41.1,0.0,100.0,13.5,100.0,0.0,0.0,0.0,0.0,19.2,75.7,37.8
16620,16620,2023,Brisbin,Clearfield,57083.0,350,52.4,PA,21.1,17.5,12.0,2.0,93.7,2.3,0.0,0.0,4.0,13.3,83.0,7.5
16627,16627,2023,Coalport,Clearfield,51047.0,2026,47.0,PA,14.5,8.2,20.2,5.8,92.8,1.0,0.5,0.0,5.7,8.6,85.4,16.2
16639,16639,2023,Fallentimber,Clearfield,72911.0,1391,48.2,PA,11.0,11.7,11.1,1.7,96.9,0.0,0.9,0.0,2.2,3.5,93.8,11.6
16640,16640,2023,Flinton,Clearfield,52500.0,942,51.2,PA,22.0,12.3,15.0,0.0,96.2,0.2,0.0,0.3,3.3,7.4,94.7,22.5
16645,16645,2023,Glen Hope,Clearfield,67813.0,212,51.5,PA,6.6,7.8,0.0,2.2,98.6,0.0,1.4,0.0,0.0,0.0,96.8,10.8
16646,16646,2023,Hastings,Clearfield,61929.0,2124,50.1,PA,5.9,7.8,22.1,6.0,97.5,0.0,0.1,0.0,2.4,3.6,89.0,14.4
16651,16651,2023,Houtzdale,Clearfield,64965.0,5777,42.6,PA,12.4,6.0,5.8,8.0,72.0,16.0,7.3,0.5,4.2,5.2,80.4,18.4
16656,16656,2023,Irvona,Clearfield,46081.0,1206,46.0,PA,23.3,11.6,28.3,10.9,90.0,0.0,2.4,0.2,7.4,4.4,88.1,18.5
16661,16661,2023,Madera,Clearfield,57059.0,922,49.5,PA,11.5,8.8,11.5,5.3,92.5,0.5,0.0,3.1,3.9,10.9,93.0,26.5
16666,16666,2023,Osceola Mills,Clearfield,55938.0,2774,50.0,PA,20.2,11.6,22.4,2.4,96.8,0.4,1.5,0.0,1.3,8.7,93.4,21.7
16668,16668,2023,Patton,Clearfield,60947.0,3620,45.1,PA,11.7,13.1,8.8,7.5,95.7,0.1,1.5,0.0,2.7,4.1,78.4,19.5
16671,16671,2023,Ramey,Clearfield,58750.0,417,48.5,PA,6.8,15.2,25.0,4.8,98.3,0.0,0.0,0.0,1.7,2.9,85.2,20.6
16680,16680,2023,Smithmill,Clearfield,78295.0,348,46.5,PA,14.1,15.3,0.0,2.6,100.0,0.0,0.0,0.0,0.0,2.0,90.3,12.9
16686,16686,2023,Tyrone,Clearfield,65641.0,13000,41.5,PA,10.7,14.1,12.6,7.9,96.0,0.4,1.8,0.1,1.7,4.9,73.0,16.7
16692,16692,2023,Westover,Clearfield,70893.0,912,30.1,PA,13.2,14.4,10.9,10.8,92.3,0.2,6.6,0.1,0.8,10.9,83.0,21.6
16701,16701,2023,Bradford,McKean,61996.0,16584,42.3,PA,16.4,15.0,21.8,10.1,93.5,1.1,1.6,0.7,3.1,4.0,77.2,20.1
16720,16720,2023,Austin,Cameron,50938.0,1196,50.3,PA,10.3,6.3,13.4,9.7,96.7,0.0,0.8,0.0,2.5,8.4,84.0,12.3
16724,16724,2023,Crosby,McKean,,73,26.9,PA,26.0,12.5,0.0,0.0,95.9,0.0,0.0,0.0,4.1,13.5,88.5,42.3
16725,16725,2023,Custer City,McKean,88393.0,140,34.7,PA,0.0,0.0,0.0,0.0,100.0,0.0,0.0,0.0,0.0,0.0,75.5,0.0
16726,16726,2023,Cyclone,McKean,73382.0,697,44.4,PA,20.5,5.6,0.0,0.0,98.6,0.0,0.0,0.0,1.4,3.1,92.6,20.2
16727,16727,2023,Derrick City,McKean,89243.0,227,8.0,PA,0.0,31.9,0.0,5.1,100.0,0.0,0.0,0.0,0.0,0.0,35.6,0.0
16729,16729,2023,Duke Center,McKean,67941.0,708,46.5,PA,22.5,14.6,8.0,1.4,99.7,0.0,0.3,0.0,-0.0,7.9,83.0,23.5
16730,16730,2023,East Smethport,McKean,,38,62.5,PA,0.0,0.0,,0.0,100.0,0.0,0.0,0.0,0.0,0.0,100.0,0.0
16731,16731,2023,Eldred,McKean,59986.0,2397,51.1,PA,10.1,10.1,6.9,3.1,97.5,0.0,0.4,0.3,1.8,9.9,80.9,15.4
16732,16732,2023,Gifford,McKean,67461.0,253,58.8,PA,2.4,7.3,30.0,0.0,100.0,0.0,0.0,0.0,0.0,0.0,92.5,2.3
16733,16733,2023,Hazel Hurst,McKean,43438.0,204,65.4,PA,8.8,10.1,53.3,11.6,53.4,0.0,0.0,0.0,46.6,0.0,78.3,31.9
16734,16734,2023,James City,Elk,64028.0,176,47.9,PA,2.8,0.0,5.6,1.4,97.2,0.0,0.0,0.0,2.8,6.8,75.7,16.2
16735,16735,2023,Kane,Elk,58496.0,6465,44.2,PA,7.1,13.5,11.6,7.7,94.0,0.2,1.4,0.8,3.6,3.1,73.7,14.6
16738,16738,2023,Lewis Run,McKean,64450.0,2018,39.2,PA,9.1,5.8,14.5,2.2,54.9,30.3,12.4,0.2,2.2,2.4,86.4,8.8
16740,16740,2023,Mount Jewett,Elk,47222.0,823,43.9,PA,11.4,9.5,2.7,6.0,94.4,0.0,0.0,0.0,5.6,3.8,89.4,20.9
16743,16743,2023,Port Allegany,McKean,53846.0,3960,38.7,PA,21.5,13.9,22.4,5.0,95.1,0.1,1.5,0.4,2.9,8.3,74.1,26.3
16744,16744,2023,Rew,McKean,89500.0,183,44.3,PA,20.2,8.3,0.0,15.9,95.1,0.0,0.0,0.0,4.9,13.5,74.4,0.0
16745,16745,2023,Rixford,McKean,60313.0,685,53.7,PA,3.2,11.4,0.0,4.7,98.8,0.0,0.3,0.9,0.0,3.3,99.0,3.7
16746,16746,2023,Roulette,McKean,60606.0,1018,51.3,PA,14.4,7.8,11.3,3.2,96.0,0.5,0.0,0.0,3.5,8.4,86.8,22.6
16748,16748,2023,Shinglehouse,McKean,56838.0,2687,46.3,PA,11.8,8.5,6.8,6.5,97.8,0.0,0.3,0.0,1.9,6.3,75.6,14.5
16749,16749,2023,Smethport,Cameron,70114.0,3691,50.7,PA,12.1,11.3,4.6,6.8,95.8,0.7,1.8,0.1,1.6,5.0,82.9,8.6
16750,16750,2023,Turtlepoint,McKean,103906.0,463,52.3,PA,4.5,12.0,0.0,7.2,76.9,6.9,0.0,0.0,16.2,1.4,95.5,4.5
16821,16821,2023,Allport,Clearfield,101700.0,187,39.0,PA,0.0,28.1,,0.0,100.0,0.0,0.0,0.0,0.0,0.0,100.0,0.0
16825,16825,2023,Bigler,Clearfield,59669.0,265,27.4,PA,0.0,41.1,0.0,0.0,76.6,0.0,20.0,0.0,3.4,3.4,75.2,0.0
16830,16830,2023,Clearfield,Clearfield,56822.0,13698,43.1,PA,16.6,14.1,18.5,10.2,95.4,0.6,1.1,1.0,1.9,8.6,64.4,26.9
16833,16833,2023,Curwensville,Clearfield,57264.0,5280,44.0,PA,12.7,17.4,16.8,4.8,94.3,0.5,1.4,0.2,3.6,6.8,82.7,17.1
16834,16834,2023,Drifting,Clearfield,115241.0,711,37.7,PA,1.8,33.8,81.2,6.6,100.0,0.0,0.0,0.0,0.0,0.0,93.8,9.3
16836,16836,2023,Frenchville,Clearfield,59205.0,1106,54.8,PA,13.1,8.7,20.8,1.2,98.0,0.0,0.0,1.5,0.5,4.5,90.5,17.6
16837,16837,2023,Glen Richey,Clearfield,,104,68.7,PA,34.6,0.0,,0.0,100.0,0.0,0.0,0.0,0.0,0.0,100.0,28.6
16838,16838,2023,Grampian,Clearfield,57446.0,1820,47.5,PA,18.6,9.3,39.0,2.6,96.2,0.0,2.1,0.2,1.5,7.2,77.9,20.7
16839,16839,2023,Grassflat,Clearfield,80069.0,437,41.1,PA,3.2,21.3,0.0,0.0,100.0,0.0,0.0,0.0,0.0,0.0,96.9,18.6
16840,16840,2023,Hawk Run,Clearfield,54805.0,247,55.4,PA,0.0,0.0,0.0,12.2,100.0,0.0,0.0,0.0,0.0,18.1,87.0,52.0
16843,16843,2023,Hyde,Clearfield,48221.0,179,56.2,PA,26.2,4.9,0.0,10.1,100.0,0.0,0.0,0.0,0.0,6.4,70.8,11.2
16845,16845,2023,Karthaus,Clearfield,66875.0,955,42.0,PA,9.4,3.7,15.8,1.8,84.6,6.3,6.0,0.0,3.1,6.6,93.3,9.5
16847,16847,2023,Kylertown,Clearfield,,316,38.9,PA,14.2,7.1,0.0,0.0,53.5,0.0,34.8,0.0,11.7,9.4,58.8,16.5
16849,16849,2023,Lanse,Clearfield,,101,47.6,PA,6.9,0.0,,0.0,100.0,0.0,0.0,0.0,0.0,0.0,100.0,7.3
16855,16855,2023,Mineral Springs,Clearfield,,75,61.8,PA,13.3,0.0,0.0,30.8,100.0,0.0,0.0,0.0,0.0,26.7,79.5,0.0
16858,16858,2023,Morrisdale,Clearfield,57292.0,3953,51.0,PA,10.3,10.4,18.5,4.1,96.0,0.0,1.2,0.0,2.8,4.2,85.7,9.1
16859,16859,2023,Moshannon,Clearfield,56667.0,498,47.6,PA,11.7,7.9,0.0,10.9,98.4,0.0,0.4,0.4,0.8,5.8,93.6,10.5
16860,16860,2023,Munson,Clearfield,73225.0,393,52.8,PA,3.3,0.0,,0.0,87.5,0.0,12.5,0.0,0.0,0.0,100.0,18.5
16861,16861,2023,New Millport,Clearfield,21985.0,274,56.3,PA,27.7,2.9,0.0,13.2,97.8,0.0,0.0,2.2,0.0,9.4,96.5,16.0
16863,16863,2023,Olanta,Clearfield,65500.0,566,52.2,PA,12.0,9.0,0.0,4.2,95.8,0.0,0.0,0.0,4.2,4.5,79.4,13.0
16866,16866,2023,Philipsburg,Clearfield,48580.0,8924,45.3,PA,17.0,12.0,23.4,13.1,86.2,5.6,5.7,0.6,1.9,4.7,66.5,23.2
16871,16871,2023,Pottersdale,Clearfield,55536.0,23,59.5,PA,0.0,35.0,0.0,0.0,91.3,0.0,8.7,0.0,0.0,0.0,40.0,0.0
16876,16876,2023,Wallaceton,Clearfield,68333.0,235,47.1,PA,14.0,9.0,13.3,11.5,95.3,3.4,0.0,0.0,1.3,8.8,84.4,21.9
16878,16878,2023,West Decatur,Clearfield,65000.0,1784,45.6,PA,16.4,7.6,46.8,4.2,97.5,0.4,1.0,0.2,0.9,7.0,85.4,21.0
16879,16879,2023,Winburne,Clearfield,78036.0,300,54.0,PA,3.0,10.6,0.0,0.0,99.0,0.0,0.0,0.0,1.0,2.4,87.5,16.2
16881,16881,2023,Woodland,Clearfield,60313.0,2349,47.0,PA,15.2,8.4,4.2,2.5,93.5,0.5,1.0,0.0,5.0,5.1,92.1,27.6
17764,17764,2023,Renovo,Cameron,40847.0,2460,52.8,PA,21.7,5.7,18.3,14.4,91.9,0.7,2.1,0.2,5.1,14.8,66.9,28.6
17778,17778,2023,Westport,Clearfield,48750.0,73,54.1,PA,5.5,5.7,0.0,7.9,100.0,0.0,0.0,0.0,0.0,0.0,81.6,5.3
