median_household_income,total_population,median_age,state,zcta,poverty_rate,bachelors_rate,rent_burden_rate,no_vehicle_rate,pct_white_non_hispanic,pct_black,pct_hispanic,pct_asian,pct_other,unemployment_rate,homeownership_rate,year,area_name,county_name
35268,2294,47.3,PA,17764,29.3,7.1,31.5,16.3,95.4,0.7,3.1,0.0,0.8,11.0,70.3,2019,Renovo,Cameron
41750,161,34.4,PA,17778,8.7,1.0,16.7,3.8,98.8,0.0,1.2,0.0,0.0,3.7,88.7,2019,Westport,Clearfield
52275,3808,44.8,PA,16743,16.3,10.6,27.5,5.0,97.8,0.2,0.8,0.4,0.8,6.1,73.2,2019,Port Allegany,McKean
50156,4031,45.5,PA,16749,14.0,11.9,21.2,3.8,96.8,1.1,1.1,0.0,1.0,3.3,80.3,2019,Smethport,Cameron
68125,340,56.7,PA,16110,3.2,10.3,14.3,2.8,100.0,0.0,0.0,0.0,0.0,2.3,95.2,2019,Adamsville,Crawford
68047,504,34.7,PA,16840,0.0,14.0,0.0,0.0,100.0,0.0,0.0,0.0,0.0,5.0,85.3,2019,Hawk Run,Clearfield
40500,236,66.0,PA,16849,2.1,15.4,0.0,2.9,100.0,0.0,0.0,0.0,0.0,0.0,92.0,2019,Lanse,Clearfield
46250,267,48.4,PA,16876,20.6,4.8,10.7,10.6,100.0,0.0,0.0,0.0,0.0,1.5,75.2,2019,Wallaceton,Clearfield
39271,411,48.1,PA,16879,16.3,0.0,0.0,16.0,98.3,0.0,0.0,0.0,1.7,11.5,73.7,2019,Winburne,Clearfield
46827,1846,51.6,PA,16374,13.1,10.3,6.3,5.9,96.7,0.1,0.6,0.0,2.6,10.7,84.0,2019,Kennerdell,Venango
43050,15572,37.2,PA,16504,21.6,16.2,21.9,9.9,79.8,11.8,2.1,3.1,3.2,7.8,68.9,2019,Erie South East,Erie
,0,,PA,16312,,,,,,,,,,,,2019,Chandlers Valley,Warren
31313,346,17.3,PA,16328,67.9,1.4,52.2,0.0,91.9,2.3,1.4,0.0,4.4,11.4,30.3,2019,Hydetown,Crawford
,1101,19.5,PA,16444,,0.0,,,78.0,13.5,1.5,3.6,3.4,8.1,,2019,Edinboro,Erie
,762,19.7,PA,16546,,100.0,,,75.9,7.9,7.0,4.9,4.3,9.0,,2019,Erie,Erie
,1626,19.4,PA,16563,,,,,73.7,4.2,1.6,15.1,5.4,7.2,,2019,Erie Penn State Behrend,Erie
52500,321,56.2,PA,16821,0.0,4.7,,16.7,100.0,0.0,0.0,0.0,0.0,0.0,100.0,2019,Allport,Clearfield
44813,1589,41.4,PA,15772,23.9,6.0,14.7,18.2,94.5,0.0,0.0,0.0,5.5,14.8,83.2,2019,Rossiter,Jefferson
34219,54,47.5,PA,15776,5.6,14.6,0.0,0.0,100.0,0.0,0.0,0.0,0.0,10.3,88.0,2019,Sprankle Mills,Jefferson
40625,125,55.8,PA,15821,2.4,10.9,0.0,0.0,100.0,0.0,0.0,0.0,0.0,7.5,83.6,2019,Benezett,Elk
62500,255,34.3,PA,15827,0.0,16.9,0.0,7.5,93.3,0.0,0.0,6.7,0.0,0.0,81.1,2019,Byrnedale,Elk
58750,1380,40.7,PA,15829,8.8,10.2,15.2,6.1,99.5,0.1,0.3,0.0,0.1,2.4,79.4,2019,Corsica,Jefferson
44861,1155,44.7,PA,15849,18.8,5.2,10.0,2.5,98.3,0.0,1.0,0.0,0.7,3.8,81.0,2019,Penfield,Clearfield
60061,257,26.4,PA,16825,0.0,25.0,,16.7,84.0,0.0,16.0,0.0,0.0,0.0,100.0,2019,Bigler,Clearfield
27234,578,54.8,PA,16843,26.0,4.1,49.3,2.3,96.0,4.0,0.0,0.0,0.0,0.0,78.9,2019,Hyde,Clearfield
45341,172,57.5,PA,16744,7.6,7.5,,6.2,100.0,0.0,0.0,0.0,0.0,0.0,100.0,2019,Rew,McKean
39948,1249,40.8,PA,16111,20.7,3.9,18.3,26.2,98.4,0.0,0.0,0.0,1.6,1.3,85.4,2019,Atlantic,Crawford
37188,73,62.3,PA,16217,0.0,16.4,0.0,24.1,100.0,0.0,0.0,0.0,0.0,0.0,79.6,2019,Cooksburg,Jefferson
59271,511,47.0,PA,16329,2.7,5.4,0.0,0.0,95.7,0.0,0.0,0.0,4.3,5.2,84.6,2019,Irvine,Warren
59219,968,48.9,PA,16362,7.9,12.1,2.0,3.7,96.8,0.2,0.5,0.0,2.5,9.5,87.4,2019,Utica,Venango
54324,3325,45.3,PA,16373,11.2,14.1,18.2,8.5,94.3,1.8,1.1,0.3,2.5,4.2,82.3,2019,Emlenton,Clarion
47545,3433,38.9,PA,16404,18.8,7.7,15.6,7.6,98.9,0.1,0.6,0.3,0.1,5.6,79.9,2019,Centerville,Crawford
53165,7861,42.9,PA,16417,14.8,14.8,19.6,4.8,91.3,1.0,6.1,0.0,1.6,3.3,76.1,2019,Girard,Erie
33833,15752,33.8,PA,16502,32.0,14.7,27.1,21.8,65.3,13.4,11.9,1.6,7.8,8.7,36.2,2019,Erie West,Erie
36358,9572,30.9,PA,16507,24.4,12.0,24.1,24.9,66.1,16.6,7.0,4.5,5.8,8.7,31.4,2019,Erie Downtown,Erie
58614,26863,43.5,PA,16509,7.9,22.5,20.2,5.5,91.5,2.0,1.7,1.9,2.9,3.6,68.4,2019,Erie Millcreek/South,Erie
53454,3307,48.9,PA,16668,8.9,10.2,15.8,8.6,98.3,0.0,0.9,0.0,0.8,6.6,81.4,2019,Patton,Clearfield
37857,161,56.3,PA,16733,18.6,16.9,38.9,16.7,99.4,0.6,0.0,0.0,-0.0,5.7,78.6,2019,Hazel Hurst,McKean
48750,264,46.4,PA,16734,6.7,4.6,0.0,0.0,100.0,0.0,0.0,0.0,0.0,7.9,83.8,2019,James City,Elk
42958,5332,45.2,PA,16833,13.2,9.9,23.7,8.2,98.1,0.1,0.6,0.0,1.2,10.1,76.3,2019,Curwensville,Clearfield
49250,280,60.5,PA,16834,7.1,10.1,100.0,13.8,100.0,0.0,0.0,0.0,0.0,0.0,86.2,2019,Drifting,Clearfield
52883,2112,43.8,PA,16041,10.0,9.2,36.7,3.6,97.4,0.4,0.0,0.3,1.9,3.0,83.4,2019,Karns City,Clarion
47750,3080,47.1,PA,16049,10.7,8.6,12.0,4.8,98.1,0.1,0.2,0.0,1.6,5.6,76.6,2019,Parker,Clarion
33839,197,25.8,PA,16837,7.1,0.0,,0.0,100.0,0.0,0.0,0.0,0.0,0.0,100.0,2019,Glen Richey,Clearfield
,263,56.6,PA,16847,26.2,2.1,0.0,4.1,69.6,0.0,28.1,0.0,2.3,0.0,94.6,2019,Kylertown,Clearfield
65345,3592,43.4,PA,16038,6.8,14.9,9.9,8.5,98.1,0.3,0.2,0.2,1.2,5.0,80.8,2019,Harrisville,Venango
45329,3774,51.2,PA,16134,17.0,12.9,22.7,6.0,98.1,0.1,0.8,0.1,0.9,5.5,86.1,2019,Jamestown,Crawford
52039,2750,46.2,PA,16145,14.7,11.5,16.0,4.0,95.7,0.5,1.4,0.7,1.7,7.2,80.9,2019,Sandy Lake,Venango
48491,4233,47.4,PA,16242,12.1,9.5,20.0,8.8,98.6,0.3,0.7,0.2,0.2,4.9,70.7,2019,New Bethlehem,Clarion
51313,1573,44.5,PA,16255,13.6,9.3,9.0,7.7,99.1,0.1,0.3,0.1,0.4,4.1,81.8,2019,Sligo,Clarion
,61,23.5,PA,16332,0.0,16.0,0.0,0.0,100.0,0.0,0.0,0.0,0.0,0.0,36.8,2019,Lickingville,Clarion
44697,3115,49.0,PA,16371,13.9,13.9,17.0,10.6,97.4,0.4,1.0,0.0,1.2,4.2,70.2,2019,Youngsville,Warren
57244,6790,41.0,PA,16403,12.0,15.5,11.2,5.0,91.7,3.4,2.6,0.7,1.6,5.9,77.7,2019,Cambridge Springs,Crawford
54306,3069,44.2,PA,16406,12.8,13.7,10.6,8.8,98.1,0.7,0.4,0.0,0.8,6.7,81.7,2019,Conneautville,Crawford
96556,9596,41.9,PA,16415,4.1,27.8,42.8,6.8,93.4,0.5,1.6,1.9,2.6,1.4,89.1,2019,Fairview,Erie
51583,4204,41.4,PA,16423,14.7,15.5,13.0,4.3,96.0,0.2,2.6,0.0,1.2,8.6,80.7,2019,Lowville/Wattsburg,Erie
54022,1785,43.5,PA,16435,15.9,9.3,22.4,13.2,96.5,0.7,1.8,0.6,0.4,4.7,77.1,2019,Springboro,Crawford
30000,127,57.6,PA,16616,11.8,3.8,0.0,4.8,100.0,0.0,0.0,0.0,0.0,0.0,80.6,2019,Beccaria,Clearfield
42589,2063,45.9,PA,16627,12.0,8.8,10.5,6.0,96.7,0.4,0.8,0.0,2.1,7.0,84.5,2019,Coalport,Clearfield
56806,670,50.4,PA,16640,13.4,14.2,32.0,1.3,97.0,0.4,0.9,1.0,0.7,3.9,91.9,2019,Flinton,Clearfield
59375,138,56.6,PA,16645,5.1,4.2,0.0,8.2,100.0,0.0,0.0,0.0,0.0,0.0,96.7,2019,Glen Hope,Clearfield
48984,292,56.7,PA,16680,1.0,15.0,0.0,7.2,100.0,0.0,0.0,0.0,0.0,8.7,90.6,2019,Smithmill,Clearfield
74338,250,25.4,PA,16727,13.6,27.7,0.0,0.0,100.0,0.0,0.0,0.0,0.0,13.0,27.3,2019,Derrick City,McKean
50043,1248,42.4,PA,16746,13.4,9.5,32.3,1.5,93.2,0.0,3.1,0.6,3.1,3.4,79.8,2019,Roulette,McKean
54375,970,38.7,PA,16845,10.2,5.6,25.0,2.2,90.8,6.0,3.0,0.0,0.2,4.1,90.1,2019,Karthaus,Clearfield
60089,2341,48.6,PA,16153,8.5,13.2,4.9,6.6,98.8,0.0,0.0,0.4,0.8,2.1,78.4,2019,Stoneboro,Venango
53333,1194,48.0,PA,15823,4.6,6.3,0.0,5.2,100.0,0.0,0.0,0.0,0.0,0.6,82.3,2019,Brockport,Clearfield
37917,227,57.5,PA,15832,11.9,8.8,0.0,7.1,100.0,0.0,0.0,0.0,0.0,20.4,94.4,2019,Driftwood,Clearfield
39375,342,43.6,PA,15841,19.7,21.8,100.0,5.3,100.0,0.0,0.0,0.0,0.0,0.0,87.5,2019,Force,Elk
36875,300,54.4,PA,15847,11.7,4.0,48.0,4.1,94.7,5.3,0.0,0.0,-0.0,5.0,82.9,2019,Knox Dale,Jefferson
52188,1077,54.9,PA,15860,10.0,6.6,7.9,2.4,99.2,0.0,0.6,0.0,0.2,3.6,87.2,2019,Sigel,Jefferson
39615,1259,48.6,PA,15865,13.6,7.3,4.8,8.3,98.6,0.0,0.6,0.0,0.8,4.4,63.3,2019,Sykesville,Clearfield
57917,855,46.2,PA,16402,17.9,4.9,7.4,10.5,99.3,0.0,0.0,0.0,0.7,5.5,92.2,2019,Bear Lake,Warren
48291,505,35.8,PA,16750,11.4,6.8,17.6,4.9,94.7,0.4,0.0,0.0,4.9,8.2,83.3,2019,Turtlepoint,McKean
48333,30,60.0,PA,16871,0.0,10.0,0.0,0.0,100.0,0.0,0.0,0.0,0.0,0.0,88.9,2019,Pottersdale,Clearfield
60417,3737,46.0,PA,16858,12.8,6.3,8.9,3.1,99.1,0.0,0.7,0.0,0.2,8.2,88.1,2019,Morrisdale,Clearfield
48980,648,38.5,PA,16863,9.1,9.1,10.2,8.8,97.8,0.0,1.1,0.8,0.3,6.3,66.3,2019,Olanta,Clearfield
50893,3067,48.0,PA,16666,14.2,8.3,16.8,1.7,97.0,0.1,2.5,0.2,0.2,5.3,88.8,2019,Osceola Mills,Clearfield
39375,303,43.2,PA,16861,26.6,12.8,0.0,12.5,98.0,0.0,0.0,2.0,0.0,2.2,96.2,2019,New Millport,Clearfield
44230,10072,45.2,PA,16866,14.8,9.8,23.0,11.3,81.3,6.0,9.4,1.7,1.6,4.7,66.6,2019,Philipsburg,Clearfield
51458,1756,48.7,PA,16878,8.4,12.6,4.1,5.5,98.5,0.7,0.0,0.2,0.6,4.5,93.4,2019,West Decatur,Clearfield
44875,1615,48.0,PA,16028,17.2,9.9,13.9,11.3,98.4,0.0,0.3,0.2,1.1,10.2,71.2,2019,East Brady,Clarion
50170,16974,46.5,PA,16125,13.1,14.1,7.1,9.6,95.1,1.3,1.5,0.4,1.7,6.3,73.6,2019,Greenville,Crawford
61301,15599,35.9,PA,16127,9.1,19.2,19.0,6.2,92.7,2.5,2.3,0.7,1.8,3.7,75.5,2019,Grove City,Venango
55000,1135,41.6,PA,16218,17.1,10.6,33.3,0.5,91.5,8.5,0.0,0.0,0.0,7.0,91.2,2019,Cowansville,Clarion
38506,4952,36.4,PA,16239,24.3,3.5,14.3,4.4,52.1,37.4,7.6,0.1,2.8,1.6,80.5,2019,Marienville,Elk
39931,3052,45.3,PA,16248,20.3,9.1,19.9,5.6,96.2,0.2,0.7,1.4,1.5,11.2,71.6,2019,Rimersburg,Clarion
50455,2138,20.2,PA,16256,31.7,5.1,4.3,50.4,99.6,0.0,0.1,0.0,0.3,3.9,90.5,2019,Smicksburg,Jefferson
54861,516,41.5,PA,16311,6.2,8.0,15.6,4.7,98.3,0.0,1.6,0.0,0.1,2.3,85.0,2019,Carlton,Venango
43438,47,72.3,PA,16321,17.0,0.0,30.8,0.0,100.0,0.0,0.0,0.0,0.0,0.0,58.1,2019,East Hickory,Forest
48194,380,38.6,PA,16326,8.2,10.3,0.0,2.0,93.2,0.0,0.0,0.0,6.8,9.8,86.1,2019,Fryburg,Clarion
,194,51.8,PA,16860,6.7,0.0,,0.0,100.0,0.0,0.0,0.0,0.0,0.0,100.0,2019,Munson,Clearfield
48750,655,46.6,PA,16692,11.5,6.6,1.8,7.6,99.7,0.0,0.0,0.3,-0.0,5.3,79.3,2019,Westover,Clearfield
50023,15624,47.9,PA,16323,13.3,11.1,18.0,9.5,94.7,1.2,1.2,0.4,2.5,6.2,69.2,2019,Franklin,Venango
57083,888,48.5,PA,16440,9.8,12.5,4.1,4.4,98.0,0.0,0.6,0.2,1.2,4.1,87.2,2019,Venango,Crawford
49500,1792,45.2,PA,16838,14.4,8.5,35.2,4.3,92.2,0.6,6.4,0.4,0.4,4.2,85.1,2019,Grampian,Clearfield
60164,2379,44.6,PA,16881,22.1,6.2,0.0,2.3,96.6,0.0,1.8,0.0,1.6,3.1,86.2,2019,Woodland,Clearfield
45208,1293,46.5,PA,16656,16.6,6.8,14.3,8.8,96.4,0.0,3.5,0.0,0.1,7.0,88.5,2019,Irvona,Clearfield
54063,147,56.5,PA,15780,9.5,11.4,0.0,0.0,100.0,0.0,0.0,0.0,0.0,0.0,95.7,2019,Valier,Jefferson
55329,1198,47.9,PA,15870,13.4,13.5,27.9,3.1,97.2,0.0,0.0,0.8,2.0,3.1,87.8,2019,Wilcox,Elk
48558,1534,47.1,PA,16639,10.9,7.9,14.1,2.1,98.7,0.0,1.1,0.0,0.2,8.3,87.5,2019,Fallentimber,Clearfield
46979,2271,44.3,PA,16646,11.5,9.9,6.5,5.8,98.8,0.0,0.4,0.0,0.8,4.5,82.8,2019,Hastings,Clearfield
47431,1294,49.2,PA,16720,5.8,7.3,20.0,8.3,97.7,0.0,0.5,0.4,1.4,2.4,85.2,2019,Austin,Cameron
47167,917,40.8,PA,16729,20.1,9.1,14.7,5.5,99.8,0.0,0.0,0.0,0.2,10.2,75.0,2019,Duke Center,McKean
46538,5875,45.0,PA,16735,14.1,13.8,11.0,8.4,97.0,0.5,0.8,0.2,1.5,7.4,73.1,2019,Kane,Elk
54265,2498,41.0,PA,16738,8.5,7.8,6.6,2.6,55.1,30.9,11.4,0.0,2.6,4.9,87.5,2019,Lewis Run,McKean
58833,552,46.5,PA,16745,2.7,6.4,0.0,2.2,97.5,0.0,0.0,0.0,2.5,3.8,97.8,2019,Rixford,McKean
42500,114,36.8,PA,16213,21.9,2.5,21.1,15.4,100.0,0.0,0.0,0.0,0.0,4.3,63.5,2019,Callensburg,Clarion
44821,419,47.1,PA,16230,9.3,7.5,31.9,4.6,99.0,1.0,0.0,0.0,0.0,9.7,72.8,2019,Hawthorn,Clarion
45357,4201,40.6,PA,16232,9.8,12.5,12.4,11.6,98.3,0.0,0.5,0.0,1.2,5.3,78.3,2019,Knox,Clarion
48558,1541,42.7,PA,16240,10.8,7.4,8.2,9.0,98.2,0.6,0.4,0.1,0.7,3.1,76.4,2019,Mayport,Jefferson
62045,5159,48.7,PA,16316,7.2,16.9,16.9,3.8,98.1,0.1,0.6,0.3,0.9,3.8,79.3,2019,Conneaut Lake,Crawford
57500,1374,52.7,PA,16319,3.1,10.5,0.0,1.5,99.4,0.0,0.2,0.0,0.4,2.0,94.1,2019,Cranberry,Clarion
46691,1538,46.8,PA,15757,19.1,5.0,1.9,3.3,97.9,0.0,0.7,0.8,0.6,7.5,83.3,2019,Mahaffey,Clearfield
40521,468,41.5,PA,15753,23.5,4.4,33.3,9.6,100.0,0.0,0.0,0.0,0.0,14.3,89.8,2019,La Jose,Clearfield
62500,255,50.5,PA,15770,7.8,3.4,0.0,12.2,94.9,0.0,5.1,0.0,-0.0,2.7,95.6,2019,Ringgold,Jefferson
65568,58,55.3,PA,16331,0.0,24.4,0.0,0.0,100.0,0.0,0.0,0.0,0.0,0.0,89.7,2019,Kossuth,Clarion
51250,327,47.6,PA,16334,8.6,5.9,40.0,1.6,100.0,0.0,0.0,0.0,0.0,2.6,96.1,2019,Marble,Clarion
55129,1705,47.6,PA,16340,11.3,10.3,4.1,3.7,97.9,0.0,0.3,1.1,0.7,5.4,89.9,2019,Pittsfield,Warren
70303,3541,50.3,PA,16345,3.3,13.6,10.5,2.1,95.7,0.6,1.2,0.7,1.8,1.9,91.7,2019,Russell,Warren
51139,3214,46.8,PA,16346,13.8,17.9,17.3,7.0,95.7,0.0,1.5,2.1,0.7,6.0,71.6,2019,Seneca,Venango
46100,2577,36.8,PA,16350,23.4,8.1,11.2,11.3,98.4,0.2,0.0,0.0,1.4,5.6,76.3,2019,Sugar Grove,Warren
56000,1305,43.1,PA,16360,11.6,12.7,4.0,3.8,98.9,0.2,0.3,0.0,0.6,7.8,81.0,2019,Townville,Crawford
50263,448,40.3,PA,16372,20.5,8.5,3.1,16.0,90.4,0.0,0.0,2.7,6.9,10.8,68.4,2019,Clintonville,Venango
50231,6780,40.8,PA,16401,13.3,6.3,24.8,7.0,77.3,17.3,3.9,0.2,1.3,4.9,75.1,2019,Albion,Crawford
47222,801,48.1,PA,16405,12.7,4.8,0.0,4.0,97.6,1.2,0.0,0.0,1.2,9.0,82.0,2019,Columbus,Warren
38162,206,25.9,PA,16416,22.8,0.0,0.0,0.0,87.4,0.0,0.0,0.0,12.6,20.7,82.6,2019,Garland,Warren
42500,410,37.4,PA,16422,22.9,32.2,65.0,17.5,97.3,0.0,2.7,0.0,0.0,4.2,87.0,2019,Harmonsburg,Crawford
55515,1098,47.4,PA,16836,6.0,5.2,34.0,2.2,99.2,0.5,0.0,0.0,0.3,6.9,88.8,2019,Frenchville,Clearfield
51705,7568,44.8,PA,16438,16.1,12.2,16.1,11.1,97.9,0.1,1.3,0.0,0.7,5.9,76.0,2019,Union City,Crawford
67371,24438,43.1,PA,16506,6.7,23.7,20.5,5.4,91.8,2.0,2.0,1.8,2.4,4.5,69.6,2019,Erie Millcreek/West,Erie
48956,16182,37.8,PA,16508,14.7,19.2,20.9,9.1,85.7,5.6,3.6,0.8,4.3,3.2,65.0,2019,Erie South Central,Erie
54002,25952,39.6,PA,16510,17.1,16.6,22.2,8.3,81.7,8.0,6.0,2.1,2.2,5.8,76.4,2019,Erie Harborcreek,Erie
62083,979,41.2,PA,16131,8.2,8.4,17.0,5.6,95.8,0.0,3.8,0.0,0.4,1.3,75.3,2019,Hartstown,Crawford
57857,1221,43.4,PA,16224,10.7,13.3,2.8,10.1,97.6,0.0,1.1,0.0,1.3,5.1,76.8,2019,Fairmount City,Clarion
45114,1084,51.7,PA,16233,12.9,14.3,16.7,4.1,96.3,0.0,0.0,1.9,1.8,11.0,85.9,2019,Leeper,Jefferson
63750,1157,46.3,PA,16235,6.0,15.0,8.0,1.0,95.2,0.0,0.0,0.9,3.9,2.3,89.7,2019,Lucinda,Clarion
57969,3264,45.5,PA,16254,8.9,14.6,13.8,3.9,95.1,1.2,0.3,1.4,2.0,3.1,83.0,2019,Shippenville,Clarion
45357,1876,39.8,PA,16258,10.1,16.6,17.5,5.3,96.1,0.1,0.4,0.0,3.4,2.2,62.3,2019,Strattanville,Jefferson
50962,1994,47.2,PA,16259,9.3,4.1,12.5,4.4,99.1,0.0,0.4,0.0,0.5,8.2,82.3,2019,Templeton,Clarion
44722,15418,43.7,PA,16301,14.2,15.3,11.4,9.2,96.7,0.5,1.3,0.1,1.4,8.0,71.8,2019,Oil City,Venango
50000,1321,47.5,PA,16317,9.0,7.7,20.8,2.4,97.8,0.0,0.2,0.0,2.0,4.8,90.3,2019,Cooperstown,Venango
45000,309,49.5,PA,16333,14.2,7.8,0.0,7.0,98.4,0.0,0.6,0.0,1.0,18.9,92.3,2019,Ludlow,McKean
59286,1261,45.3,PA,16364,12.1,10.0,0.0,5.0,99.0,0.0,0.9,0.0,0.1,2.2,87.8,2019,Venus,Clarion
44479,176,34.5,PA,16427,25.0,5.0,15.8,0.0,98.9,0.0,0.0,0.0,1.1,12.3,70.8,2019,Mill Village,Erie
68174,10562,42.0,PA,16441,9.4,17.0,8.3,6.1,96.5,0.2,1.3,0.2,1.8,3.3,84.3,2019,Waterford,Crawford
64444,3061,41.0,PA,16442,7.9,12.5,6.1,4.4,97.1,0.4,0.4,0.5,1.6,4.5,86.7,2019,Wattsburg,Erie
50114,11207,42.0,PA,16511,15.3,18.3,16.4,12.5,84.4,7.3,5.6,1.3,1.4,5.4,62.1,2019,Erie Lawrence Park,Erie
,146,52.4,PA,16855,0.0,12.3,,60.2,100.0,0.0,0.0,0.0,0.0,22.6,100.0,2019,Mineral Springs,Clearfield
44464,62,56.5,PA,15784,9.7,11.5,0.0,0.0,98.4,0.0,1.6,0.0,-0.0,0.0,93.1,2019,Worthville,Jefferson
47216,2119,47.1,PA,16130,12.0,9.3,9.7,6.6,97.3,0.0,0.5,0.1,2.1,7.4,80.3,2019,Hadley,Crawford
37961,10114,29.5,PA,16214,26.0,18.4,30.2,12.4,91.4,3.9,2.7,0.9,1.1,7.6,45.5,2019,Clarion,Clarion
45819,2671,36.5,PA,16222,23.0,13.1,22.7,21.3,98.5,0.0,0.3,0.5,0.7,4.6,85.4,2019,Dayton,Jefferson
51000,377,52.4,PA,16260,13.5,10.1,0.0,2.7,100.0,0.0,0.0,0.0,0.0,0.0,83.2,2019,Vowinckel,Clarion
60042,5365,42.3,PA,16314,6.4,11.4,11.8,4.1,96.9,0.6,0.4,0.4,1.7,3.0,84.8,2019,Cochranton,Venango
50000,1831,50.4,PA,16341,12.1,11.7,15.7,2.8,94.0,0.5,3.3,0.6,1.6,6.3,89.4,2019,Pleasantville,Venango
41959,2753,55.0,PA,16353,22.1,8.3,8.5,6.3,99.3,0.0,0.1,0.1,0.5,7.4,86.4,2019,Tionesta,Clarion
50319,11034,45.1,PA,16407,17.7,12.3,21.7,12.5,93.8,2.7,2.0,0.3,1.2,2.4,66.7,2019,Corry,Crawford
66563,1727,47.6,PA,16410,10.9,9.2,3.8,0.9,96.5,0.0,0.2,0.2,3.1,3.3,91.8,2019,Cranesville,Erie
47679,634,42.8,PA,16420,17.2,8.3,33.3,2.5,98.3,0.0,0.0,0.9,0.8,15.4,91.1,2019,Grand Valley,Venango
75063,2618,46.1,PA,16421,5.1,20.2,3.2,1.5,97.8,1.0,0.5,0.0,0.7,3.6,81.1,2019,Lake City,Erie
59432,5148,44.4,PA,16433,6.6,15.3,5.2,4.4,96.1,0.3,1.4,0.4,1.8,2.4,81.5,2019,Saegertown,Crawford
43125,3217,27.4,PA,16434,25.1,7.0,13.5,28.0,97.5,1.2,0.8,0.0,0.5,4.8,84.8,2019,Spartansburg,Crawford
54375,358,52.1,PA,16620,7.3,16.1,31.8,4.3,86.3,3.9,8.9,0.8,0.1,4.9,84.2,2019,Brisbin,Clearfield
52614,737,41.8,PA,16726,14.0,10.3,11.1,1.8,95.8,0.0,0.0,0.0,4.2,13.3,83.9,2019,Cyclone,McKean
43021,377,52.8,PA,16054,9.0,7.6,31.0,5.0,100.0,0.0,0.0,0.0,0.0,3.4,84.0,2019,Saint Petersburg,Clarion
52321,504,39.3,PA,16671,9.9,12.5,18.6,4.8,97.8,0.0,1.0,0.0,1.2,4.9,76.9,2019,Ramey,Clearfield
47656,5834,41.8,PA,16651,10.9,5.5,7.8,6.5,72.3,18.8,5.5,0.5,2.9,5.1,79.2,2019,Houtzdale,Clearfield
47442,17126,40.8,PA,16701,20.1,13.8,22.5,13.9,94.3,0.6,2.5,1.1,1.5,6.1,68.7,2019,Bradford,McKean
45000,1034,38.6,PA,16740,12.3,8.9,5.6,9.0,90.2,0.2,1.4,0.0,8.2,4.7,71.7,2019,Mount Jewett,Elk
53958,1153,44.6,PA,16020,9.7,10.8,4.2,2.4,98.7,0.1,0.5,0.5,0.2,3.0,84.4,2019,Boyers,Venango
40500,164,62.8,PA,16036,8.5,11.6,11.8,8.9,96.3,0.0,3.7,0.0,0.0,6.6,81.1,2019,Foxburg,Clarion
56250,566,48.2,PA,16859,5.1,5.7,10.3,5.4,93.5,0.0,6.5,0.0,0.0,3.7,83.8,2019,Moshannon,Clearfield
54191,2916,42.7,PA,16327,6.6,10.9,18.4,3.2,96.4,1.1,0.9,0.3,1.3,4.6,87.3,2019,Guys Mills,Venango
59815,2139,51.4,PA,16342,19.3,9.1,11.9,1.3,90.7,3.5,0.8,0.1,4.9,6.7,85.8,2019,Polk,Venango
53059,571,45.3,PA,16343,14.7,19.8,0.0,0.0,97.4,1.4,0.0,1.2,-0.0,9.2,74.9,2019,Reno,Venango
43228,10539,44.7,PA,16354,17.3,10.2,14.2,9.4,96.4,1.4,0.9,0.6,0.7,5.0,68.3,2019,Titusville,Venango
,22,65.5,PA,16361,0.0,0.0,,0.0,100.0,0.0,0.0,0.0,0.0,0.0,100.0,2019,Tylersburg,Clarion
50051,17639,47.4,PA,16365,10.8,16.5,14.6,7.0,96.4,0.4,1.4,0.7,1.1,3.5,71.2,2019,Warren,McKean
60098,10629,38.8,PA,16412,15.4,31.1,32.4,7.3,94.0,1.6,1.9,1.0,1.5,4.5,65.8,2019,Edinboro,Crawford
49770,4662,49.6,PA,16424,12.5,8.8,20.9,6.0,97.6,0.0,1.0,0.2,1.2,5.8,85.2,2019,Linesville,Crawford
62324,12279,41.0,PA,16428,8.9,16.0,16.1,6.6,94.0,1.5,2.6,0.2,1.7,5.3,72.6,2019,North East,Erie
25121,16089,29.9,PA,16503,42.4,5.3,30.4,33.0,42.6,31.5,16.3,3.5,6.1,13.7,34.7,2019,Erie East,Erie
42143,118,55.5,PA,16724,0.0,8.6,0.0,3.4,100.0,0.0,0.0,0.0,0.0,0.0,89.7,2019,Crosby,McKean
36328,76,63.3,PA,16730,0.0,27.6,0.0,0.0,100.0,0.0,0.0,0.0,0.0,0.0,87.7,2019,East Smethport,McKean
43244,6733,40.9,PA,15851,16.6,7.3,20.1,10.7,96.6,1.1,0.4,0.4,1.5,7.1,73.9,2019,Reynoldsville,Clearfield
42250,1357,56.8,PA,15868,10.1,15.1,0.0,2.5,97.8,0.0,0.0,1.6,0.6,8.2,83.7,2019,Weedville,Clearfield
,153,29.8,PA,15744,9.8,17.7,0.0,7.4,94.1,0.0,1.3,0.0,4.6,4.5,90.7,2019,Hamilton,Jefferson
51224,5146,44.7,PA,15824,12.1,9.5,9.7,5.6,97.8,0.7,0.2,0.3,1.0,3.0,77.6,2019,Brockway,Clearfield
63984,3462,50.4,PA,15846,4.6,10.6,0.0,0.0,97.7,2.3,0.0,0.0,-0.0,4.7,95.1,2019,Kersey,Clearfield
44752,14374,43.4,PA,15767,19.2,11.6,27.0,12.5,98.0,0.3,0.7,0.5,0.5,4.4,70.4,2019,Punxsutawney,Clearfield
59643,435,43.0,PA,15711,9.2,6.3,11.8,3.2,100.0,0.0,0.0,0.0,0.0,8.3,81.9,2019,Anita,Jefferson
41250,424,44.6,PA,15715,18.9,10.7,13.3,2.1,96.7,0.0,0.0,0.0,3.3,3.6,76.1,2019,Big Run,Jefferson
44444,991,40.3,PA,15742,11.6,5.1,4.1,8.2,98.1,0.0,0.8,0.0,1.1,8.7,86.2,2019,Glen Campbell,Clearfield
60625,155,47.6,PA,15778,12.3,17.9,0.0,7.3,100.0,0.0,0.0,0.0,0.0,2.6,90.9,2019,Timblin,Jefferson
54722,1942,48.8,PA,15840,12.6,10.4,26.4,4.0,96.7,0.1,2.5,0.4,0.3,3.6,78.9,2019,Falls Creek,Clearfield
50938,3108,44.7,PA,15845,9.3,11.8,6.6,8.8,95.5,1.6,1.4,0.0,1.5,6.7,76.9,2019,Johnsonburg,Elk
,99,27.0,PA,15730,64.6,2.6,0.0,0.0,49.5,0.0,0.0,0.0,50.5,6.7,86.1,2019,Coolspring,Jefferson
,135,41.9,PA,15733,46.7,5.4,0.0,38.5,100.0,0.0,0.0,0.0,0.0,27.8,92.3,2019,De Lancey,Jefferson
40337,2718,47.2,PA,16748,18.2,7.7,17.4,7.6,98.7,0.0,1.1,0.0,0.2,7.6,76.5,2019,Shinglehouse,McKean
47447,27419,42.3,PA,16335,13.8,14.8,21.1,12.4,90.9,2.9,1.8,1.0,3.4,6.8,60.2,2019,Meadville,Crawford
36875,213,41.2,PA,16245,9.4,7.7,8.9,4.1,100.0,0.0,0.0,0.0,0.0,4.6,53.6,2019,Oak Ridge,Clarion
45913,1776,51.2,PA,16313,16.2,5.8,18.1,2.8,99.0,0.2,0.0,0.5,0.3,4.5,80.9,2019,Clarendon,McKean
52917,81,30.8,PA,16322,17.3,0.0,0.0,6.9,100.0,0.0,0.0,0.0,0.0,8.3,93.1,2019,Endeavor,Forest
46250,458,35.4,PA,16344,10.5,1.4,18.7,11.8,97.4,0.0,0.9,0.0,1.7,14.9,57.9,2019,Rouseville,Venango
42988,2121,46.0,PA,16347,23.2,11.3,34.7,5.4,97.1,1.4,1.0,0.0,0.5,8.4,78.8,2019,Sheffield,Elk
40461,1518,55.7,PA,16351,12.9,7.9,11.4,6.5,95.7,0.2,2.2,0.7,1.2,8.8,78.3,2019,Tidioute,Forest
53750,206,50.3,PA,16352,11.2,3.4,0.0,0.0,100.0,0.0,0.0,0.0,0.0,0.0,89.0,2019,Tiona,Warren
46875,234,59.3,PA,16370,9.0,9.1,21.7,1.6,100.0,0.0,0.0,0.0,0.0,0.0,81.9,2019,West Hickory,Forest
63438,1590,44.1,PA,16411,16.5,7.5,0.0,3.1,91.9,0.0,0.4,0.0,7.7,10.8,78.6,2019,East Springfield,Erie
67340,3548,46.4,PA,16426,10.9,13.5,5.5,5.0,95.1,0.7,0.7,0.0,3.5,5.6,83.0,2019,McKean,Erie
45179,865,35.3,PA,16436,27.1,8.7,0.0,5.5,99.0,0.0,0.6,0.0,0.4,9.0,75.6,2019,Spring Creek,Warren
44878,1247,45.7,PA,16443,6.5,7.6,25.0,6.9,92.8,1.3,0.0,0.0,5.9,4.2,92.1,2019,West Springfield,Erie
10874,1829,53.6,PA,16501,63.8,7.5,22.1,56.9,59.3,30.5,3.9,4.0,2.3,20.4,1.4,2019,Erie Downtown,Erie
60731,15911,48.5,PA,16505,10.2,25.8,20.8,8.8,92.2,2.5,1.0,1.2,3.1,3.1,75.4,2019,Erie Frontier/West,Erie
50500,873,43.7,PA,16661,21.6,6.2,5.8,4.5,97.5,2.2,0.0,0.3,-0.0,10.1,85.2,2019,Madera,Clearfield
50610,13198,43.3,PA,16686,11.6,14.0,13.7,5.5,96.2,0.9,0.6,0.2,2.1,5.5,70.5,2019,Tyrone,Clearfield
51599,2341,48.3,PA,16731,10.7,8.6,8.6,6.0,99.0,0.2,0.0,0.0,0.8,4.2,82.5,2019,Eldred,McKean
57500,238,55.5,PA,16732,7.6,15.8,0.0,0.0,97.9,0.0,2.1,0.0,-0.0,0.0,86.8,2019,Gifford,McKean
47060,13264,46.0,PA,16830,16.5,11.4,21.5,12.0,97.9,0.2,0.7,0.4,0.8,7.1,64.5,2019,Clearfield,Clearfield
52692,800,31.7,PA,16839,33.0,6.8,56.5,0.0,100.0,0.0,0.0,0.0,0.0,28.0,90.3,2019,Grassflat,Clearfield
49250,268,30.3,PA,16725,12.2,20.6,0.0,0.0,97.0,0.4,0.0,0.0,2.6,0.0,77.3,2019,Custer City,McKean
53414,19018,43.1,PA,15801,12.9,15.0,20.5,7.8,95.5,1.1,2.1,0.5,0.8,5.2,71.2,2019,Du Bois,Clearfield
53984,8920,42.5,PA,15825,12.6,12.3,18.7,5.4,95.5,0.5,2.0,0.0,2.0,3.5,72.4,2019,Brookville,Jefferson
33125,212,60.9,PA,15828,12.3,8.1,42.9,6.0,97.6,0.0,0.9,0.0,1.5,4.7,94.0,2019,Clarington,Jefferson
41705,4180,50.6,PA,15834,15.7,10.0,23.2,10.9,95.4,0.0,1.2,0.9,2.5,3.9,69.6,2019,Emporium,Elk
56964,852,55.7,PA,15856,5.4,9.8,5.7,1.0,98.2,0.9,0.7,0.0,0.2,5.8,90.8,2019,Rockton,Clearfield
31979,160,58.6,PA,15861,13.1,13.0,20.0,0.0,97.5,0.0,0.0,0.0,2.5,7.1,88.2,2019,Sinnamahoning,Clearfield
54583,259,42.1,PA,15866,17.0,5.6,0.0,22.8,100.0,0.0,0.0,0.0,0.0,1.0,90.2,2019,Troutville,Clearfield
53255,12567,48.0,PA,15857,7.9,15.7,11.3,7.7,98.0,0.2,0.9,0.7,0.2,3.7,76.3,2019,Saint Marys,Elk
40357,208,57.3,PA,15863,12.2,1.7,18.8,3.9,100.0,0.0,0.0,0.0,0.0,0.0,84.3,2019,Stump Creek,Jefferson
51488,1623,47.2,PA,15864,12.7,10.0,0.0,4.0,99.1,0.0,0.4,0.1,0.4,5.4,85.9,2019,Summerville,Jefferson
49464,176,52.3,PA,15721,10.8,0.0,0.0,0.0,100.0,0.0,0.0,0.0,0.0,20.0,79.5,2019,Burnside,Clearfield
47609,2233,48.1,PA,15724,8.3,5.0,2.6,6.4,98.7,0.0,0.4,0.3,0.6,9.3,82.7,2019,Cherry Tree,Clearfield
42500,1241,36.2,PA,15848,23.2,10.3,5.1,11.8,97.3,0.0,2.7,0.0,0.0,12.8,80.5,2019,Luthersburg,Clearfield
52553,6318,40.7,PA,15853,15.1,15.1,14.5,9.5,96.2,1.7,1.3,0.0,0.8,5.4,71.0,2019,Ridgway,Jefferson
51500,212,43.6,PA,15764,12.3,7.2,100.0,0.0,100.0,0.0,0.0,0.0,0.0,0.0,95.7,2019,Oliveburg,Jefferson
46875,116,38.9,PA,15781,2.6,31.1,0.0,0.0,100.0,0.0,0.0,0.0,0.0,11.5,95.8,2019,Walston,Jefferson
,165,34.6,PA,17778,9.7,1.9,9.1,4.8,98.2,0.0,1.8,0.0,-0.0,0.0,82.3,2020,Westport,Clearfield
42000,145,25.1,PA,15744,4.8,9.6,0.0,8.3,99.3,0.0,0.7,0.0,0.0,4.2,85.4,2020,Hamilton,Jefferson
50838,4962,45.2,PA,15824,11.7,8.9,9.7,7.1,97.7,0.6,0.2,0.3,1.2,2.6,78.3,2020,Brockway,Clearfield
73230,3455,49.7,PA,15846,3.3,9.3,0.0,0.0,96.9,1.0,0.0,2.1,-0.0,2.6,93.3,2020,Kersey,Clearfield
43653,14229,44.6,PA,15767,18.0,12.3,23.1,11.0,97.2,0.3,0.7,0.5,1.3,4.3,72.5,2020,Punxsutawney,Clearfield
50833,113,45.1,PA,15730,37.2,2.7,0.0,0.0,74.3,0.0,0.0,0.0,25.7,6.8,90.0,2020,Coolspring,Jefferson
15341,152,54.3,PA,15733,48.0,4.4,0.0,50.6,100.0,0.0,0.0,0.0,0.0,36.7,94.1,2020,De Lancey,Jefferson
67037,1185,44.7,PA,16235,5.5,20.2,10.4,1.1,90.4,0.0,0.0,0.7,8.9,1.7,90.9,2020,Lucinda,Clarion
55435,3572,45.0,PA,16254,10.8,15.2,9.0,3.7,95.6,1.0,0.3,0.6,2.5,4.9,82.2,2020,Shippenville,Clarion
49250,1648,44.1,PA,16258,13.0,16.3,5.2,10.5,91.3,0.3,0.0,0.0,8.4,2.0,65.3,2020,Strattanville,Jefferson
48506,2070,46.4,PA,16259,10.2,4.2,8.1,3.4,96.1,0.0,2.9,0.0,1.0,9.4,80.1,2020,Templeton,Clarion
47072,15044,45.0,PA,16301,15.2,15.5,15.5,9.5,95.4,0.7,1.4,0.1,2.4,7.4,70.0,2020,Oil City,Venango
49406,1327,48.2,PA,16317,10.6,8.3,45.2,0.7,97.0,0.0,0.0,0.0,3.0,11.6,83.1,2020,Cooperstown,Venango
44750,269,54.5,PA,16333,11.2,5.6,0.0,6.6,98.5,0.0,0.7,0.0,0.8,18.5,92.6,2020,Ludlow,McKean
63542,1260,46.3,PA,16364,10.0,12.5,0.0,5.1,99.0,0.0,0.5,0.0,0.5,1.7,81.3,2020,Venus,Clarion
44750,146,36.5,PA,16427,34.2,5.9,37.5,7.9,97.9,0.0,1.4,0.0,0.7,9.5,74.6,2020,Mill Village,Erie
69527,10069,46.0,PA,16441,6.8,15.5,16.7,4.6,96.4,0.2,1.9,0.3,1.2,2.9,85.0,2020,Waterford,Crawford
64256,3334,36.8,PA,16442,7.1,14.2,4.4,4.1,95.5,0.2,2.4,0.5,1.4,5.1,84.8,2020,Wattsburg,Erie
51443,11439,37.4,PA,16511,16.9,18.9,22.7,11.8,81.1,9.7,5.7,1.4,2.1,4.9,62.3,2020,Erie Lawrence Park,Erie
,103,73.7,PA,16855,0.0,19.4,,75.9,100.0,0.0,0.0,0.0,0.0,50.0,100.0,2020,Mineral Springs,Clearfield
60797,3538,51.9,PA,16858,9.1,7.8,1.2,2.9,99.2,0.0,0.7,0.0,0.1,6.5,83.9,2020,Morrisdale,Clearfield
43984,443,50.9,PA,16863,13.8,9.0,22.5,10.2,97.3,0.0,1.1,0.9,0.7,10.0,80.5,2020,Olanta,Clearfield
42145,3043,51.8,PA,16666,20.8,9.7,6.1,1.1,97.1,0.1,2.4,0.1,0.3,2.5,93.3,2020,Osceola Mills,Clearfield
27188,86,45.7,PA,16322,16.3,0.0,,14.9,100.0,0.0,0.0,0.0,0.0,16.3,100.0,2020,Endeavor,Forest
48571,436,35.0,PA,16344,11.0,1.8,19.8,10.3,98.6,0.0,0.9,0.0,0.5,12.7,53.4,2020,Rouseville,Venango
41679,2007,44.7,PA,16347,20.9,18.5,19.0,4.1,95.6,0.8,2.8,0.0,0.8,3.8,81.6,2020,Sheffield,Elk
40801,1521,51.5,PA,16351,13.2,7.9,8.3,9.7,92.9,0.4,3.7,0.9,2.1,5.9,76.8,2020,Tidioute,Forest
59375,189,48.5,PA,16352,11.6,3.9,0.0,0.0,100.0,0.0,0.0,0.0,0.0,0.0,88.0,2020,Tiona,Warren
42188,271,61.6,PA,16370,14.8,7.1,20.8,1.4,100.0,0.0,0.0,0.0,0.0,0.0,83.4,2020,West Hickory,Forest
75571,1390,45.6,PA,16411,13.9,8.9,0.0,3.4,92.4,0.0,1.0,0.0,6.6,8.3,81.5,2020,East Springfield,Erie
63889,3389,47.8,PA,16426,12.5,12.4,4.8,6.7,93.2,0.5,0.5,0.0,5.8,5.0,84.2,2020,McKean,Erie
39938,859,35.9,PA,16436,25.1,12.5,0.0,3.5,98.6,0.2,0.0,0.0,1.2,12.5,80.6,2020,Spring Creek,Warren
49438,1166,36.6,PA,16443,9.3,8.7,100.0,2.0,90.9,1.3,0.9,0.0,6.9,5.3,92.2,2020,West Springfield,Erie
11516,1569,56.5,PA,16501,66.7,9.7,30.7,56.7,68.3,23.3,6.1,0.3,2.0,23.3,1.2,2020,Erie Downtown,Erie
61924,15615,49.4,PA,16505,10.7,26.2,26.9,8.4,92.9,2.0,1.2,1.7,2.2,4.4,75.6,2020,Erie Frontier/West,Erie
46053,834,48.1,PA,16661,18.8,5.0,29.3,4.0,98.9,0.2,0.0,0.5,0.4,10.5,88.2,2020,Madera,Clearfield
52721,12879,40.6,PA,16686,10.2,14.9,11.6,6.1,95.8,0.7,1.3,0.1,2.1,6.3,69.3,2020,Tyrone,Clearfield
53050,2342,49.9,PA,16731,8.2,10.7,6.9,3.0,99.1,0.2,0.0,0.1,0.6,7.5,82.8,2020,Eldred,McKean
53971,189,59.9,PA,16732,2.6,16.8,0.0,0.0,100.0,0.0,0.0,0.0,0.0,0.0,89.8,2020,Gifford,McKean
54338,1123,43.1,PA,15823,7.7,6.1,0.0,4.4,98.6,0.1,0.0,0.0,1.3,1.2,84.9,2020,Brockport,Clearfield
47294,13551,43.6,PA,16830,18.2,11.2,24.0,11.8,98.2,0.1,0.9,0.4,0.4,8.8,65.6,2020,Clearfield,Clearfield
57031,601,35.5,PA,16839,25.6,12.5,64.7,0.0,100.0,0.0,0.0,0.0,0.0,15.2,91.5,2020,Grassflat,Clearfield
67656,179,32.1,PA,16725,0.0,25.2,0.0,0.0,96.6,0.0,0.0,0.0,3.4,0.0,66.1,2020,Custer City,McKean
60500,836,45.6,PA,16402,16.5,8.3,29.6,9.2,98.9,0.0,0.0,0.0,1.1,5.2,91.7,2020,Bear Lake,Warren
81563,371,52.5,PA,16750,13.5,11.4,20.8,5.3,80.3,2.7,0.0,0.0,17.0,6.2,87.3,2020,Turtlepoint,McKean
61528,64,31.6,PA,16871,0.0,35.9,0.0,0.0,100.0,0.0,0.0,0.0,0.0,0.0,94.1,2020,Pottersdale,Clearfield
36422,2341,52.3,PA,17764,23.2,6.3,18.9,15.5,93.1,0.7,2.2,0.0,4.0,10.9,66.0,2020,Renovo,Cameron
33333,231,60.1,PA,15832,15.6,5.7,0.0,6.1,97.8,0.0,0.0,0.0,2.2,28.4,81.1,2020,Driftwood,Clearfield
37813,383,33.8,PA,15841,18.5,13.8,89.7,6.5,100.0,0.0,0.0,0.0,0.0,0.0,82.8,2020,Force,Elk
38594,277,51.9,PA,15847,9.4,4.5,41.7,3.8,97.1,2.9,0.0,0.0,0.0,5.7,81.8,2020,Knox Dale,Jefferson
56118,1075,54.2,PA,15860,9.0,7.0,2.5,1.8,99.3,0.0,0.2,0.2,0.3,3.0,84.3,2020,Sigel,Jefferson
40560,1272,43.7,PA,15865,14.9,7.9,8.3,8.0,99.5,0.0,0.5,0.0,0.0,4.9,63.3,2020,Sykesville,Clearfield
43750,122,47.5,PA,16724,0.0,8.2,0.0,4.0,100.0,0.0,0.0,0.0,0.0,1.9,88.0,2020,Crosby,McKean
36429,68,62.0,PA,16730,0.0,20.6,0.0,0.0,100.0,0.0,0.0,0.0,0.0,0.0,87.5,2020,East Smethport,McKean
57153,3898,42.4,PA,16743,16.9,12.8,28.2,4.8,96.9,0.1,1.5,0.5,1.0,7.4,78.3,2020,Port Allegany,McKean
49353,4039,45.7,PA,16749,15.6,12.9,16.7,4.5,97.4,1.0,1.2,0.0,0.4,3.3,77.7,2020,Smethport,Cameron
67250,328,56.4,PA,16110,4.9,7.5,12.5,14.8,100.0,0.0,0.0,0.0,0.0,1.1,94.6,2020,Adamsville,Crawford
72054,494,33.7,PA,16840,0.0,15.0,0.0,6.8,100.0,0.0,0.0,0.0,0.0,3.3,85.3,2020,Hawk Run,Clearfield
29868,166,59.4,PA,16849,4.2,7.4,0.0,3.3,100.0,0.0,0.0,0.0,0.0,0.0,96.7,2020,Lanse,Clearfield
40417,268,34.1,PA,16876,21.6,7.4,11.5,13.3,100.0,0.0,0.0,0.0,0.0,0.0,75.2,2020,Wallaceton,Clearfield
41696,460,53.5,PA,16879,14.6,6.4,0.0,9.6,98.7,0.0,0.0,0.0,1.3,7.1,75.3,2020,Winburne,Clearfield
60619,246,26.5,PA,16825,0.0,53.6,,12.3,58.1,0.0,41.9,0.0,0.0,0.0,100.0,2020,Bigler,Clearfield
38500,408,55.6,PA,16843,27.7,5.2,22.0,3.8,98.8,1.2,0.0,0.0,0.0,0.0,82.8,2020,Hyde,Clearfield
46538,245,44.3,PA,16744,20.8,6.6,0.0,0.0,100.0,0.0,0.0,0.0,0.0,14.6,73.0,2020,Rew,McKean
46094,1422,34.2,PA,16111,16.3,3.3,19.1,26.5,98.5,0.0,0.0,0.0,1.5,0.8,86.4,2020,Atlantic,Crawford
40208,128,65.2,PA,16217,0.0,10.2,0.0,29.8,100.0,0.0,0.0,0.0,0.0,0.0,85.7,2020,Cooksburg,Jefferson
59706,483,48.6,PA,16329,2.9,4.8,0.0,2.5,95.9,0.0,0.0,0.0,4.1,3.2,85.8,2020,Irvine,Warren
58750,863,54.3,PA,16362,9.6,14.2,2.0,3.3,97.5,0.6,0.5,0.0,1.4,9.1,87.2,2020,Utica,Venango
57000,3172,44.9,PA,16373,11.1,12.1,14.4,10.1,95.8,1.5,0.9,0.7,1.1,3.9,80.8,2020,Emlenton,Clarion
52500,3286,44.6,PA,16404,20.4,7.1,14.0,6.0,91.3,0.1,0.7,0.3,7.6,8.3,81.8,2020,Centerville,Crawford
67225,8141,44.0,PA,16417,11.0,21.1,20.9,3.0,92.6,1.1,5.0,0.3,1.0,2.7,74.4,2020,Girard,Erie
30902,15818,36.4,PA,16502,32.8,14.0,29.1,22.9,68.4,11.6,10.8,1.7,7.5,8.3,37.0,2020,Erie West,Erie
34145,9512,30.2,PA,16507,26.7,12.3,31.1,23.2,64.3,16.8,6.4,3.2,9.3,7.6,33.3,2020,Erie Downtown,Erie
60561,26838,42.7,PA,16509,9.6,25.2,20.2,5.6,89.5,3.0,2.4,2.3,2.8,3.2,69.6,2020,Erie Millcreek/South,Erie
54821,629,41.5,PA,16343,10.2,27.0,0.0,0.0,95.4,2.9,0.0,1.7,-0.0,7.5,76.9,2020,Reno,Venango
44321,10819,42.8,PA,16354,20.3,8.7,15.5,10.7,96.9,1.2,1.0,0.5,0.4,6.8,69.2,2020,Titusville,Venango
,11,,PA,16361,0.0,0.0,,0.0,100.0,0.0,0.0,0.0,0.0,0.0,100.0,2020,Tylersburg,Clarion
51091,17675,48.6,PA,16365,11.4,15.0,12.2,7.3,96.4,0.8,0.8,0.4,1.6,3.8,70.6,2020,Warren,McKean
54641,10041,37.2,PA,16412,15.1,28.9,35.1,7.0,95.1,0.5,2.5,0.8,1.1,4.6,63.7,2020,Edinboro,Crawford
49750,4641,48.6,PA,16424,10.4,11.2,18.0,6.1,97.5,0.0,1.0,0.2,1.3,5.0,85.3,2020,Linesville,Crawford
63616,12313,39.9,PA,16428,9.3,15.5,12.9,5.5,91.0,1.6,4.4,0.3,2.7,5.0,72.2,2020,North East,Erie
26540,15855,30.0,PA,16503,39.7,7.2,30.4,33.6,43.8,32.3,15.1,3.5,5.3,15.2,33.0,2020,Erie East,Erie
60083,1592,46.0,PA,16639,7.6,8.6,0.0,2.3,97.7,1.2,0.2,0.0,0.9,7.0,91.6,2020,Fallentimber,Clearfield
49000,2159,47.5,PA,16646,9.4,8.2,5.0,5.2,98.9,0.0,0.4,0.0,0.7,3.9,87.2,2020,Hastings,Clearfield
49063,1238,49.5,PA,16720,4.7,7.9,9.5,6.5,98.1,0.0,0.0,0.3,1.6,2.2,87.2,2020,Austin,Cameron
47798,707,42.6,PA,16729,21.6,11.7,21.1,3.4,100.0,0.0,0.0,0.0,0.0,8.2,75.9,2020,Duke Center,McKean
46214,5952,45.9,PA,16735,12.3,13.4,9.3,6.9,95.0,0.9,1.8,0.3,2.0,7.9,73.3,2020,Kane,Elk
58036,189,52.0,PA,16645,2.6,3.5,0.0,2.4,98.9,0.0,1.1,0.0,-0.0,0.0,97.6,2020,Glen Hope,Clearfield
49107,303,50.2,PA,16680,1.3,11.4,0.0,8.0,100.0,0.0,0.0,0.0,0.0,5.1,90.6,2020,Smithmill,Clearfield
74792,196,25.5,PA,16727,13.3,26.3,0.0,0.0,100.0,0.0,0.0,0.0,0.0,14.3,29.6,2020,Derrick City,McKean
52277,1156,48.2,PA,16746,10.9,10.0,31.6,2.7,94.0,0.0,3.1,0.2,2.7,3.7,83.4,2020,Roulette,McKean
58333,984,44.4,PA,16845,8.5,6.0,16.7,1.8,87.9,4.9,1.6,0.0,5.6,7.0,92.8,2020,Karthaus,Clearfield
55862,2296,45.7,PA,16153,11.1,13.5,9.1,6.8,97.1,0.0,1.6,0.4,0.9,1.4,80.0,2020,Stoneboro,Venango
38750,123,50.1,PA,16213,17.1,2.2,17.4,12.9,100.0,0.0,0.0,0.0,0.0,4.2,62.9,2020,Callensburg,Clarion
42917,467,48.2,PA,16230,8.2,6.9,31.7,3.6,98.9,1.1,0.0,0.0,-0.0,10.6,79.1,2020,Hawthorn,Clarion
68750,46,57.8,PA,15784,2.2,16.7,33.3,0.0,97.8,0.0,2.2,0.0,0.0,0.0,87.0,2020,Worthville,Jefferson
58500,3381,43.4,PA,16668,8.4,13.1,15.9,8.0,98.2,0.0,0.8,0.0,1.0,5.4,82.1,2020,Patton,Clearfield
34750,208,65.4,PA,16733,9.1,7.9,42.1,21.1,50.0,0.0,0.0,0.0,50.0,5.0,66.7,2020,Hazel Hurst,McKean
47500,250,46.0,PA,16734,4.9,4.2,0.0,0.0,98.4,0.0,0.0,0.0,1.6,11.3,73.7,2020,James City,Elk
48285,5265,45.0,PA,16833,11.1,14.3,17.7,6.8,95.4,0.8,0.7,0.1,3.0,8.6,78.4,2020,Curwensville,Clearfield
93302,616,45.7,PA,16834,2.1,31.3,100.0,5.4,100.0,0.0,0.0,0.0,0.0,0.0,94.6,2020,Drifting,Clearfield
65202,2476,41.7,PA,16738,9.7,6.0,20.6,2.2,55.6,28.6,12.3,0.0,3.5,3.6,88.7,2020,Lewis Run,McKean
46731,642,50.9,PA,16745,2.6,7.7,0.0,3.6,98.6,0.0,0.0,0.0,1.4,4.1,98.2,2020,Rixford,McKean
42857,2824,46.3,PA,16748,14.2,7.1,14.1,6.7,98.1,0.0,1.7,0.0,0.2,8.0,75.9,2020,Shinglehouse,McKean
49555,27120,43.7,PA,16335,11.6,14.7,17.3,12.0,91.5,2.6,1.7,0.9,3.3,7.3,58.9,2020,Meadville,Crawford
45417,229,37.3,PA,16245,9.2,12.8,6.5,2.9,100.0,0.0,0.0,0.0,0.0,6.7,54.9,2020,Oak Ridge,Clarion
47115,1785,49.6,PA,16313,19.6,8.8,17.9,4.3,97.3,0.1,0.9,0.7,1.0,5.2,81.6,2020,Clarendon,McKean
48021,4199,40.9,PA,16232,11.2,11.5,11.5,9.4,97.3,0.0,1.0,0.1,1.6,4.5,75.9,2020,Knox,Clarion
49837,1573,42.1,PA,16240,11.3,8.5,17.8,7.7,99.0,0.8,0.0,0.2,-0.0,4.2,76.2,2020,Mayport,Jefferson
59212,4821,48.6,PA,16316,7.3,15.4,13.9,3.3,97.3,0.1,1.5,0.3,0.8,3.6,80.8,2020,Conneaut Lake,Crawford
52426,1244,57.0,PA,16319,3.3,10.4,0.0,1.1,99.7,0.0,0.2,0.0,0.1,1.2,94.7,2020,Cranberry,Clarion
67969,49,54.2,PA,16331,0.0,28.6,0.0,0.0,100.0,0.0,0.0,0.0,0.0,0.0,87.0,2020,Kossuth,Clarion
68571,330,51.3,PA,16334,4.8,7.5,50.0,1.9,100.0,0.0,0.0,0.0,0.0,1.7,96.2,2020,Marble,Clarion
57969,1795,47.2,PA,16340,11.8,11.5,4.5,2.6,95.7,0.0,0.6,1.7,2.0,3.4,91.0,2020,Pittsfield,Warren
80337,3436,50.3,PA,16345,4.4,14.0,10.9,1.5,95.3,0.3,1.8,0.9,1.7,2.9,92.1,2020,Russell,Warren
52304,3615,46.7,PA,16346,14.5,18.0,18.8,8.6,96.7,0.4,1.1,1.1,0.7,8.2,63.2,2020,Seneca,Venango
47617,2385,38.8,PA,16350,24.9,8.8,14.9,10.0,96.9,0.2,0.1,0.0,2.8,5.2,81.6,2020,Sugar Grove,Warren
50556,1387,43.8,PA,16360,17.7,20.1,3.3,2.4,95.0,0.1,0.3,0.0,4.6,5.3,74.5,2020,Townville,Crawford
43750,546,41.3,PA,16372,16.2,11.1,1.3,12.0,94.7,0.0,0.0,2.6,2.7,14.0,68.2,2020,Clintonville,Venango
51470,6431,43.7,PA,16401,11.9,6.8,26.7,6.6,76.8,18.4,3.4,0.2,1.2,4.6,77.1,2020,Albion,Crawford
65000,771,45.6,PA,16405,8.2,5.7,0.0,1.3,91.7,0.6,0.0,0.9,6.8,5.1,87.0,2020,Columbus,Warren
60417,158,49.0,PA,16416,3.2,0.0,0.0,0.0,87.3,0.0,0.0,0.0,12.7,9.6,86.2,2020,Garland,Warren
38333,366,37.7,PA,16422,24.9,30.3,100.0,19.4,100.0,0.0,0.0,0.0,0.0,4.2,90.3,2020,Harmonsburg,Crawford
53750,1034,52.1,PA,16836,8.0,6.1,27.5,0.7,99.6,0.1,0.0,0.0,0.3,6.0,88.9,2020,Frenchville,Clearfield
53032,7588,46.7,PA,16438,14.8,12.0,17.8,9.6,96.1,0.1,2.6,0.3,0.9,6.7,77.5,2020,Union City,Crawford
70856,24163,45.0,PA,16506,6.1,23.0,26.2,6.2,91.7,2.1,1.7,2.2,2.3,3.2,71.4,2020,Erie Millcreek/West,Erie
50747,16021,36.6,PA,16508,11.9,19.5,20.3,9.0,82.8,5.9,4.0,1.7,5.6,4.6,66.6,2020,Erie South Central,Erie
56463,25299,39.8,PA,16510,16.2,17.5,20.1,8.0,80.6,7.5,6.0,3.3,2.6,5.5,79.7,2020,Erie Harborcreek,Erie
61136,871,44.6,PA,16131,7.2,6.2,18.1,4.9,97.2,0.0,2.8,0.0,-0.0,2.9,76.1,2020,Hartstown,Crawford
64583,1134,41.5,PA,16224,7.5,9.4,0.0,7.6,97.9,0.0,1.5,0.0,0.6,2.2,75.6,2020,Fairmount City,Clarion
69688,1208,51.7,PA,16233,10.2,12.3,22.2,3.3,94.5,0.0,0.6,1.7,3.2,8.4,88.5,2020,Leeper,Jefferson
46875,175,52.8,PA,15721,14.3,0.0,0.0,0.0,100.0,0.0,0.0,0.0,0.0,23.9,80.2,2020,Burnside,Clearfield
49653,2059,51.3,PA,15724,7.8,2.5,3.9,6.5,98.0,0.0,1.0,0.4,0.6,7.8,88.1,2020,Cherry Tree,Clearfield
42813,954,46.4,PA,15848,17.8,12.8,0.0,6.7,97.1,0.0,1.5,1.5,0.0,10.5,90.6,2020,Luthersburg,Clearfield
54081,6379,44.7,PA,15853,15.3,14.2,20.7,8.6,94.9,1.3,2.4,0.0,1.4,7.4,77.4,2020,Ridgway,Jefferson
50227,143,61.2,PA,15764,21.0,15.1,100.0,0.0,95.8,0.0,0.0,0.0,4.2,0.0,95.9,2020,Oliveburg,Jefferson
48125,86,53.9,PA,15781,0.0,26.7,0.0,0.0,100.0,0.0,0.0,0.0,0.0,16.3,95.2,2020,Walston,Jefferson
50308,6478,39.8,PA,15851,12.7,9.2,18.9,8.4,97.5,0.7,0.5,0.2,1.1,7.1,76.0,2020,Reynoldsville,Clearfield
55417,1448,49.4,PA,15868,10.0,15.4,0.0,0.3,98.3,0.0,0.0,1.2,0.5,6.7,86.8,2020,Weedville,Clearfield
,0,,PA,16312,,,,,,,,,,,,2020,Chandlers Valley,Warren
42083,215,22.5,PA,16328,49.8,1.0,10.3,0.0,85.6,3.7,2.8,0.0,7.9,15.6,52.5,2020,Hydetown,Crawford
,1022,19.5,PA,16444,,0.0,,,82.3,10.8,2.5,1.2,3.2,6.0,,2020,Edinboro,Erie
,715,19.6,PA,16546,,100.0,,,85.3,1.8,5.5,5.2,2.2,9.5,,2020,Erie,Erie
,1596,19.5,PA,16563,,0.0,,,77.6,4.8,1.2,12.9,3.5,7.4,,2020,Erie Penn State Behrend,Erie
54167,301,56.2,PA,16821,0.0,5.0,,17.5,100.0,0.0,0.0,0.0,0.0,0.0,100.0,2020,Allport,Clearfield
47768,1748,35.0,PA,15772,22.5,5.0,11.5,16.0,98.6,0.0,0.0,0.0,1.4,11.7,78.1,2020,Rossiter,Jefferson
33750,56,49.5,PA,15776,3.6,11.4,0.0,0.0,100.0,0.0,0.0,0.0,0.0,14.8,93.1,2020,Sprankle Mills,Jefferson
45341,122,54.0,PA,15821,3.3,6.2,0.0,0.0,100.0,0.0,0.0,0.0,0.0,5.2,88.5,2020,Benezett,Elk
68438,317,38.4,PA,15827,0.0,19.1,0.0,7.4,100.0,0.0,0.0,0.0,0.0,7.3,93.4,2020,Byrnedale,Elk
61250,1342,39.4,PA,15829,7.9,12.2,12.0,5.8,94.9,0.1,0.3,0.0,4.7,2.8,79.2,2020,Corsica,Jefferson
51250,1283,47.3,PA,15849,11.8,6.1,13.5,3.3,98.1,0.0,0.0,1.4,0.5,3.9,83.5,2020,Penfield,Clearfield
53634,18871,43.8,PA,15801,11.1,16.7,21.7,7.6,96.1,0.9,1.7,0.6,0.7,6.4,69.5,2020,Du Bois,Clearfield
57960,9229,42.4,PA,15825,11.9,12.8,16.5,4.1,95.4,0.5,2.4,0.0,1.7,4.1,72.5,2020,Brookville,Jefferson
31667,217,61.3,PA,15828,11.1,5.3,11.8,9.0,97.2,0.0,0.5,0.0,2.3,5.0,86.1,2020,Clarington,Jefferson
40675,4107,50.3,PA,15834,18.5,8.3,20.6,10.2,94.2,0.1,0.9,0.3,4.5,10.0,65.4,2020,Emporium,Elk
51053,804,56.9,PA,15856,6.3,10.5,8.7,1.3,99.0,0.0,0.4,0.4,0.2,4.6,93.8,2020,Rockton,Clearfield
35625,135,61.4,PA,15861,14.8,14.4,12.5,0.0,95.6,0.0,0.0,0.0,4.4,4.6,89.5,2020,Sinnamahoning,Clearfield
54583,259,28.2,PA,15866,15.1,2.9,0.0,28.4,100.0,0.0,0.0,0.0,0.0,2.1,87.7,2020,Troutville,Clearfield
54970,12433,49.1,PA,15857,9.1,14.1,14.1,9.1,97.9,0.2,0.6,0.3,1.0,6.3,73.5,2020,Saint Marys,Elk
41607,184,53.4,PA,15863,7.7,0.0,25.0,0.0,100.0,0.0,0.0,0.0,0.0,0.0,95.6,2020,Stump Creek,Jefferson
48958,1489,46.7,PA,15864,12.5,8.9,5.3,3.2,99.5,0.0,0.2,0.0,0.3,5.7,81.8,2020,Summerville,Jefferson
60536,116,60.8,PA,15780,13.8,13.3,0.0,0.0,100.0,0.0,0.0,0.0,0.0,0.0,94.7,2020,Valier,Jefferson
48816,1151,48.1,PA,15870,12.7,11.5,30.9,2.6,97.8,0.0,0.0,0.4,1.8,4.2,89.9,2020,Wilcox,Elk
40515,1466,50.6,PA,15757,18.1,4.2,3.8,3.3,96.2,0.0,2.5,0.8,0.5,5.2,87.1,2020,Mahaffey,Clearfield
58750,417,38.4,PA,15711,8.6,7.1,12.5,2.3,100.0,0.0,0.0,0.0,0.0,6.8,77.0,2020,Anita,Jefferson
41250,406,46.9,PA,15715,20.9,7.8,0.0,2.5,98.3,0.0,0.0,0.0,1.7,5.8,74.2,2020,Big Run,Jefferson
47321,1034,39.1,PA,15742,8.4,6.2,3.5,9.5,98.6,0.0,0.5,0.0,0.9,7.2,83.1,2020,Glen Campbell,Clearfield
78125,283,47.0,PA,15778,5.3,5.9,66.7,6.2,90.1,0.0,9.9,0.0,0.0,2.8,95.4,2020,Timblin,Jefferson
50887,1858,49.9,PA,15840,17.5,11.0,32.0,3.0,98.0,0.2,0.5,0.4,0.9,5.9,78.1,2020,Falls Creek,Clearfield
45179,480,39.7,PA,15753,17.7,5.6,4.5,7.3,100.0,0.0,0.0,0.0,0.0,13.7,87.6,2020,La Jose,Clearfield
63056,229,52.3,PA,15770,8.7,4.8,0.0,10.2,95.2,0.0,4.8,0.0,-0.0,4.4,93.2,2020,Ringgold,Jefferson
48011,2857,45.1,PA,15845,10.5,11.1,4.4,6.6,96.0,1.5,0.9,0.0,1.6,8.0,73.3,2020,Johnsonburg,Elk
55682,2236,43.9,PA,16041,10.9,12.2,26.5,2.9,97.8,0.0,0.0,0.0,2.2,4.1,84.5,2020,Karns City,Clarion
49331,2982,45.9,PA,16049,12.8,7.8,11.8,5.1,96.2,0.6,0.5,0.0,2.7,7.9,77.4,2020,Parker,Clarion
47200,2089,46.3,PA,16130,15.2,10.4,9.6,8.8,96.6,0.0,0.7,0.1,2.6,7.0,79.9,2020,Hadley,Crawford
43188,10276,28.7,PA,16214,25.4,21.3,31.2,10.1,92.5,4.7,2.0,0.4,0.4,8.4,46.0,2020,Clarion,Clarion
49653,2923,34.8,PA,16222,16.6,13.2,25.8,18.1,99.0,0.0,0.0,0.5,0.5,6.9,85.1,2020,Dayton,Jefferson
44038,293,53.6,PA,16260,11.3,7.6,0.0,0.0,100.0,0.0,0.0,0.0,0.0,0.0,87.3,2020,Vowinckel,Clarion
56596,5240,44.3,PA,16314,7.1,11.7,10.0,3.3,96.0,0.6,0.6,0.3,2.5,3.6,84.0,2020,Cochranton,Venango
51331,1617,54.3,PA,16341,9.7,13.3,18.1,2.1,95.8,0.6,1.9,0.4,1.3,5.8,90.6,2020,Pleasantville,Venango
45270,2976,56.3,PA,16353,20.8,9.3,6.5,6.2,99.5,0.0,0.1,0.1,0.3,6.2,83.0,2020,Tionesta,Clarion
45717,10816,44.5,PA,16407,16.6,14.1,21.1,9.7,91.4,2.4,1.7,0.1,4.4,6.3,72.4,2020,Corry,Crawford
80708,2087,47.4,PA,16410,8.1,15.4,5.4,0.7,96.5,0.9,1.2,0.2,1.2,4.0,94.9,2020,Cranesville,Erie
38125,499,53.3,PA,16420,15.2,8.0,0.0,2.7,99.8,0.0,0.0,0.0,0.2,8.3,92.4,2020,Grand Valley,Venango
68784,2606,46.0,PA,16421,14.8,20.4,0.0,2.8,96.9,1.0,0.3,0.0,1.8,0.9,65.5,2020,Lake City,Erie
60032,5193,43.4,PA,16433,6.3,15.3,4.8,8.3,96.0,0.6,0.8,0.3,2.3,2.1,80.7,2020,Saegertown,Crawford
48224,3228,28.1,PA,16434,24.6,6.9,11.8,24.3,97.5,1.2,0.8,0.0,0.5,6.5,86.6,2020,Spartansburg,Crawford
48750,323,53.1,PA,16620,10.8,14.2,31.6,6.6,91.6,0.6,5.6,1.2,1.0,7.2,86.0,2020,Brisbin,Clearfield
60357,572,45.2,PA,16726,9.3,11.2,8.5,2.1,96.2,0.0,0.0,0.0,3.8,7.3,80.4,2020,Cyclone,McKean
22500,335,51.3,PA,16861,25.3,10.0,0.0,8.1,97.6,0.0,0.0,2.4,0.0,1.6,97.5,2020,New Millport,Clearfield
44000,344,56.3,PA,16054,7.6,8.6,25.0,4.0,98.8,0.0,0.0,0.0,1.2,2.0,83.9,2020,Saint Petersburg,Clarion
53056,472,45.0,PA,16671,7.1,11.5,18.6,3.8,98.1,0.0,0.4,0.0,1.5,3.7,76.9,2020,Ramey,Clearfield
52870,5818,42.3,PA,16651,11.5,5.0,9.6,7.1,70.8,19.4,5.2,0.5,4.1,6.5,80.1,2020,Houtzdale,Clearfield
45963,17072,40.9,PA,16701,20.9,13.6,24.0,13.2,94.5,0.6,2.1,0.8,2.0,6.5,69.5,2020,Bradford,McKean
44079,1036,36.6,PA,16740,15.4,8.4,6.0,9.8,92.4,0.2,0.8,0.0,6.6,2.7,69.5,2020,Mount Jewett,Elk
54821,1006,43.8,PA,16020,7.4,10.2,3.3,2.0,97.6,0.1,0.4,0.7,1.2,7.0,84.8,2020,Boyers,Venango
49583,322,54.0,PA,16036,6.5,25.7,7.9,2.9,93.5,0.0,4.3,0.0,2.2,11.4,72.3,2020,Foxburg,Clarion
59464,465,48.5,PA,16859,4.9,9.7,16.7,5.5,94.4,0.0,5.6,0.0,-0.0,4.1,87.9,2020,Moshannon,Clearfield
62431,2813,44.1,PA,16327,6.1,11.4,21.7,3.0,96.7,1.0,1.2,0.2,0.9,3.9,90.1,2020,Guys Mills,Venango
63304,2202,53.1,PA,16342,16.4,13.0,17.3,4.0,95.0,0.3,1.0,0.3,3.4,5.6,88.0,2020,Polk,Venango
45319,10362,46.6,PA,16866,13.0,11.1,22.7,15.2,82.3,5.5,9.1,1.4,1.7,5.0,68.3,2020,Philipsburg,Clearfield
53583,1658,42.5,PA,16878,12.4,11.8,37.7,6.6,98.3,0.2,0.8,0.2,0.5,6.4,84.1,2020,West Decatur,Clearfield
47125,1692,46.0,PA,16028,13.1,10.9,10.7,8.8,93.0,0.0,0.2,0.4,6.4,5.0,72.8,2020,East Brady,Clarion
49790,17056,44.8,PA,16125,12.1,14.4,8.5,8.6,96.0,1.4,1.1,0.2,1.3,6.2,69.4,2020,Greenville,Crawford
60394,15263,36.1,PA,16127,9.2,18.8,18.8,5.8,93.6,2.2,1.8,0.6,1.8,3.9,72.1,2020,Grove City,Venango
60156,1326,39.2,PA,16218,13.0,12.8,36.0,0.6,90.9,7.5,0.0,0.0,1.6,8.8,94.6,2020,Cowansville,Clarion
40833,4458,37.2,PA,16239,20.5,3.9,7.4,2.9,54.7,33.6,8.8,0.1,2.8,3.8,83.9,2020,Marienville,Elk
48963,3059,48.7,PA,16248,17.8,9.0,18.6,4.7,94.8,0.1,1.7,1.2,2.2,9.6,72.4,2020,Rimersburg,Clarion
41500,2116,19.8,PA,16256,32.7,5.7,0.0,47.3,99.6,0.0,0.2,0.0,0.2,2.3,91.2,2020,Smicksburg,Jefferson
67500,453,43.4,PA,16311,2.0,7.5,0.0,3.0,98.9,0.0,1.1,0.0,-0.0,0.4,89.5,2020,Carlton,Venango
,31,72.3,PA,16321,9.7,0.0,27.3,0.0,100.0,0.0,0.0,0.0,0.0,0.0,57.7,2020,East Hickory,Forest
49954,340,41.8,PA,16326,2.1,11.9,0.0,0.0,100.0,0.0,0.0,0.0,0.0,1.0,81.7,2020,Fryburg,Clarion
63246,308,52.5,PA,16860,4.2,0.0,,0.0,100.0,0.0,0.0,0.0,0.0,0.0,100.0,2020,Munson,Clearfield
53375,811,44.3,PA,16692,17.3,13.9,1.4,6.3,94.7,0.0,5.2,0.1,-0.0,11.6,80.7,2020,Westover,Clearfield
51135,15141,48.6,PA,16323,13.6,11.2,17.2,8.8,93.2,2.5,1.1,0.4,2.8,5.5,67.1,2020,Franklin,Venango
60263,850,47.5,PA,16440,6.9,15.8,3.0,6.1,94.0,0.7,0.7,0.2,4.4,6.0,82.3,2020,Venango,Crawford
49674,1825,48.1,PA,16838,18.9,8.8,47.7,3.7,94.2,0.2,5.2,0.1,0.3,9.1,77.1,2020,Grampian,Clearfield
38939,2446,46.4,PA,16881,22.8,5.1,0.0,1.8,92.6,0.0,6.1,0.0,1.3,12.8,85.1,2020,Woodland,Clearfield
39770,1259,46.8,PA,16656,15.9,8.2,17.3,11.2,95.9,0.0,1.6,0.0,2.5,7.4,89.2,2020,Irvona,Clearfield
43250,1776,53.0,PA,16374,14.4,11.3,6.2,5.5,97.4,0.0,0.8,0.0,1.8,2.9,84.1,2020,Kennerdell,Venango
43289,16571,36.2,PA,16504,20.7,16.7,27.8,10.3,79.4,11.9,3.0,3.2,2.5,6.7,66.8,2020,Erie South East,Erie
33750,203,25.9,PA,16837,13.8,0.0,,0.0,100.0,0.0,0.0,0.0,0.0,0.0,100.0,2020,Glen Richey,Clearfield
63409,317,50.8,PA,16847,12.0,8.3,0.0,3.8,66.6,0.0,29.0,0.0,4.4,6.9,78.3,2020,Kylertown,Clearfield
69931,3656,43.4,PA,16038,6.7,15.7,7.7,6.9,98.3,0.5,0.1,0.0,1.1,5.4,82.0,2020,Harrisville,Venango
46641,3927,46.8,PA,16134,14.4,10.3,15.6,5.7,98.1,0.2,0.6,0.1,1.0,4.6,86.7,2020,Jamestown,Crawford
49825,2953,45.8,PA,16145,12.6,15.6,15.4,3.2,92.9,0.3,0.8,0.7,5.3,6.2,82.0,2020,Sandy Lake,Venango
48902,4259,47.4,PA,16242,13.9,9.9,15.1,9.3,98.7,0.3,0.6,0.1,0.3,4.2,73.5,2020,New Bethlehem,Clarion
47381,1690,43.7,PA,16255,15.5,9.1,21.4,8.2,96.0,0.1,0.7,0.1,3.1,5.6,77.4,2020,Sligo,Clarion
183000,29,51.7,PA,16332,0.0,27.8,,0.0,100.0,0.0,0.0,0.0,0.0,0.0,100.0,2020,Lickingville,Clarion
46552,3347,45.2,PA,16371,13.1,12.9,24.5,12.7,92.3,0.5,1.1,0.1,6.0,7.0,72.8,2020,Youngsville,Warren
58203,7278,39.6,PA,16403,9.6,14.8,10.0,5.2,92.4,3.0,2.7,0.4,1.5,4.8,79.4,2020,Cambridge Springs,Crawford
55445,3294,42.0,PA,16406,12.3,11.0,21.7,6.5,97.6,0.9,0.7,0.0,0.8,8.2,81.5,2020,Conneautville,Crawford
96366,9492,41.0,PA,16415,3.3,23.1,42.5,5.5,92.8,0.7,2.7,1.4,2.4,4.9,93.4,2020,Fairview,Erie
59028,4018,42.1,PA,16423,9.2,16.1,12.9,2.8,90.6,0.6,5.5,0.0,3.3,5.3,82.3,2020,Lowville/Wattsburg,Erie
51550,1806,42.7,PA,16435,15.7,8.7,12.9,11.1,94.5,0.7,1.7,0.5,2.6,5.4,78.3,2020,Springboro,Crawford
32292,164,54.3,PA,16616,22.6,3.2,26.7,4.3,100.0,0.0,0.0,0.0,0.0,0.0,78.3,2020,Beccaria,Clearfield
45000,2118,44.6,PA,16627,15.5,8.7,5.3,5.8,93.5,0.4,0.2,0.0,5.9,11.2,89.2,2020,Coalport,Clearfield
55982,707,48.6,PA,16640,23.6,14.6,29.6,0.7,98.4,0.4,0.7,0.4,0.1,4.3,91.0,2020,Flinton,Clearfield
43750,315,40.2,PA,15711,12.7,8.2,19.4,4.4,100.0,0.0,0.0,0.0,0.0,2.9,77.2,2021,Anita,Jefferson
43750,505,44.8,PA,15715,21.0,5.6,9.3,2.7,97.0,0.0,0.8,0.0,2.2,6.2,75.5,2021,Big Run,Jefferson
51875,168,50.8,PA,15721,12.5,0.0,0.0,6.4,100.0,0.0,0.0,0.0,0.0,21.6,82.1,2021,Burnside,Clearfield
52396,2176,52.5,PA,15724,7.4,3.2,5.3,6.3,98.7,0.0,0.7,0.0,0.6,6.0,86.8,2021,Cherry Tree,Clearfield
55893,172,37.1,PA,15730,27.3,15.6,0.0,0.0,81.4,0.0,0.0,0.0,18.6,0.0,85.0,2021,Coolspring,Jefferson
14926,130,45.1,PA,15733,42.3,0.0,0.0,54.1,100.0,0.0,0.0,0.0,0.0,0.0,93.4,2021,De Lancey,Jefferson
54844,989,40.3,PA,15742,7.2,10.3,4.5,7.0,99.7,0.0,0.0,0.0,0.3,3.6,80.8,2021,Glen Campbell,Clearfield
96250,36,41.0,PA,15744,0.0,17.4,0.0,0.0,94.4,0.0,5.6,0.0,-0.0,0.0,63.6,2021,Hamilton,Jefferson
44375,458,43.2,PA,15753,17.0,5.6,14.3,3.4,99.3,0.0,0.0,0.0,0.7,12.6,84.1,2021,La Jose,Clearfield
40417,1350,51.4,PA,15757,17.4,4.5,3.7,3.9,96.2,0.0,3.4,0.0,0.4,6.0,85.6,2021,Mahaffey,Clearfield
107857,15,68.2,PA,15763,0.0,0.0,0.0,0.0,100.0,0.0,0.0,0.0,0.0,0.0,41.7,2021,Northpoint,Jefferson
34000,93,62.5,PA,15764,22.6,17.3,100.0,0.0,94.6,0.0,0.0,0.0,5.4,0.0,90.5,2021,Oliveburg,Jefferson
46563,14259,44.0,PA,15767,18.6,12.3,16.4,10.5,96.9,0.3,0.6,0.6,1.6,4.6,72.7,2021,Punxsutawney,Clearfield
56250,192,63.4,PA,15770,20.3,4.7,11.1,1.2,93.8,0.0,6.2,0.0,0.0,5.4,89.5,2021,Ringgold,Jefferson
42000,1658,38.7,PA,15772,15.4,5.8,12.9,13.7,97.7,0.0,0.0,0.0,2.3,8.0,75.5,2021,Rossiter,Jefferson
24750,46,41.8,PA,15776,4.3,18.2,0.0,0.0,100.0,0.0,0.0,0.0,0.0,0.0,92.3,2021,Sprankle Mills,Jefferson
93500,368,43.8,PA,15778,3.0,5.8,0.0,7.8,93.2,0.0,6.8,0.0,-0.0,1.6,98.4,2021,Timblin,Jefferson
62917,109,55.2,PA,15780,12.8,9.5,0.0,0.0,100.0,0.0,0.0,0.0,0.0,0.0,93.9,2021,Valier,Jefferson
45938,94,61.7,PA,15781,0.0,11.1,0.0,0.0,100.0,0.0,0.0,0.0,0.0,12.9,97.8,2021,Walston,Jefferson
70000,63,57.2,PA,15784,1.6,10.5,33.3,0.0,98.4,0.0,1.6,0.0,-0.0,0.0,90.6,2021,Worthville,Jefferson
56197,20275,45.3,PA,15801,11.2,19.3,22.7,7.8,95.6,0.9,2.3,0.7,0.5,4.4,71.5,2021,Du Bois,Clearfield
47625,91,57.3,PA,15821,2.2,9.0,0.0,0.0,96.7,0.0,0.0,0.0,3.3,9.1,87.8,2021,Benezett,Elk
56932,1246,45.4,PA,15823,8.7,9.2,5.9,4.5,98.7,0.1,0.0,0.0,1.2,4.1,87.3,2021,Brockport,Clearfield
54579,5132,45.8,PA,15824,11.8,9.4,8.1,6.0,96.6,0.7,0.3,0.0,2.4,3.7,77.5,2021,Brockway,Clearfield
58534,9652,42.6,PA,15825,12.0,12.0,15.2,4.9,95.6,0.5,2.2,0.0,1.7,5.4,74.1,2021,Brookville,Jefferson
71250,334,50.1,PA,15827,9.6,12.0,,8.3,100.0,0.0,0.0,0.0,0.0,2.6,100.0,2021,Byrnedale,Elk
34000,211,61.1,PA,15828,11.4,7.1,13.3,6.5,93.8,0.0,6.2,0.0,0.0,5.1,86.1,2021,Clarington,Jefferson
64896,1201,44.4,PA,15829,8.4,15.1,14.5,3.2,96.6,0.2,0.2,0.0,3.0,4.3,85.2,2021,Corsica,Jefferson
,49,49.3,PA,15831,0.0,0.0,,0.0,75.5,0.0,0.0,0.0,24.5,0.0,100.0,2021,Dagus Mines,Elk
35893,247,63.7,PA,15832,10.9,5.2,0.0,3.1,91.5,0.0,0.4,0.0,8.1,26.0,82.9,2021,Driftwood,Clearfield
43816,4221,50.7,PA,15834,16.2,8.3,18.1,11.1,93.7,0.1,1.4,0.1,4.7,8.4,69.7,2021,Emporium,Elk
49946,1753,48.0,PA,15840,15.9,12.8,28.2,4.6,97.0,0.9,0.0,0.6,1.5,6.6,79.9,2021,Falls Creek,Clearfield
,211,43.8,PA,15841,1.5,0.0,0.0,24.2,100.0,0.0,0.0,0.0,0.0,0.0,84.6,2021,Force,Elk
50800,2922,46.1,PA,15845,12.8,12.2,5.5,7.7,96.2,0.0,2.7,0.0,1.1,6.1,75.5,2021,Johnsonburg,Elk
71890,3309,49.0,PA,15846,3.5,11.0,0.0,0.0,96.8,1.7,0.0,1.5,0.0,4.4,87.7,2021,Kersey,Clearfield
30625,45,31.9,PA,15847,28.9,0.0,63.6,0.0,100.0,0.0,0.0,0.0,0.0,9.7,47.6,2021,Knox Dale,Jefferson
54083,835,46.4,PA,15848,5.6,13.2,0.0,7.5,97.2,0.0,1.2,1.3,0.3,9.5,91.3,2021,Luthersburg,Clearfield
47442,1259,49.5,PA,15849,12.8,5.4,24.1,3.2,98.4,0.1,0.0,1.0,0.5,2.1,84.3,2021,Penfield,Clearfield
53887,7074,40.3,PA,15851,14.0,8.0,19.8,10.2,95.9,0.7,0.6,0.3,2.5,7.1,76.8,2021,Reynoldsville,Clearfield
58314,6400,44.6,PA,15853,11.0,13.9,15.3,9.6,96.5,1.4,0.7,0.0,1.4,5.7,75.5,2021,Ridgway,Jefferson
53203,842,55.0,PA,15856,8.3,11.1,8.1,3.6,98.1,0.0,1.0,0.2,0.7,0.8,90.4,2021,Rockton,Clearfield
58472,13029,49.3,PA,15857,8.6,14.0,16.3,8.6,96.0,0.4,1.1,0.3,2.2,7.8,77.5,2021,Saint Marys,Elk
59420,1155,53.5,PA,15860,8.8,6.7,1.3,4.7,99.2,0.0,0.2,0.2,0.4,4.2,85.2,2021,Sigel,Jefferson
43750,111,62.1,PA,15861,16.2,14.7,0.0,3.3,94.6,0.0,0.0,0.0,5.4,4.2,90.0,2021,Sinnamahoning,Clearfield
29821,134,53.8,PA,15863,17.6,0.0,100.0,0.0,97.8,0.0,2.2,0.0,0.0,0.0,97.1,2021,Stump Creek,Jefferson
56071,1795,44.1,PA,15864,10.6,11.9,3.9,3.4,98.7,0.0,1.2,0.0,0.1,5.2,78.3,2021,Summerville,Jefferson
38750,1066,44.8,PA,15865,19.0,9.8,7.8,6.6,99.2,0.0,0.8,0.0,-0.0,5.8,61.7,2021,Sykesville,Clearfield
66250,218,29.0,PA,15866,4.6,4.2,0.0,24.1,94.0,0.0,0.0,0.0,6.0,2.3,87.9,2021,Troutville,Clearfield
54331,1838,46.7,PA,15868,14.2,14.8,18.6,1.1,96.6,0.0,0.0,0.0,3.4,6.8,86.6,2021,Weedville,Clearfield
48287,1249,46.6,PA,15870,13.6,10.5,0.0,1.9,95.4,0.0,0.0,0.7,3.9,3.5,92.2,2021,Wilcox,Elk
71161,1201,44.1,PA,16020,8.2,12.6,0.0,1.6,98.3,0.3,0.3,0.3,0.8,6.6,87.6,2021,Boyers,Venango
49410,2040,46.5,PA,16028,10.8,12.2,10.0,8.5,92.2,0.2,1.4,0.4,5.8,4.0,71.1,2021,East Brady,Clarion
50536,316,50.8,PA,16036,8.5,23.7,9.8,3.9,95.9,0.0,2.2,0.0,1.9,14.2,68.0,2021,Foxburg,Clarion
69063,3404,45.4,PA,16038,7.2,12.3,6.3,6.6,97.8,0.4,0.2,0.0,1.6,5.6,81.5,2021,Harrisville,Venango
59550,2060,47.0,PA,16041,11.4,12.3,25.7,4.5,98.0,0.0,0.0,0.0,2.0,3.6,85.6,2021,Karns City,Clarion
55568,3092,45.5,PA,16049,10.9,7.9,12.9,4.4,96.5,0.6,0.5,0.0,2.4,7.0,78.3,2021,Parker,Clarion
52500,344,56.0,PA,16054,7.0,9.6,23.3,4.1,98.8,0.0,0.0,0.0,1.2,6.8,82.4,2021,Saint Petersburg,Clarion
73938,456,45.8,PA,16110,3.9,9.4,0.0,12.6,100.0,0.0,0.0,0.0,0.0,0.0,94.6,2021,Adamsville,Crawford
50556,1206,34.4,PA,16111,15.8,3.2,13.7,23.3,95.6,0.5,0.0,0.2,3.7,5.1,87.4,2021,Atlantic,Crawford
52646,17627,44.6,PA,16125,10.8,15.0,12.9,8.5,94.2,1.0,1.3,0.5,3.0,6.8,69.0,2021,Greenville,Crawford
65538,15466,35.9,PA,16127,9.3,18.4,15.5,5.8,92.5,2.3,2.0,0.5,2.7,3.9,72.1,2021,Grove City,Venango
51607,2110,45.1,PA,16130,14.3,10.8,13.7,8.5,96.7,0.0,0.8,0.1,2.4,5.5,82.5,2021,Hadley,Crawford
53393,909,47.3,PA,16131,10.6,5.4,24.7,7.4,97.7,0.0,1.7,0.0,0.6,4.5,77.5,2021,Hartstown,Crawford
49714,3804,51.0,PA,16134,11.5,8.4,13.0,5.4,97.8,0.1,1.0,0.2,0.9,5.3,85.4,2021,Jamestown,Crawford
56250,2616,46.5,PA,16145,9.5,17.8,8.6,2.1,93.8,0.1,1.8,0.0,4.3,4.5,84.0,2021,Sandy Lake,Venango
58071,2228,43.3,PA,16153,14.2,14.7,12.6,5.3,95.8,0.0,1.2,0.5,2.5,1.8,79.4,2021,Stoneboro,Venango
43125,125,44.8,PA,16213,16.0,2.2,0.0,16.1,99.2,0.0,0.0,0.0,0.8,2.1,73.2,2021,Callensburg,Clarion
47321,8744,28.5,PA,16214,24.5,23.0,31.8,9.2,90.4,4.8,2.7,1.1,1.0,10.4,49.4,2021,Clarion,Clarion
45125,99,64.8,PA,16217,0.0,22.2,0.0,15.1,100.0,0.0,0.0,0.0,0.0,0.0,83.0,2021,Cooksburg,Jefferson
66250,1241,39.1,PA,16218,9.8,13.9,39.3,1.2,90.2,7.6,0.0,0.0,2.2,9.7,93.3,2021,Cowansville,Clarion
,99,50.0,PA,16220,15.2,4.0,,34.9,100.0,0.0,0.0,0.0,0.0,0.0,100.0,2021,Crown,Clarion
51994,2866,37.8,PA,16222,9.5,12.4,25.9,15.0,98.7,0.0,0.0,0.7,0.6,8.0,86.8,2021,Dayton,Jefferson
62961,969,50.8,PA,16224,9.2,8.4,0.0,5.7,98.0,0.0,0.8,0.0,1.2,3.1,84.9,2021,Fairmount City,Clarion
42083,526,40.7,PA,16230,7.8,9.6,22.7,3.1,98.9,1.0,0.2,0.0,0.0,11.0,77.0,2021,Hawthorn,Clarion
48558,4316,42.1,PA,16232,14.8,12.8,16.4,9.1,97.5,0.0,0.5,0.0,2.0,5.7,72.8,2021,Knox,Clarion
78684,1087,48.8,PA,16233,11.8,12.1,13.8,2.1,98.9,0.0,0.7,0.0,0.4,5.9,85.1,2021,Leeper,Jefferson
70250,1253,43.5,PA,16235,4.9,18.3,9.6,1.0,91.4,0.0,0.7,0.4,7.5,2.0,90.0,2021,Lucinda,Clarion
42411,4321,37.4,PA,16239,15.7,7.1,0.0,3.7,56.7,29.2,6.5,2.3,5.3,4.6,83.3,2021,Marienville,Elk
56250,1655,41.4,PA,16240,12.8,8.4,19.4,8.2,99.2,0.7,0.0,0.2,0.0,3.7,78.4,2021,Mayport,Jefferson
52500,4401,44.8,PA,16242,13.6,10.1,15.4,9.1,97.9,0.3,0.4,0.6,0.8,4.8,73.3,2021,New Bethlehem,Clarion
43929,305,45.6,PA,16245,7.9,14.2,9.5,10.5,95.4,0.0,3.3,1.3,-0.0,11.7,66.1,2021,Oak Ridge,Clarion
52368,3127,49.5,PA,16248,16.5,8.5,20.4,4.9,94.0,1.0,1.5,1.0,2.5,7.1,75.4,2021,Rimersburg,Clarion
52917,3642,43.4,PA,16254,10.9,15.5,7.6,4.7,95.9,1.4,0.3,0.3,2.1,5.1,81.5,2021,Shippenville,Clarion
53125,1821,47.1,PA,16255,13.8,10.5,27.2,9.8,95.9,0.1,0.1,0.1,3.8,4.1,76.7,2021,Sligo,Clarion
52902,2136,18.8,PA,16256,24.4,7.1,0.0,46.2,99.3,0.0,0.4,0.0,0.3,3.3,92.7,2021,Smicksburg,Jefferson
47891,1652,44.7,PA,16258,12.2,10.8,12.3,8.3,94.1,0.2,0.0,0.0,5.7,1.7,62.5,2021,Strattanville,Jefferson
49667,2089,46.9,PA,16259,11.3,4.0,8.6,3.7,97.4,0.0,1.8,0.0,0.8,8.1,82.5,2021,Templeton,Clarion
45547,312,57.5,PA,16260,10.9,8.3,0.0,0.0,100.0,0.0,0.0,0.0,0.0,0.0,91.5,2021,Vowinckel,Clarion
51680,15063,44.8,PA,16301,14.6,14.7,14.3,9.8,93.7,1.1,1.4,0.1,3.7,8.5,70.3,2021,Oil City,Venango
63750,400,52.4,PA,16311,4.8,7.4,0.0,6.8,98.2,0.0,1.2,0.0,0.6,0.5,92.6,2021,Carlton,Venango
,0,,PA,16312,,,,,,,,,,,,2021,Chandlers Valley,Warren
50132,1876,51.5,PA,16313,18.0,7.5,8.7,4.2,97.3,0.0,0.6,0.5,1.6,6.0,80.9,2021,Clarendon,McKean
59796,5354,43.6,PA,16314,6.5,11.5,3.5,3.4,95.8,0.3,0.7,0.5,2.7,5.3,85.0,2021,Cochranton,Venango
61384,4685,51.0,PA,16316,8.3,14.0,17.9,3.2,96.4,0.0,1.9,0.3,1.4,4.9,85.2,2021,Conneaut Lake,Crawford
50542,1334,48.5,PA,16317,11.2,7.6,42.1,1.9,97.3,0.0,1.0,0.0,1.7,12.4,81.1,2021,Cooperstown,Venango
60000,1248,56.0,PA,16319,5.3,10.1,0.0,1.3,95.7,0.0,4.2,0.0,0.1,0.6,94.7,2021,Cranberry,Clarion
,16,62.5,PA,16321,0.0,0.0,0.0,0.0,100.0,0.0,0.0,0.0,0.0,0.0,53.3,2021,East Hickory,Forest
28438,102,50.6,PA,16322,39.2,0.0,,8.9,100.0,0.0,0.0,0.0,0.0,15.6,100.0,2021,Endeavor,Forest
56375,15088,47.7,PA,16323,11.4,12.3,17.3,6.6,93.7,2.3,0.8,0.5,2.7,6.2,70.0,2021,Franklin,Venango
76875,225,57.1,PA,16326,2.2,14.0,0.0,0.0,100.0,0.0,0.0,0.0,0.0,1.4,79.4,2021,Fryburg,Clarion
62266,2605,42.6,PA,16327,6.3,13.3,19.7,2.7,95.6,1.2,1.3,0.3,1.6,3.4,88.0,2021,Guys Mills,Venango
51875,235,49.8,PA,16328,17.0,7.0,7.1,2.2,98.7,0.0,0.0,0.0,1.3,19.3,69.9,2021,Hydetown,Crawford
65179,433,49.7,PA,16329,2.1,2.9,0.0,8.7,98.6,0.0,0.0,0.0,1.4,2.5,90.2,2021,Irvine,Warren
94167,96,53.2,PA,16331,0.0,28.4,0.0,0.0,100.0,0.0,0.0,0.0,0.0,0.0,87.5,2021,Kossuth,Clarion
,44,51.8,PA,16332,9.1,11.4,100.0,23.5,100.0,0.0,0.0,0.0,0.0,0.0,76.5,2021,Lickingville,Clarion
41500,245,57.9,PA,16333,7.8,4.3,0.0,6.4,98.0,0.0,0.8,0.0,1.2,23.3,92.7,2021,Ludlow,McKean
58393,412,48.6,PA,16334,10.2,12.2,7.3,1.5,100.0,0.0,0.0,0.0,0.0,0.0,79.4,2021,Marble,Clarion
53672,27493,43.3,PA,16335,13.4,14.9,18.8,12.9,91.4,2.8,1.6,1.0,3.2,6.4,61.0,2021,Meadville,Crawford
59135,1777,45.2,PA,16340,10.2,11.7,4.1,2.8,93.9,0.0,1.4,1.7,3.0,3.9,89.4,2021,Pittsfield,Warren
54301,1727,53.3,PA,16341,11.6,14.1,17.6,2.4,94.6,0.0,3.3,1.3,0.8,6.3,91.0,2021,Pleasantville,Venango
64839,2403,53.2,PA,16342,19.1,11.3,25.0,4.0,95.4,0.2,0.5,0.7,3.2,4.6,88.8,2021,Polk,Venango
73843,601,41.3,PA,16343,19.6,26.4,0.0,0.0,97.5,2.5,0.0,0.0,0.0,6.1,93.1,2021,Reno,Venango
48646,468,32.2,PA,16344,22.0,3.3,16.0,4.5,99.1,0.0,0.9,0.0,0.0,13.3,47.5,2021,Rouseville,Venango
84707,3642,49.3,PA,16345,5.8,16.2,9.1,2.9,95.7,0.3,1.4,0.6,2.0,5.0,92.5,2021,Russell,Warren
58158,3335,46.3,PA,16346,12.9,17.4,20.6,8.7,94.9,0.3,1.5,1.2,2.1,8.9,66.2,2021,Seneca,Venango
51950,1640,50.3,PA,16347,7.7,10.8,23.3,3.9,95.7,0.7,3.2,0.0,0.4,5.5,81.4,2021,Sheffield,Elk
49471,2476,38.6,PA,16350,24.6,7.6,16.3,7.3,96.8,0.2,0.1,0.0,2.9,4.8,84.5,2021,Sugar Grove,Warren
42532,1727,54.8,PA,16351,16.5,8.4,6.0,8.0,91.7,0.5,4.6,0.6,2.6,6.9,77.4,2021,Tidioute,Forest
41250,205,53.1,PA,16352,12.2,6.3,0.0,0.0,100.0,0.0,0.0,0.0,0.0,0.0,85.1,2021,Tiona,Warren
49698,2695,56.8,PA,16353,13.6,9.0,5.4,5.2,99.5,0.0,0.0,0.2,0.3,7.5,84.0,2021,Tionesta,Clarion
42120,10572,44.1,PA,16354,20.4,9.7,16.4,11.5,96.4,1.1,0.9,0.8,0.8,7.0,68.4,2021,Titusville,Venango
58875,1333,43.3,PA,16360,19.0,17.3,12.3,3.0,96.9,1.5,0.4,0.0,1.2,6.4,78.3,2021,Townville,Crawford
69688,21,63.8,PA,16361,0.0,0.0,100.0,0.0,100.0,0.0,0.0,0.0,0.0,0.0,70.6,2021,Tylersburg,Clarion
58750,947,53.4,PA,16362,11.1,16.1,2.2,4.3,98.3,0.6,1.0,0.0,0.1,4.2,88.4,2021,Utica,Venango
70550,1303,48.9,PA,16364,9.4,10.4,0.0,6.0,99.5,0.0,0.0,0.0,0.5,1.3,84.2,2021,Venus,Clarion
54740,17423,47.2,PA,16365,11.3,14.9,13.4,7.0,95.7,0.9,0.9,0.4,2.1,4.9,70.1,2021,Warren,McKean
48000,230,51.5,PA,16370,20.4,11.7,0.0,2.3,100.0,0.0,0.0,0.0,0.0,0.0,90.9,2021,West Hickory,Forest
50243,3182,44.5,PA,16371,12.3,13.0,19.2,10.6,91.7,0.6,1.4,0.1,6.2,6.2,74.6,2021,Youngsville,Warren
52596,565,41.7,PA,16372,14.2,7.4,0.0,8.9,89.7,0.0,0.0,3.4,6.9,15.5,69.4,2021,Clintonville,Venango
61964,3069,44.1,PA,16373,13.2,12.3,20.9,9.7,95.0,1.6,1.0,1.0,1.4,3.4,83.2,2021,Emlenton,Clarion
45938,1592,56.5,PA,16374,11.8,9.7,8.4,8.3,97.3,0.0,0.8,0.0,1.9,1.8,87.0,2021,Kennerdell,Venango
62026,4108,47.0,PA,16401,9.4,12.9,23.9,6.6,95.5,0.9,1.7,0.4,1.5,4.9,79.8,2021,Albion,Crawford
63571,717,51.4,PA,16402,8.6,7.5,24.0,10.5,97.4,0.0,0.0,0.0,2.6,7.3,90.9,2021,Bear Lake,Warren
61515,6877,39.9,PA,16403,10.2,15.3,12.6,6.6,92.0,3.1,2.8,0.6,1.5,6.2,81.1,2021,Cambridge Springs,Crawford
53534,3256,44.3,PA,16404,17.9,8.4,17.4,6.7,93.0,0.6,0.9,0.3,5.2,9.4,82.0,2021,Centerville,Crawford
65114,552,50.1,PA,16405,9.4,5.6,0.0,0.0,91.5,0.5,0.0,0.0,8.0,6.9,90.7,2021,Columbus,Warren
57976,3408,41.9,PA,16406,13.6,11.0,26.3,6.8,97.6,0.9,0.6,0.0,0.9,7.9,81.9,2021,Conneautville,Crawford
48386,10915,42.8,PA,16407,19.3,14.3,25.9,13.0,90.7,2.0,2.5,0.4,4.4,7.7,72.7,2021,Corry,Crawford
86300,1952,47.7,PA,16410,7.3,17.4,10.3,1.1,95.5,1.6,1.7,0.3,0.9,2.8,94.1,2021,Cranesville,Erie
67281,1406,43.6,PA,16411,6.5,8.8,0.0,4.0,96.2,0.0,1.9,0.0,1.9,11.8,84.3,2021,East Springfield,Erie
60882,9635,39.1,PA,16412,16.5,30.8,36.5,5.7,95.0,0.8,2.2,0.5,1.5,5.1,68.5,2021,Edinboro,Crawford
93207,9784,39.8,PA,16415,5.2,24.0,50.2,5.1,91.2,0.6,3.0,1.4,3.8,4.8,91.5,2021,Fairview,Erie
62917,149,61.1,PA,16416,2.0,0.0,,0.0,88.6,0.0,0.0,0.0,11.4,0.0,100.0,2021,Garland,Warren
71888,8694,45.0,PA,16417,11.6,20.2,18.9,4.2,93.5,0.0,4.6,0.5,1.4,3.5,71.6,2021,Girard,Erie
45000,457,54.3,PA,16420,9.0,8.0,0.0,2.0,99.8,0.0,0.0,0.0,0.2,5.8,91.9,2021,Grand Valley,Venango
70645,2422,48.3,PA,16421,14.6,18.2,0.0,2.6,97.3,0.2,0.2,0.0,2.3,2.1,61.0,2021,Lake City,Erie
72788,281,44.3,PA,16422,3.6,40.2,,0.0,100.0,0.0,0.0,0.0,0.0,9.5,100.0,2021,Harmonsburg,Crawford
62955,3851,39.1,PA,16423,9.3,14.7,15.1,5.9,88.8,0.6,5.7,0.2,4.7,4.3,85.1,2021,Lowville/Wattsburg,Erie
51399,4544,48.4,PA,16424,12.8,10.8,23.5,6.8,96.7,0.0,2.0,0.0,1.3,5.5,84.5,2021,Linesville,Crawford
71917,3476,50.9,PA,16426,12.5,12.8,5.0,4.6,95.3,0.4,0.0,0.0,4.3,6.3,82.5,2021,McKean,Erie
47875,178,45.5,PA,16427,19.1,6.1,17.4,2.6,92.1,1.1,0.6,1.7,4.5,7.1,70.1,2021,Mill Village,Erie
66250,12614,40.9,PA,16428,9.4,14.2,14.5,6.6,90.6,1.4,4.4,0.4,3.2,6.0,73.8,2021,North East,Erie
95875,178,55.7,PA,16430,7.9,15.9,0.0,0.0,97.8,0.0,0.0,0.0,2.2,0.0,81.7,2021,Platea,Erie
63058,5039,44.6,PA,16433,6.7,15.3,2.7,6.9,95.4,0.6,1.3,0.5,2.2,3.3,83.9,2021,Saegertown,Crawford
51071,3232,26.9,PA,16434,26.0,7.0,12.5,25.4,97.9,1.1,0.3,0.1,0.6,7.6,85.7,2021,Spartansburg,Crawford
55000,1689,45.1,PA,16435,13.1,9.9,8.5,9.1,94.9,0.8,2.0,0.8,1.5,7.0,80.4,2021,Springboro,Crawford
45000,801,44.1,PA,16436,17.5,13.5,0.0,2.9,96.4,0.2,1.5,0.0,1.9,12.8,83.3,2021,Spring Creek,Warren
54641,7246,47.2,PA,16438,12.2,11.6,15.2,10.5,94.4,0.0,3.3,0.5,1.8,8.3,75.7,2021,Union City,Crawford
65729,811,46.8,PA,16440,6.8,17.7,3.8,5.9,90.5,1.0,1.0,0.2,7.3,6.6,84.4,2021,Venango,Crawford
71412,9407,46.9,PA,16441,7.2,12.7,24.0,4.6,95.6,0.2,2.8,0.2,1.2,4.8,85.2,2021,Waterford,Crawford
67050,3231,36.9,PA,16442,5.8,12.3,4.7,3.4,97.2,0.4,0.4,0.3,1.7,6.9,84.6,2021,Wattsburg,Erie
54034,1033,40.9,PA,16443,14.2,3.2,100.0,3.0,94.4,1.3,1.0,0.0,3.3,6.1,92.0,2021,West Springfield,Erie
,917,19.7,PA,16444,,,,,87.0,6.8,2.7,1.6,1.9,5.3,,2021,Edinboro,Erie
,2496,39.7,PA,16475,,1.9,,,48.2,46.6,4.5,0.0,0.7,,,2021,Albion,Erie
13395,1553,53.9,PA,16501,64.0,14.9,24.2,67.3,71.4,17.6,7.6,0.3,3.1,20.7,2.1,2021,Erie Downtown,Erie
33245,15548,35.3,PA,16502,31.8,13.1,30.5,22.3,66.8,9.0,13.2,2.4,8.6,9.3,35.9,2021,Erie West,Erie
27060,15876,30.4,PA,16503,37.2,7.0,31.7,30.9,45.4,33.5,13.8,2.7,4.6,12.6,36.7,2021,Erie East,Erie
43758,15922,37.0,PA,16504,23.1,17.1,26.7,10.8,77.2,12.7,2.6,2.6,4.9,7.8,67.4,2021,Erie South East,Erie
65767,16081,49.0,PA,16505,10.2,25.8,29.6,7.4,92.9,1.5,1.4,1.6,2.6,6.1,75.5,2021,Erie Frontier/West,Erie
77137,24635,44.7,PA,16506,6.4,23.0,29.1,7.0,91.8,1.3,1.6,3.1,2.2,2.6,72.3,2021,Erie Millcreek/West,Erie
33401,9111,30.8,PA,16507,28.1,15.0,32.3,19.1,64.0,18.1,6.1,2.2,9.6,5.2,31.5,2021,Erie Downtown,Erie
50625,15438,37.5,PA,16508,12.8,19.9,24.0,9.0,83.0,6.6,2.6,1.5,6.3,5.3,64.8,2021,Erie South Central,Erie
64151,27969,42.0,PA,16509,12.1,24.2,16.6,6.1,87.4,3.2,3.8,1.7,3.9,3.4,68.7,2021,Erie Millcreek/South,Erie
59060,25483,39.8,PA,16510,16.0,16.6,18.4,7.1,78.0,7.7,6.8,3.8,3.7,7.8,80.1,2021,Erie Harborcreek,Erie
57177,11555,37.1,PA,16511,15.0,19.8,19.0,12.0,81.8,9.0,4.8,2.1,2.3,2.6,65.6,2021,Erie Lawrence Park,Erie
,996,19.5,PA,16546,,,,,87.0,2.3,3.4,5.5,1.8,2.3,,2021,Erie,Erie
,0,,PA,16550,,,,,,,,,,,,2021,Erie,Erie
,1556,19.5,PA,16563,,0.0,,,78.5,5.3,0.5,12.9,2.8,7.0,,2021,Erie Penn State Behrend,Erie
29375,154,56.3,PA,16616,29.2,2.5,36.8,8.7,100.0,0.0,0.0,0.0,0.0,10.4,72.5,2021,Beccaria,Clearfield
48875,338,51.5,PA,16620,18.0,15.5,27.6,6.1,90.2,1.5,5.6,0.3,2.4,11.2,77.9,2021,Brisbin,Clearfield
46971,2254,44.3,PA,16627,17.5,9.2,11.1,4.8,88.6,0.5,0.6,0.0,10.3,10.7,88.4,2021,Coalport,Clearfield
65339,1429,48.0,PA,16639,9.2,8.9,0.0,1.2,97.5,0.0,0.5,0.0,2.0,6.9,94.5,2021,Fallentimber,Clearfield
55781,885,47.3,PA,16640,22.0,13.1,25.0,3.7,98.5,0.2,0.2,0.2,0.9,3.3,94.4,2021,Flinton,Clearfield
60417,190,52.0,PA,16645,1.6,2.8,0.0,4.8,99.5,0.0,0.5,0.0,0.0,0.0,98.8,2021,Glen Hope,Clearfield
54397,2175,47.4,PA,16646,6.5,9.4,16.5,5.0,99.3,0.0,0.3,0.0,0.4,3.6,87.3,2021,Hastings,Clearfield
60230,6034,42.8,PA,16651,10.8,5.9,4.4,7.2,70.4,18.5,6.2,0.4,4.5,6.4,80.5,2021,Houtzdale,Clearfield
42188,1202,48.7,PA,16656,17.5,9.9,22.4,11.1,94.8,0.0,2.1,0.0,3.1,8.2,87.6,2021,Irvona,Clearfield
45729,929,46.3,PA,16661,18.7,7.2,54.1,2.1,97.1,0.4,0.0,2.3,0.2,14.4,90.2,2021,Madera,Clearfield
42486,2945,53.0,PA,16666,23.1,8.0,6.6,0.8,96.6,0.1,2.6,0.1,0.6,7.4,91.9,2021,Osceola Mills,Clearfield
61092,3502,44.2,PA,16668,7.5,13.4,11.7,9.2,96.9,0.1,0.9,0.0,2.1,4.6,81.2,2021,Patton,Clearfield
60000,424,45.4,PA,16671,4.5,14.0,25.0,5.3,97.9,0.0,0.5,0.0,1.6,3.0,78.8,2021,Ramey,Clearfield
61667,323,43.3,PA,16680,6.5,10.9,0.0,4.6,90.1,6.8,0.0,0.0,3.1,3.6,87.7,2021,Smithmill,Clearfield
58041,13746,40.5,PA,16686,10.0,14.7,12.2,7.3,94.5,0.7,2.3,0.3,2.2,5.7,71.7,2021,Tyrone,Clearfield
64318,897,37.2,PA,16692,13.0,14.4,0.0,10.1,94.3,0.1,4.5,0.2,0.9,10.3,81.8,2021,Westover,Clearfield
51725,16928,42.0,PA,16701,18.0,14.8,25.0,12.3,93.8,0.7,2.1,0.7,2.7,6.0,72.6,2021,Bradford,McKean
46813,1235,49.7,PA,16720,10.5,8.1,19.1,8.0,98.2,0.0,0.0,0.0,1.8,5.1,85.7,2021,Austin,Cameron
41875,98,46.1,PA,16724,3.1,10.0,0.0,4.9,96.9,0.0,0.0,0.0,3.1,7.3,90.2,2021,Crosby,McKean
,64,34.2,PA,16725,0.0,51.5,0.0,0.0,100.0,0.0,0.0,0.0,0.0,0.0,40.0,2021,Custer City,McKean
52813,537,48.8,PA,16726,11.0,7.3,7.5,2.2,98.7,0.0,0.0,0.0,1.3,2.5,76.2,2021,Cyclone,McKean
79414,209,25.4,PA,16727,0.0,28.8,0.0,5.5,100.0,0.0,0.0,0.0,0.0,0.0,41.8,2021,Derrick City,McKean
51080,733,42.3,PA,16729,21.0,12.6,26.8,2.4,100.0,0.0,0.0,0.0,0.0,11.6,80.6,2021,Duke Center,McKean
42045,102,61.3,PA,16730,0.0,0.0,0.0,0.0,100.0,0.0,0.0,0.0,0.0,0.0,88.5,2021,East Smethport,McKean
54813,2400,49.8,PA,16731,9.5,10.4,6.8,3.4,98.7,0.3,0.0,0.2,0.8,10.2,79.2,2021,Eldred,McKean
57750,129,60.6,PA,16732,0.0,11.9,0.0,0.0,100.0,0.0,0.0,0.0,0.0,0.0,85.7,2021,Gifford,McKean
34375,181,65.3,PA,16733,10.5,9.6,46.7,21.3,48.1,0.0,0.0,0.0,51.9,8.1,68.1,2021,Hazel Hurst,McKean
50417,208,50.1,PA,16734,1.5,1.8,0.0,1.9,97.6,0.0,0.0,0.0,2.4,7.1,77.7,2021,James City,Elk
47383,6158,44.7,PA,16735,11.0,13.4,4.3,5.6,95.0,0.8,1.9,0.5,1.8,5.3,75.0,2021,Kane,Elk
66563,2321,39.9,PA,16738,10.3,7.3,27.8,1.6,53.7,30.1,13.4,0.0,2.8,3.9,89.2,2021,Lewis Run,McKean
45441,962,39.6,PA,16740,12.2,8.2,5.5,8.1,94.6,0.0,0.0,0.0,5.4,3.0,80.4,2021,Mount Jewett,Elk
54451,3848,42.0,PA,16743,16.7,12.2,25.4,4.7,96.0,0.1,1.8,0.4,1.7,8.1,74.8,2021,Port Allegany,McKean
,224,44.2,PA,16744,19.6,7.9,0.0,0.0,100.0,0.0,0.0,0.0,0.0,14.1,79.5,2021,Rew,McKean
46607,663,50.5,PA,16745,2.0,10.0,0.0,3.6,99.2,0.0,0.0,0.8,-0.0,2.2,97.9,2021,Rixford,McKean
53992,1036,47.7,PA,16746,12.4,11.3,33.3,1.8,95.1,0.1,0.4,0.2,4.2,4.2,89.7,2021,Roulette,McKean
48049,2789,46.3,PA,16748,15.1,8.4,0.8,7.3,99.1,0.1,0.6,0.0,0.2,7.0,75.9,2021,Shinglehouse,McKean
53611,3902,45.1,PA,16749,16.6,12.8,14.6,4.8,96.8,0.5,1.7,0.1,0.9,4.6,78.1,2021,Smethport,Cameron
90833,605,46.2,PA,16750,8.8,8.4,14.3,2.6,81.3,3.0,0.0,0.0,15.7,3.7,94.9,2021,Turtlepoint,McKean
57368,228,56.1,PA,16821,0.0,5.5,,20.7,100.0,0.0,0.0,0.0,0.0,0.0,100.0,2021,Allport,Clearfield
62721,225,26.3,PA,16825,0.0,41.7,0.0,11.3,69.8,0.0,30.2,0.0,0.0,0.0,88.7,2021,Bigler,Clearfield
49623,13571,41.3,PA,16830,18.2,13.9,23.6,11.9,97.6,0.2,1.4,0.5,0.3,7.3,66.4,2021,Clearfield,Clearfield
50778,5261,44.0,PA,16833,11.1,15.4,20.4,6.4,95.0,0.4,0.9,0.2,3.5,8.5,80.5,2021,Curwensville,Clearfield
98644,609,45.1,PA,16834,2.1,34.3,81.2,5.5,100.0,0.0,0.0,0.0,0.0,0.0,93.2,2021,Drifting,Clearfield
52917,1085,51.3,PA,16836,8.6,6.4,20.0,0.6,99.4,0.2,0.0,0.0,0.4,5.9,88.3,2021,Frenchville,Clearfield
,101,27.5,PA,16837,32.7,0.0,,0.0,100.0,0.0,0.0,0.0,0.0,0.0,100.0,2021,Glen Richey,Clearfield
52917,1877,48.4,PA,16838,23.6,9.4,43.7,2.3,92.4,0.0,6.6,0.1,0.9,7.5,76.8,2021,Grampian,Clearfield
55893,505,31.6,PA,16839,39.2,9.7,81.8,0.0,100.0,0.0,0.0,0.0,0.0,18.3,85.6,2021,Grassflat,Clearfield
74732,387,34.1,PA,16840,0.0,9.6,0.0,11.6,100.0,0.0,0.0,0.0,0.0,0.0,92.2,2021,Hawk Run,Clearfield
34464,557,52.4,PA,16843,44.4,1.4,21.4,3.7,100.0,0.0,0.0,0.0,0.0,12.5,82.7,2021,Hyde,Clearfield
60625,979,45.1,PA,16845,10.8,4.6,17.6,1.7,91.4,3.2,1.7,0.0,3.7,7.5,94.4,2021,Karthaus,Clearfield
65156,390,38.8,PA,16847,10.3,6.9,0.0,0.0,53.6,0.0,43.3,0.0,3.1,6.2,75.8,2021,Kylertown,Clearfield
28750,108,58.0,PA,16849,6.5,4.3,,0.0,100.0,0.0,0.0,0.0,0.0,0.0,100.0,2021,Lanse,Clearfield
,73,42.1,PA,16855,0.0,0.0,0.0,34.2,100.0,0.0,0.0,0.0,0.0,30.6,71.1,2021,Mineral Springs,Clearfield
57946,3790,49.3,PA,16858,10.0,7.7,15.0,6.1,96.9,0.0,0.8,0.0,2.3,6.5,81.2,2021,Morrisdale,Clearfield
67500,467,50.5,PA,16859,3.6,9.7,0.0,11.5,94.2,0.0,5.8,0.0,-0.0,3.4,93.0,2021,Moshannon,Clearfield
65673,308,52.4,PA,16860,2.9,0.0,,0.0,100.0,0.0,0.0,0.0,0.0,0.0,100.0,2021,Munson,Clearfield
19531,270,57.3,PA,16861,14.2,6.8,0.0,7.5,95.9,0.0,0.0,4.1,-0.0,6.6,97.9,2021,New Millport,Clearfield
66500,540,50.6,PA,16863,10.2,7.2,10.0,9.0,98.3,0.0,0.0,0.0,1.7,9.9,82.9,2021,Olanta,Clearfield
45993,9868,45.7,PA,16866,14.2,11.2,18.1,14.8,83.2,5.6,8.2,1.3,1.7,3.9,67.5,2021,Philipsburg,Clearfield
66500,62,31.6,PA,16871,0.0,35.6,0.0,0.0,98.4,0.0,1.6,0.0,-0.0,0.0,80.0,2021,Pottersdale,Clearfield
43125,246,45.5,PA,16876,15.4,5.1,5.3,7.8,99.6,0.0,0.0,0.0,0.4,12.5,81.4,2021,Wallaceton,Clearfield
65948,1817,48.1,PA,16878,13.7,8.0,39.3,3.1,98.5,0.4,0.3,0.2,0.6,7.6,87.8,2021,West Decatur,Clearfield
43500,374,52.0,PA,16879,20.1,8.4,0.0,1.9,98.9,0.0,0.0,0.0,1.1,9.5,80.1,2021,Winburne,Clearfield
42721,2402,49.0,PA,16881,17.4,8.4,0.0,1.1,93.8,0.0,0.0,0.0,6.2,6.3,84.6,2021,Woodland,Clearfield
39361,2337,52.2,PA,17764,21.5,6.9,15.5,14.5,93.0,0.6,3.5,0.2,2.7,11.6,68.2,2021,Renovo,Cameron
,143,31.8,PA,17778,10.5,2.4,20.0,4.3,100.0,0.0,0.0,0.0,0.0,0.0,78.7,2021,Westport,Clearfield
44926,293,41.2,PA,15711,13.0,9.6,14.3,7.3,100.0,0.0,0.0,0.0,0.0,2.9,71.5,2022,Anita,Jefferson
49375,536,40.1,PA,15715,24.3,7.8,9.5,3.2,97.0,0.0,0.7,0.0,2.3,6.3,71.5,2022,Big Run,Jefferson
47500,163,50.6,PA,15721,23.9,0.0,55.6,23.6,99.4,0.0,0.0,0.0,0.6,27.3,87.5,2022,Burnside,Clearfield
64391,2262,52.1,PA,15724,6.8,3.0,5.3,5.7,97.0,0.0,2.2,0.0,0.8,7.7,87.3,2022,Cherry Tree,Clearfield
61518,116,49.4,PA,15730,8.6,14.8,0.0,0.0,100.0,0.0,0.0,0.0,0.0,0.0,85.2,2022,Coolspring,Jefferson
,119,18.9,PA,15733,47.1,0.0,,47.4,100.0,0.0,0.0,0.0,0.0,0.0,100.0,2022,De Lancey,Jefferson
54375,1040,40.5,PA,15742,7.0,9.6,3.2,8.7,98.9,0.0,0.3,0.1,0.7,1.9,83.1,2022,Glen Campbell,Clearfield
104583,53,33.4,PA,15744,0.0,24.4,0.0,0.0,96.2,0.0,3.8,0.0,-0.0,0.0,76.5,2022,Hamilton,Jefferson
47500,455,44.8,PA,15753,17.1,5.5,15.6,3.4,98.9,0.0,0.0,0.0,1.1,6.8,82.0,2022,La Jose,Clearfield
46544,1310,53.3,PA,15757,16.9,5.3,2.4,2.9,97.3,0.0,2.1,0.0,0.6,3.9,85.7,2022,Mahaffey,Clearfield
115156,17,68.3,PA,15763,0.0,0.0,0.0,0.0,100.0,0.0,0.0,0.0,0.0,0.0,46.7,2022,Northpoint,Jefferson
46875,156,46.6,PA,15764,13.5,7.1,57.1,0.0,96.8,0.0,0.0,0.0,3.2,0.0,87.7,2022,Oliveburg,Jefferson
49885,14156,43.8,PA,15767,16.8,12.9,23.0,10.8,96.9,0.2,0.5,0.6,1.8,5.2,73.1,2022,Punxsutawney,Clearfield
45000,180,60.0,PA,15770,20.0,5.0,10.0,1.2,94.4,0.0,5.6,0.0,-0.0,0.0,87.5,2022,Ringgold,Jefferson
45000,1656,41.9,PA,15772,17.4,5.8,11.7,13.6,98.4,0.0,0.0,0.0,1.6,6.5,76.1,2022,Rossiter,Jefferson
,34,65.7,PA,15776,8.8,13.3,100.0,0.0,100.0,0.0,0.0,0.0,0.0,0.0,87.0,2022,Sprankle Mills,Jefferson
101250,342,43.6,PA,15778,3.2,2.0,0.0,10.7,91.2,0.0,8.8,0.0,-0.0,0.9,98.2,2022,Timblin,Jefferson
65417,62,55.7,PA,15780,9.7,6.1,0.0,0.0,100.0,0.0,0.0,0.0,0.0,0.0,90.3,2022,Valier,Jefferson
41563,76,60.5,PA,15781,0.0,12.9,0.0,0.0,100.0,0.0,0.0,0.0,0.0,0.0,91.9,2022,Walston,Jefferson
73125,59,56.9,PA,15784,1.7,9.4,33.3,0.0,98.3,0.0,1.7,0.0,0.0,0.0,90.3,2022,Worthville,Jefferson
61757,20312,44.4,PA,15801,9.8,19.9,20.9,8.9,95.0,0.4,3.3,0.6,0.7,3.9,72.5,2022,Du Bois,Clearfield
46250,73,58.2,PA,15821,2.7,8.2,0.0,0.0,91.8,0.0,0.0,0.0,8.2,10.8,88.0,2022,Benezett,Elk
60491,1230,50.4,PA,15823,8.4,8.9,18.6,4.9,98.7,0.1,0.0,0.0,1.2,3.8,84.8,2022,Brockport,Clearfield
59459,5146,43.4,PA,15824,12.7,9.6,4.6,6.0,96.2,0.5,0.3,0.0,3.0,4.8,76.1,2022,Brockway,Clearfield
60924,9565,42.7,PA,15825,11.7,11.8,16.3,5.9,95.2,0.5,2.2,0.0,2.1,5.3,72.5,2022,Brookville,Jefferson
76797,305,53.1,PA,15827,0.0,12.2,,8.0,100.0,0.0,0.0,0.0,0.0,3.5,100.0,2022,Byrnedale,Elk
45000,233,62.1,PA,15828,8.2,8.4,0.0,6.6,84.5,0.0,12.4,0.0,3.1,2.4,90.2,2022,Clarington,Jefferson
67917,1209,44.6,PA,15829,9.1,15.5,14.3,2.9,96.3,0.2,0.3,0.0,3.2,4.2,83.9,2022,Corsica,Jefferson
,43,50.7,PA,15831,0.0,0.0,0.0,0.0,90.7,0.0,0.0,0.0,9.3,0.0,25.0,2022,Dagus Mines,Elk
37857,238,63.2,PA,15832,11.3,7.4,0.0,3.0,95.0,0.0,0.4,0.0,4.6,23.8,81.8,2022,Driftwood,Clearfield
46209,4166,50.7,PA,15834,15.3,8.1,17.6,10.9,93.4,0.0,2.2,0.1,4.3,6.6,70.1,2022,Emporium,Elk
54474,1744,48.5,PA,15840,11.8,14.5,17.3,4.0,96.7,1.0,0.0,0.5,1.8,6.3,73.1,2022,Falls Creek,Clearfield
24901,243,40.9,PA,15841,1.3,0.0,0.0,20.2,100.0,0.0,0.0,0.0,0.0,0.0,86.9,2022,Force,Elk
56613,2920,46.1,PA,15845,10.0,11.7,6.1,5.2,97.8,0.0,1.7,0.0,0.5,6.2,78.3,2022,Johnsonburg,Elk
78458,3323,47.4,PA,15846,2.4,9.8,0.0,1.5,96.9,1.3,0.0,1.8,-0.0,4.2,82.8,2022,Kersey,Clearfield
75833,94,28.3,PA,15847,7.4,0.0,57.1,0.0,100.0,0.0,0.0,0.0,0.0,5.4,75.0,2022,Knox Dale,Jefferson
57841,885,43.4,PA,15848,4.9,14.2,0.0,8.7,97.3,0.0,0.3,2.1,0.3,6.8,88.1,2022,Luthersburg,Clearfield
55703,1370,47.9,PA,15849,15.6,4.7,24.3,4.5,95.6,0.1,0.0,1.0,3.3,2.3,80.8,2022,Penfield,Clearfield
58613,7112,41.5,PA,15851,15.9,8.7,18.6,8.8,96.4,0.1,0.6,0.4,2.5,6.9,76.3,2022,Reynoldsville,Clearfield
58580,6411,44.3,PA,15853,10.9,14.4,25.2,8.8,96.8,0.1,0.5,0.0,2.6,5.0,75.6,2022,Ridgway,Jefferson
56417,853,55.0,PA,15856,9.0,11.5,10.8,4.1,96.8,0.0,2.0,0.2,1.0,0.7,90.6,2022,Rockton,Clearfield
62036,12958,50.2,PA,15857,8.8,13.9,19.0,8.0,93.8,1.3,1.3,0.4,3.2,8.9,76.5,2022,Saint Marys,Elk
62661,1212,52.0,PA,15860,10.9,7.6,2.3,6.6,99.2,0.0,0.2,0.2,0.4,6.0,84.1,2022,Sigel,Jefferson
74286,119,66.3,PA,15861,7.6,15.6,0.0,3.3,98.3,0.0,0.0,0.0,1.7,6.4,88.3,2022,Sinnamahoning,Clearfield
33438,143,43.8,PA,15863,19.9,3.7,,4.5,90.9,0.0,3.5,0.0,5.6,5.2,100.0,2022,Stump Creek,Jefferson
60577,1882,44.6,PA,15864,9.9,12.3,5.5,3.3,98.0,0.0,1.5,0.0,0.5,4.2,77.1,2022,Summerville,Jefferson
40938,988,49.0,PA,15865,16.2,11.9,4.5,11.7,95.6,3.3,1.0,0.0,0.1,5.3,65.7,2022,Sykesville,Clearfield
75417,218,25.0,PA,15866,2.8,7.3,0.0,18.2,93.6,0.0,0.0,0.0,6.4,0.0,87.3,2022,Troutville,Clearfield
61563,1788,45.6,PA,15868,15.4,13.2,9.2,1.1,96.5,0.0,0.0,0.0,3.5,5.3,89.2,2022,Weedville,Clearfield
52813,1228,48.4,PA,15870,13.7,10.7,0.0,2.6,96.2,0.0,0.2,0.5,3.1,3.5,92.5,2022,Wilcox,Elk
82813,1190,44.5,PA,16020,5.0,12.4,0.0,2.9,98.2,0.2,0.3,0.4,0.9,7.6,89.7,2022,Boyers,Venango
59261,2061,43.2,PA,16028,8.1,13.7,8.1,5.8,91.7,0.4,1.4,0.6,5.9,4.0,72.2,2022,East Brady,Clarion
56607,314,48.0,PA,16036,8.3,25.3,10.0,0.8,95.5,0.0,1.3,0.0,3.2,15.3,68.3,2022,Foxburg,Clarion
70625,3214,47.2,PA,16038,7.2,10.8,9.6,6.3,97.0,0.4,0.2,0.2,2.2,5.8,79.1,2022,Harrisville,Venango
68636,2105,47.1,PA,16041,10.7,11.6,31.6,3.0,97.4,0.1,0.0,0.0,2.5,4.0,85.8,2022,Karns City,Clarion
59476,3011,47.7,PA,16049,13.5,7.3,17.8,5.5,95.6,0.6,0.8,0.0,3.0,7.3,80.9,2022,Parker,Clarion
58750,381,55.9,PA,16054,5.2,9.0,13.8,3.8,97.9,0.0,0.5,0.0,1.6,8.3,84.2,2022,Saint Petersburg,Clarion
75179,397,49.2,PA,16110,3.3,5.4,0.0,14.4,100.0,0.0,0.0,0.0,0.0,0.0,96.7,2022,Adamsville,Crawford
57039,1147,34.6,PA,16111,15.5,3.4,0.0,26.2,96.5,0.5,0.0,0.3,2.7,2.3,87.7,2022,Atlantic,Crawford
54596,17610,45.3,PA,16125,11.7,13.4,16.4,8.8,94.3,0.5,0.8,0.5,3.9,6.7,68.6,2022,Greenville,Crawford
70475,15350,35.3,PA,16127,9.9,20.9,16.1,6.2,91.5,2.2,2.2,0.8,3.3,4.0,72.4,2022,Grove City,Venango
54737,1982,44.2,PA,16130,14.7,11.9,6.4,7.2,97.0,0.0,1.3,0.2,1.5,3.6,82.4,2022,Hadley,Crawford
55536,861,47.4,PA,16131,12.8,10.4,29.5,7.3,97.1,0.0,1.9,0.0,1.0,6.4,79.5,2022,Hartstown,Crawford
55964,3890,51.6,PA,16134,13.2,8.2,12.0,6.2,97.0,0.1,1.0,0.2,1.7,5.8,85.2,2022,Jamestown,Crawford
59866,2693,45.5,PA,16145,9.8,20.3,8.2,1.9,93.3,0.1,1.4,0.0,5.2,4.7,83.5,2022,Sandy Lake,Venango
64103,2266,40.7,PA,16153,14.0,17.1,14.5,5.6,96.5,0.0,1.2,0.4,1.9,1.9,81.4,2022,Stoneboro,Venango
51563,149,43.3,PA,16213,13.4,9.6,0.0,7.5,99.3,0.0,0.0,0.0,0.7,2.9,76.1,2022,Callensburg,Clarion
55859,8960,29.0,PA,16214,20.5,23.5,32.4,7.1,89.5,5.6,3.0,0.8,1.1,8.8,49.4,2022,Clarion,Clarion
52188,92,65.3,PA,16217,0.0,14.1,0.0,0.0,100.0,0.0,0.0,0.0,0.0,0.0,89.6,2022,Cooksburg,Jefferson
63056,1189,40.7,PA,16218,11.2,13.7,26.4,2.3,91.3,5.8,0.8,0.0,2.1,5.4,87.8,2022,Cowansville,Clarion
53672,95,50.6,PA,16220,14.7,0.0,,32.6,100.0,0.0,0.0,0.0,0.0,0.0,100.0,2022,Crown,Clarion
57774,3076,37.4,PA,16222,10.4,11.7,13.9,13.2,98.6,0.0,0.0,0.5,0.9,8.1,89.9,2022,Dayton,Jefferson
73750,836,50.8,PA,16224,6.2,11.6,3.6,4.6,98.7,0.0,0.0,0.0,1.3,3.0,83.9,2022,Fairmount City,Clarion
43929,480,45.1,PA,16230,8.3,9.0,36.2,6.1,98.8,0.8,0.2,0.0,0.2,9.1,76.0,2022,Hawthorn,Clarion
54760,4287,41.8,PA,16232,13.5,13.1,14.4,7.1,96.4,0.0,0.4,0.6,2.6,6.4,75.4,2022,Knox,Clarion
85938,1094,48.3,PA,16233,9.0,12.9,0.0,1.8,98.9,0.0,0.7,0.0,0.4,1.6,88.8,2022,Leeper,Jefferson
77500,1365,43.2,PA,16235,4.8,20.7,4.2,0.7,91.0,0.0,0.7,0.0,8.3,2.0,91.8,2022,Lucinda,Clarion
44865,4059,40.3,PA,16239,15.7,8.1,14.9,7.4,58.8,24.2,6.7,2.9,7.4,5.2,77.8,2022,Marienville,Elk
59219,1604,44.1,PA,16240,12.3,7.2,16.5,5.0,99.8,0.1,0.0,0.2,0.0,2.3,81.1,2022,Mayport,Jefferson
53523,4258,44.9,PA,16242,15.8,9.1,12.4,9.0,97.7,0.4,0.4,0.5,1.0,4.0,73.5,2022,New Bethlehem,Clarion
46406,253,53.8,PA,16245,8.3,11.8,27.8,14.0,97.6,0.0,0.0,1.6,0.8,10.1,72.1,2022,Oak Ridge,Clarion
56477,3126,49.3,PA,16248,15.4,9.4,25.0,6.8,94.0,1.1,1.0,1.2,2.7,2.8,71.9,2022,Rimersburg,Clarion
58456,3551,43.8,PA,16254,9.8,14.1,6.6,4.4,96.3,0.8,0.4,0.3,2.2,5.9,81.0,2022,Shippenville,Clarion
57679,1852,44.0,PA,16255,13.3,9.5,26.5,11.7,95.7,0.1,0.3,0.0,3.9,5.2,74.3,2022,Sligo,Clarion
56346,2030,19.3,PA,16256,23.2,8.6,0.0,47.1,99.0,0.0,0.6,0.0,0.4,3.3,92.3,2022,Smicksburg,Jefferson
48295,1600,43.9,PA,16258,12.9,12.8,12.1,11.6,95.1,0.1,0.0,0.0,4.8,1.7,68.8,2022,Strattanville,Jefferson
53500,2068,46.4,PA,16259,8.7,5.2,10.3,4.2,97.6,0.0,1.7,0.0,0.7,7.2,82.5,2022,Templeton,Clarion
44750,228,57.5,PA,16260,4.4,12.5,0.0,0.0,100.0,0.0,0.0,0.0,0.0,1.5,92.8,2022,Vowinckel,Clarion
54558,15178,45.6,PA,16301,15.4,12.9,20.3,9.9,94.0,0.8,1.2,0.3,3.7,7.5,71.0,2022,Oil City,Venango
72625,438,52.3,PA,16311,5.3,7.0,0.0,6.2,97.3,0.0,1.6,0.0,1.1,0.0,90.9,2022,Carlton,Venango
,0,,PA,16312,,,,,,,,,,,,2022,Chandlers Valley,Warren
52596,1805,51.5,PA,16313,19.5,7.0,9.2,3.6,97.6,0.0,1.2,0.3,0.9,5.8,83.2,2022,Clarendon,McKean
64654,5301,44.6,PA,16314,7.7,11.6,6.0,3.6,95.0,0.2,0.6,0.3,3.9,6.7,86.7,2022,Cochranton,Venango
64911,4607,49.5,PA,16316,10.1,14.3,18.0,4.5,96.0,0.0,2.3,0.2,1.5,3.5,81.1,2022,Conneaut Lake,Crawford
55417,1404,47.7,PA,16317,11.9,6.8,40.4,2.3,97.2,0.0,0.8,0.0,2.0,14.8,81.0,2022,Cooperstown,Venango
62026,1137,56.5,PA,16319,8.3,9.6,0.0,0.4,94.0,0.0,5.9,0.0,0.1,0.0,94.9,2022,Cranberry,Clarion
,13,62.1,PA,16321,0.0,0.0,0.0,0.0,100.0,0.0,0.0,0.0,0.0,0.0,91.7,2022,East Hickory,Forest
27813,117,50.7,PA,16322,45.3,0.0,,8.5,100.0,0.0,0.0,0.0,0.0,13.0,100.0,2022,Endeavor,Forest
59274,14934,47.4,PA,16323,12.3,13.4,16.8,7.4,93.2,2.5,1.0,0.3,3.0,6.3,70.6,2022,Franklin,Venango
82292,322,48.3,PA,16326,5.0,19.3,0.0,0.0,100.0,0.0,0.0,0.0,0.0,0.0,81.5,2022,Fryburg,Clarion
63654,2590,42.4,PA,16327,7.7,13.5,9.6,3.4,94.2,0.8,1.7,0.0,3.3,2.6,88.3,2022,Guys Mills,Venango
46500,249,48.9,PA,16328,11.1,6.1,17.6,16.3,100.0,0.0,0.0,0.0,0.0,19.6,83.7,2022,Hydetown,Crawford
67019,428,48.3,PA,16329,1.4,3.4,0.0,10.1,99.1,0.0,0.0,0.0,0.9,5.9,84.6,2022,Irvine,Warren
,143,57.2,PA,16331,11.9,22.4,0.0,5.8,100.0,0.0,0.0,0.0,0.0,0.0,76.9,2022,Kossuth,Clarion
,51,55.4,PA,16332,9.8,4.4,100.0,18.5,100.0,0.0,0.0,0.0,0.0,0.0,81.5,2022,Lickingville,Clarion
42500,212,54.5,PA,16333,3.8,2.4,,6.9,96.2,0.0,1.4,0.0,2.4,26.8,100.0,2022,Ludlow,McKean
67361,419,48.7,PA,16334,11.7,14.2,3.6,4.9,100.0,0.0,0.0,0.0,0.0,1.5,72.7,2022,Marble,Clarion
59007,27497,42.9,PA,16335,11.5,16.2,17.3,11.1,91.2,2.8,1.5,1.0,3.5,5.1,60.5,2022,Meadville,Crawford
59563,1940,46.1,PA,16340,12.3,12.6,0.0,4.3,93.1,0.0,1.8,2.2,2.9,4.0,90.2,2022,Pittsfield,Warren
56667,1862,50.6,PA,16341,13.1,16.0,7.9,1.6,85.8,0.0,5.6,1.5,7.1,4.9,91.8,2022,Pleasantville,Venango
67946,2359,54.3,PA,16342,17.8,11.9,22.7,4.2,94.1,0.8,1.1,0.5,3.5,4.1,88.7,2022,Polk,Venango
69375,550,38.6,PA,16343,22.2,29.6,0.0,0.0,100.0,0.0,0.0,0.0,0.0,13.5,88.0,2022,Reno,Venango
52917,521,32.0,PA,16344,22.1,6.0,18.0,3.6,97.9,0.0,0.4,0.0,1.7,12.9,53.6,2022,Rouseville,Venango
89141,3670,50.1,PA,16345,5.1,17.6,9.2,3.1,95.3,0.3,1.6,1.2,1.6,7.4,91.1,2022,Russell,Warren
61161,3138,47.0,PA,16346,16.1,16.0,28.4,9.3,93.9,0.3,1.4,1.8,2.6,8.8,65.7,2022,Seneca,Venango
53243,1535,43.3,PA,16347,12.5,12.4,21.1,5.6,96.3,1.6,0.0,0.0,2.1,3.0,79.6,2022,Sheffield,Elk
61196,2332,41.9,PA,16350,19.8,7.3,8.4,9.0,95.2,0.2,1.5,0.0,3.1,1.8,84.4,2022,Sugar Grove,Warren
46563,1760,51.1,PA,16351,15.1,7.5,7.1,9.2,87.8,0.2,7.5,0.6,3.9,4.9,77.5,2022,Tidioute,Forest
49375,226,41.7,PA,16352,13.3,6.8,0.0,0.0,98.7,0.0,0.0,0.0,1.3,0.0,70.4,2022,Tiona,Warren
50172,2321,57.2,PA,16353,16.6,8.4,9.0,6.9,96.2,0.0,2.5,0.5,0.8,3.6,83.4,2022,Tionesta,Clarion
43026,10225,46.4,PA,16354,19.4,8.5,17.8,13.5,95.4,1.2,0.8,0.8,1.8,8.2,70.0,2022,Titusville,Venango
70179,1385,43.2,PA,16360,19.4,15.6,12.6,2.6,96.5,1.6,1.2,0.0,0.7,5.5,80.8,2022,Townville,Crawford
74219,30,63.8,PA,16361,0.0,0.0,100.0,0.0,100.0,0.0,0.0,0.0,0.0,0.0,73.9,2022,Tylersburg,Clarion
64063,951,55.1,PA,16362,12.6,16.0,0.0,5.5,98.0,0.3,1.4,0.0,0.3,4.3,89.1,2022,Utica,Venango
74911,1343,48.9,PA,16364,9.2,10.5,0.0,6.1,98.7,0.0,0.0,0.1,1.2,1.3,86.2,2022,Venus,Clarion
55831,17377,47.4,PA,16365,11.8,14.4,13.7,7.3,95.2,1.2,0.8,0.3,2.5,3.2,70.6,2022,Warren,McKean
53125,330,44.4,PA,16370,20.9,7.6,,1.2,67.0,33.0,0.0,0.0,0.0,0.0,100.0,2022,West Hickory,Forest
53022,3129,45.6,PA,16371,12.6,11.9,20.3,12.5,91.5,0.2,1.6,0.2,6.5,5.7,73.8,2022,Youngsville,Warren
42250,504,43.3,PA,16372,11.5,6.7,6.2,7.4,92.1,0.0,0.0,3.0,4.9,11.6,65.4,2022,Clintonville,Venango
66458,3050,45.1,PA,16373,11.3,12.3,17.6,9.1,95.9,1.0,0.8,0.6,1.7,2.7,83.6,2022,Emlenton,Clarion
53696,1725,56.3,PA,16374,8.0,10.4,5.0,6.9,98.6,0.0,0.2,0.0,1.2,1.4,85.1,2022,Kennerdell,Venango
68056,4103,47.3,PA,16401,11.2,11.7,21.2,7.7,95.5,1.0,1.0,0.3,2.2,5.8,82.0,2022,Albion,Crawford
70500,703,48.7,PA,16402,9.7,8.3,29.4,8.3,93.6,0.0,3.4,0.0,3.0,8.2,93.8,2022,Bear Lake,Warren
67847,6980,40.2,PA,16403,10.3,13.7,8.0,7.3,93.2,2.3,2.6,0.4,1.5,4.0,83.2,2022,Cambridge Springs,Crawford
58942,3285,44.2,PA,16404,20.0,8.9,19.4,8.1,91.6,0.8,0.8,0.3,6.5,8.4,82.7,2022,Centerville,Crawford
79375,555,47.6,PA,16405,6.7,6.2,0.0,0.0,93.5,0.0,0.0,0.0,6.5,4.3,94.8,2022,Columbus,Warren
63880,3479,42.6,PA,16406,12.2,8.5,27.6,7.3,95.8,1.0,2.2,0.0,1.0,6.1,81.5,2022,Conneautville,Crawford
51098,10656,43.9,PA,16407,17.9,15.0,25.2,10.6,91.9,0.2,2.9,0.5,4.5,7.6,74.9,2022,Corry,Crawford
94917,1995,43.3,PA,16410,7.6,20.0,6.7,0.8,93.5,1.6,2.8,0.2,1.9,3.0,91.0,2022,Cranesville,Erie
63664,1260,45.4,PA,16411,9.9,9.7,0.0,3.7,96.6,0.0,0.5,0.0,2.9,9.8,75.5,2022,East Springfield,Erie
65605,9504,39.0,PA,16412,16.1,29.8,37.7,5.4,95.0,0.7,2.6,0.0,1.7,4.9,68.4,2022,Edinboro,Crawford
100867,10051,43.2,PA,16415,3.5,26.3,39.7,4.1,91.4,0.6,3.4,1.6,3.0,5.1,91.7,2022,Fairview,Erie
,136,65.3,PA,16416,19.1,0.0,,0.0,86.8,0.0,0.0,0.0,13.2,0.0,100.0,2022,Garland,Warren
78021,8378,46.3,PA,16417,8.1,21.7,17.1,3.8,92.6,0.0,5.3,0.5,1.6,3.5,74.3,2022,Girard,Erie
52188,447,53.6,PA,16420,7.6,7.8,0.0,2.5,98.9,0.0,0.0,0.0,1.1,3.5,89.3,2022,Grand Valley,Venango
72926,2431,49.5,PA,16421,14.2,15.7,0.0,0.9,96.6,0.1,0.4,0.1,2.8,2.2,62.1,2022,Lake City,Erie
77917,183,46.2,PA,16422,17.5,47.3,,0.0,87.4,0.0,0.0,6.6,6.0,12.3,100.0,2022,Harmonsburg,Crawford
70529,3783,44.8,PA,16423,9.5,11.4,15.1,5.3,90.1,0.7,4.6,0.4,4.2,3.9,90.0,2022,Lowville/Wattsburg,Erie
51800,4367,50.8,PA,16424,11.7,10.4,18.7,6.0,95.6,0.0,2.1,0.0,2.3,4.7,81.7,2022,Linesville,Crawford
77076,3401,47.0,PA,16426,12.2,14.3,4.5,5.0,95.2,0.1,0.0,0.0,4.7,7.7,81.2,2022,McKean,Erie
53500,201,46.3,PA,16427,12.4,4.8,8.7,2.4,96.5,0.0,1.0,0.0,2.5,7.9,72.6,2022,Mill Village,Erie
68591,12574,40.4,PA,16428,10.1,15.2,10.1,7.9,91.8,0.8,3.3,0.5,3.6,5.4,74.8,2022,North East,Erie
103000,174,57.0,PA,16430,8.6,16.9,0.0,0.0,97.1,0.0,0.0,0.0,2.9,0.0,85.7,2022,Platea,Erie
66111,4993,44.6,PA,16433,7.4,15.6,1.8,6.7,94.5,0.7,1.2,0.6,3.0,3.3,84.5,2022,Saegertown,Crawford
53897,3161,26.7,PA,16434,24.9,7.4,12.9,28.7,98.0,0.7,0.5,0.1,0.7,7.8,84.3,2022,Spartansburg,Crawford
53859,1640,48.3,PA,16435,15.5,8.4,19.6,7.2,95.7,0.6,1.0,0.3,2.4,6.9,78.9,2022,Springboro,Crawford
44948,801,50.5,PA,16436,15.0,13.1,0.0,3.9,96.6,0.2,2.2,0.0,1.0,11.9,81.3,2022,Spring Creek,Warren
58679,7260,47.5,PA,16438,13.7,11.4,13.2,8.4,93.0,0.0,3.5,0.6,2.9,9.1,75.6,2022,Union City,Crawford
69219,780,47.8,PA,16440,5.4,19.4,3.3,3.6,91.2,1.2,0.3,0.3,7.0,5.5,81.8,2022,Venango,Crawford
75453,9255,47.1,PA,16441,6.2,12.3,26.5,3.9,93.8,0.2,4.2,0.2,1.6,5.5,85.3,2022,Waterford,Crawford
71250,3253,37.6,PA,16442,8.1,17.7,10.2,1.5,97.6,0.4,0.3,0.2,1.5,6.1,87.2,2022,Wattsburg,Erie
65536,1226,42.9,PA,16443,24.7,8.3,100.0,4.2,91.7,1.3,0.9,0.0,6.1,3.0,93.2,2022,West Springfield,Erie
,1002,19.8,PA,16444,,0.0,,,83.6,5.9,5.3,4.8,0.4,11.1,,2022,Edinboro,Erie
,2154,41.6,PA,16475,,2.3,,,48.3,46.8,4.4,0.0,0.5,,,2022,Albion,Erie
14319,1670,53.7,PA,16501,61.6,19.3,22.8,67.0,73.0,14.4,5.8,4.8,2.0,23.1,3.7,2022,Erie Downtown,Erie
35508,15567,32.8,PA,16502,29.6,13.5,28.6,25.0,64.0,12.9,11.8,1.8,9.5,8.7,33.6,2022,Erie West,Erie
29240,16065,31.0,PA,16503,36.6,8.3,32.8,28.7,43.6,35.9,12.9,2.6,5.0,10.3,39.5,2022,Erie East,Erie
47146,16003,37.4,PA,16504,20.4,17.3,27.0,9.1,75.1,11.7,4.5,2.5,6.2,8.5,69.7,2022,Erie South East,Erie
69884,16136,49.1,PA,16505,9.8,26.5,30.3,6.4,93.0,0.8,2.4,1.6,2.2,5.8,76.7,2022,Erie Frontier/West,Erie
83782,24201,44.4,PA,16506,6.6,22.7,28.1,6.4,89.6,1.4,1.2,4.6,3.2,2.4,71.8,2022,Erie Millcreek/West,Erie
34016,8996,30.3,PA,16507,30.4,13.5,34.7,17.5,67.1,13.8,5.6,3.0,10.5,3.2,34.7,2022,Erie Downtown,Erie
53197,14801,38.0,PA,16508,11.6,18.9,23.6,7.2,84.4,5.4,2.8,1.0,6.4,6.0,66.2,2022,Erie South Central,Erie
69496,28151,41.9,PA,16509,11.9,23.2,19.4,7.2,87.0,3.9,3.9,1.1,4.1,2.9,69.4,2022,Erie Millcreek/South,Erie
59949,25271,39.8,PA,16510,16.0,16.1,18.2,7.9,78.6,7.9,6.2,4.1,3.2,5.3,78.5,2022,Erie Harborcreek,Erie
62420,11555,36.6,PA,16511,17.7,19.7,25.8,10.3,80.0,8.2,7.6,1.7,2.5,2.0,66.1,2022,Erie Lawrence Park,Erie
,1120,19.6,PA,16546,,,,,90.2,5.5,2.1,1.5,0.7,11.1,,2022,Erie,Erie
,0,,PA,16550,,,,,,,,,,,,2022,Erie,Erie
,1543,19.6,PA,16563,,0.0,,,78.0,7.2,1.2,11.1,2.5,14.7,,2022,Erie Penn State Behrend,Erie
33281,134,54.7,PA,16616,26.9,2.0,100.0,7.8,100.0,0.0,0.0,0.0,0.0,15.0,84.3,2022,Beccaria,Clearfield
55833,387,50.9,PA,16620,20.2,19.7,32.3,4.6,89.9,3.9,3.6,0.0,2.6,6.0,79.6,2022,Brisbin,Clearfield
49071,2053,47.0,PA,16627,15.3,9.4,22.2,4.4,91.5,1.0,0.7,0.0,6.8,12.3,88.0,2022,Coalport,Clearfield
70467,1430,49.1,PA,16639,10.3,10.4,12.1,1.3,97.2,0.0,0.5,0.0,2.3,5.0,94.4,2022,Fallentimber,Clearfield
52361,889,46.8,PA,16640,23.3,8.9,11.8,3.3,98.2,0.2,0.6,0.2,0.8,5.1,94.9,2022,Flinton,Clearfield
60833,190,51.6,PA,16645,2.1,6.5,0.0,2.4,98.9,0.0,1.1,0.0,-0.0,0.0,97.6,2022,Glen Hope,Clearfield
57356,2174,49.3,PA,16646,6.3,8.2,16.1,6.0,98.0,0.0,0.2,0.0,1.8,3.5,87.1,2022,Hastings,Clearfield
62391,5865,43.8,PA,16651,10.1,6.2,6.4,7.5,73.1,15.3,6.2,0.4,5.0,5.5,80.2,2022,Houtzdale,Clearfield
45938,1191,44.7,PA,16656,21.5,11.7,14.1,8.9,88.4,0.0,1.8,0.0,9.8,2.8,86.4,2022,Irvona,Clearfield
50568,923,50.0,PA,16661,13.1,8.0,36.4,4.8,93.0,1.1,0.0,2.4,3.5,13.9,94.1,2022,Madera,Clearfield
48158,2800,52.0,PA,16666,19.3,9.2,9.1,0.9,97.6,0.1,1.7,0.0,0.6,7.9,94.7,2022,Osceola Mills,Clearfield
61750,3564,43.7,PA,16668,10.7,13.0,12.7,8.4,97.0,0.1,1.3,0.0,1.6,4.1,80.7,2022,Patton,Clearfield
66071,404,47.4,PA,16671,3.2,15.6,19.2,3.6,98.0,0.0,0.2,0.0,1.8,3.0,84.3,2022,Ramey,Clearfield
76250,356,43.5,PA,16680,12.4,16.2,0.0,2.6,100.0,0.0,0.0,0.0,0.0,2.1,92.1,2022,Smithmill,Clearfield
64433,13054,40.5,PA,16686,10.0,14.3,11.4,9.4,96.3,0.3,1.6,0.1,1.7,4.6,72.6,2022,Tyrone,Clearfield
67604,912,32.3,PA,16692,12.6,13.2,0.0,10.1,93.4,0.3,4.8,0.1,1.4,9.7,82.8,2022,Westover,Clearfield
56748,16800,42.4,PA,16701,18.4,13.7,24.3,11.4,93.7,0.3,2.1,0.7,3.2,4.0,73.3,2022,Bradford,McKean
49009,1237,49.4,PA,16720,10.2,8.1,19.5,9.9,97.5,0.0,0.6,0.0,1.9,8.9,84.7,2022,Austin,Cameron
69375,85,46.9,PA,16724,3.5,9.0,0.0,0.0,96.5,0.0,0.0,0.0,3.5,11.4,93.5,2022,Crosby,McKean
,75,34.6,PA,16725,0.0,0.0,,0.0,100.0,0.0,0.0,0.0,0.0,0.0,100.0,2022,Custer City,McKean
60250,518,52.0,PA,16726,5.2,7.3,0.0,2.9,97.3,0.0,0.0,0.0,2.7,0.0,87.4,2022,Cyclone,McKean
84228,219,7.7,PA,16727,0.0,33.3,0.0,5.7,100.0,0.0,0.0,0.0,0.0,0.0,35.8,2022,Derrick City,McKean
60625,689,46.8,PA,16729,19.2,12.0,14.0,2.6,99.7,0.0,0.3,0.0,-0.0,8.8,81.3,2022,Duke Center,McKean
,42,61.9,PA,16730,0.0,0.0,,0.0,100.0,0.0,0.0,0.0,0.0,0.0,100.0,2022,East Smethport,McKean
57594,2364,51.5,PA,16731,10.0,9.3,6.7,3.1,98.7,0.0,0.0,0.2,1.1,9.8,80.7,2022,Eldred,McKean
61612,182,60.6,PA,16732,3.3,9.0,30.0,0.0,100.0,0.0,0.0,0.0,0.0,0.0,91.0,2022,Gifford,McKean
47679,173,65.5,PA,16733,8.1,7.8,61.5,17.0,45.1,0.0,0.0,0.0,54.9,0.0,72.3,2022,Hazel Hurst,McKean
59643,194,48.1,PA,16734,2.6,1.9,7.4,2.1,97.4,0.0,0.0,0.0,2.6,4.7,71.3,2022,James City,Elk
53445,6411,44.3,PA,16735,7.4,12.7,6.2,4.8,94.4,0.9,1.2,0.6,2.9,5.1,76.9,2022,Kane,Elk
67841,2111,39.2,PA,16738,8.8,7.9,11.1,1.5,55.8,27.9,13.3,0.2,2.8,3.1,86.7,2022,Lewis Run,McKean
49750,896,43.5,PA,16740,10.8,8.9,1.9,6.4,95.3,0.0,0.0,0.0,4.7,3.7,85.7,2022,Mount Jewett,Elk
56307,3894,38.8,PA,16743,17.7,12.8,29.4,4.6,95.8,0.2,1.8,0.3,1.9,8.6,75.6,2022,Port Allegany,McKean
88000,225,37.7,PA,16744,21.3,8.7,0.0,12.8,96.9,0.0,0.0,0.0,3.1,13.6,79.1,2022,Rew,McKean
52031,631,55.6,PA,16745,0.5,10.5,0.0,3.2,99.4,0.0,0.0,0.6,-0.0,1.9,98.9,2022,Rixford,McKean
60313,1131,48.1,PA,16746,15.8,9.0,24.1,1.7,92.2,0.3,1.0,0.5,6.0,6.9,87.9,2022,Roulette,McKean
53565,2739,47.1,PA,16748,11.4,8.6,2.1,6.6,98.6,0.1,0.5,0.0,0.8,6.7,77.4,2022,Shinglehouse,McKean
62917,4020,45.3,PA,16749,14.3,12.1,13.1,5.0,96.1,0.8,1.7,0.1,1.3,4.3,81.8,2022,Smethport,Cameron
113500,542,52.4,PA,16750,11.1,8.8,12.5,4.5,77.3,4.6,0.0,0.0,18.1,4.1,94.0,2022,Turtlepoint,McKean
97292,219,40.6,PA,16821,0.0,21.1,,0.0,100.0,0.0,0.0,0.0,0.0,0.0,100.0,2022,Allport,Clearfield
57426,241,27.1,PA,16825,0.0,33.0,0.0,0.0,76.8,0.0,18.7,0.0,4.5,6.2,84.2,2022,Bigler,Clearfield
52853,13644,41.2,PA,16830,17.7,13.6,20.4,11.9,95.8,0.9,1.0,0.8,1.5,8.1,62.6,2022,Clearfield,Clearfield
56356,5208,42.5,PA,16833,11.5,17.7,20.4,4.6,94.7,0.4,1.3,0.2,3.4,7.1,81.6,2022,Curwensville,Clearfield
106990,677,37.7,PA,16834,2.1,29.9,82.4,5.6,100.0,0.0,0.0,0.0,0.0,0.0,93.1,2022,Drifting,Clearfield
55156,1097,53.3,PA,16836,10.2,7.5,18.2,1.8,96.8,0.7,0.0,2.1,0.4,4.9,91.0,2022,Frenchville,Clearfield
36042,136,58.7,PA,16837,24.3,0.0,,0.0,100.0,0.0,0.0,0.0,0.0,0.0,100.0,2022,Glen Richey,Clearfield
55909,1831,48.5,PA,16838,21.8,10.6,45.1,2.9,95.5,0.0,3.8,0.1,0.6,7.3,77.2,2022,Grampian,Clearfield
61750,406,35.8,PA,16839,9.9,16.5,0.0,0.0,100.0,0.0,0.0,0.0,0.0,6.6,97.3,2022,Grassflat,Clearfield
52344,303,54.8,PA,16840,0.0,0.0,0.0,10.4,100.0,0.0,0.0,0.0,0.0,15.0,82.6,2022,Hawk Run,Clearfield
48698,354,55.0,PA,16843,28.2,1.9,0.0,4.6,100.0,0.0,0.0,0.0,0.0,3.1,78.9,2022,Hyde,Clearfield
69135,1056,40.6,PA,16845,10.3,3.8,16.7,1.9,87.8,4.8,4.8,0.0,2.6,6.1,94.2,2022,Karthaus,Clearfield
55000,368,39.0,PA,16847,13.0,7.4,0.0,0.0,62.0,0.0,31.5,0.0,6.5,8.4,74.6,2022,Kylertown,Clearfield
30938,70,63.6,PA,16849,12.9,0.0,,0.0,100.0,0.0,0.0,0.0,0.0,0.0,100.0,2022,Lanse,Clearfield
,87,42.1,PA,16855,11.5,0.0,0.0,37.5,100.0,0.0,0.0,0.0,0.0,28.0,65.0,2022,Mineral Springs,Clearfield
54734,3826,51.1,PA,16858,11.8,8.2,23.5,5.3,96.4,0.0,1.0,0.0,2.6,4.6,84.6,2022,Morrisdale,Clearfield
66250,494,50.1,PA,16859,7.7,13.4,0.0,14.3,93.1,0.0,6.3,0.6,0.0,1.4,94.6,2022,Moshannon,Clearfield
70923,362,52.7,PA,16860,3.3,0.0,,0.0,82.9,0.0,17.1,0.0,-0.0,0.0,100.0,2022,Munson,Clearfield
22197,286,56.7,PA,16861,15.4,10.5,0.0,9.7,92.7,0.0,0.0,7.3,-0.0,7.9,96.8,2022,New Millport,Clearfield
66429,594,50.3,PA,16863,9.1,7.4,0.0,7.3,95.1,0.0,0.0,0.0,4.9,5.0,80.8,2022,Olanta,Clearfield
50864,9365,45.4,PA,16866,15.4,11.6,17.5,14.2,85.1,6.6,6.1,0.8,1.4,4.8,68.5,2022,Philipsburg,Clearfield
70893,52,31.4,PA,16871,0.0,42.9,0.0,0.0,96.2,0.0,3.8,0.0,-0.0,0.0,75.0,2022,Pottersdale,Clearfield
44821,242,47.4,PA,16876,19.8,8.1,5.9,13.6,93.0,6.2,0.0,0.0,0.8,10.6,83.5,2022,Wallaceton,Clearfield
66136,1798,45.9,PA,16878,14.7,7.3,42.9,2.3,97.5,0.8,0.6,0.2,0.9,7.8,88.4,2022,West Decatur,Clearfield
47841,408,51.3,PA,16879,21.3,8.2,0.0,0.0,97.3,0.0,0.0,0.0,2.7,9.3,75.7,2022,Winburne,Clearfield
61429,2439,50.6,PA,16881,13.4,11.6,0.0,1.8,95.7,0.0,0.0,0.0,4.3,5.6,89.5,2022,Woodland,Clearfield
40990,2405,52.2,PA,17764,20.1,5.9,14.3,13.4,91.6,0.7,2.7,0.2,4.8,10.9,68.6,2022,Renovo,Cameron
76875,130,31.7,PA,17778,3.8,2.6,0.0,6.7,100.0,0.0,0.0,0.0,0.0,0.0,84.4,2022,Westport,Clearfield
44375,357,36.9,PA,15711,19.9,12.0,23.3,6.7,100.0,0.0,0.0,0.0,0.0,5.3,79.9,2023,Anita,Jefferson
54722,498,45.4,PA,15715,20.8,6.3,13.5,2.2,97.8,0.0,0.8,0.0,1.4,2.7,67.0,2023,Big Run,Jefferson
43750,167,50.0,PA,15721,36.5,0.0,91.7,30.1,99.4,0.0,0.0,0.0,0.6,30.0,83.6,2023,Burnside,Clearfield
65625,2069,53.1,PA,15724,9.6,4.3,4.4,5.7,98.0,0.0,0.7,0.0,1.3,4.0,86.1,2023,Cherry Tree,Clearfield
63482,140,49.1,PA,15730,4.3,14.4,0.0,0.0,100.0,0.0,0.0,0.0,0.0,0.0,84.5,2023,Coolspring,Jefferson
,71,57.5,PA,15733,12.7,0.0,,45.9,100.0,0.0,0.0,0.0,0.0,0.0,100.0,2023,De Lancey,Jefferson
51635,1007,39.5,PA,15742,8.7,9.8,0.0,8.0,97.9,0.0,0.3,0.1,1.7,3.5,84.4,2023,Glen Campbell,Clearfield
109688,46,33.8,PA,15744,0.0,29.7,,0.0,100.0,0.0,0.0,0.0,0.0,0.0,100.0,2023,Hamilton,Jefferson
53625,425,52.9,PA,15753,15.7,6.5,13.3,3.4,98.4,0.0,0.0,0.0,1.6,2.8,82.9,2023,La Jose,Clearfield
51328,1200,55.9,PA,15757,13.7,6.6,5.6,1.2,98.1,0.0,0.6,0.2,1.1,1.4,84.2,2023,Mahaffey,Clearfield
,22,70.3,PA,15763,0.0,13.6,0.0,0.0,100.0,0.0,0.0,0.0,0.0,0.0,56.2,2023,Northpoint,Jefferson
58750,154,47.2,PA,15764,3.9,7.9,0.0,0.0,92.9,0.0,0.0,0.0,7.1,0.0,91.9,2023,Oliveburg,Jefferson
49907,14136,43.0,PA,15767,19.1,12.8,25.3,11.3,97.2,0.2,0.4,0.0,2.2,4.4,70.4,2023,Punxsutawney,Clearfield
44688,192,49.3,PA,15770,17.7,5.4,12.5,1.2,94.8,0.0,5.2,0.0,0.0,0.0,90.4,2023,Ringgold,Jefferson
54500,1544,43.5,PA,15772,13.2,7.0,9.5,10.8,97.7,0.8,0.0,0.0,1.5,5.3,74.9,2023,Rossiter,Jefferson
26250,29,36.7,PA,15776,10.3,16.7,100.0,0.0,100.0,0.0,0.0,0.0,0.0,0.0,85.0,2023,Sprankle Mills,Jefferson
85417,364,43.7,PA,15778,8.2,4.9,0.0,7.7,90.1,0.0,8.2,0.0,1.7,1.7,98.5,2023,Timblin,Jefferson
77500,65,43.1,PA,15780,0.0,6.4,0.0,0.0,100.0,0.0,0.0,0.0,0.0,0.0,90.0,2023,Valier,Jefferson
43750,76,62.0,PA,15781,0.0,8.5,0.0,0.0,100.0,0.0,0.0,0.0,0.0,0.0,94.3,2023,Walston,Jefferson
58125,49,63.2,PA,15784,2.0,6.1,33.3,0.0,93.9,0.0,6.1,0.0,-0.0,0.0,89.3,2023,Worthville,Jefferson
66380,20251,44.8,PA,15801,9.9,20.8,23.0,8.4,95.5,0.3,3.1,0.7,0.4,4.1,73.8,2023,Du Bois,Clearfield
48750,64,58.1,PA,15821,0.0,10.9,0.0,0.0,96.9,0.0,0.0,0.0,3.1,14.7,84.1,2023,Benezett,Elk
62695,1289,52.4,PA,15823,10.6,10.8,20.2,4.9,98.2,0.1,0.0,0.5,1.2,4.0,84.9,2023,Brockport,Clearfield
62500,4954,42.3,PA,15824,10.7,10.1,5.3,5.4,97.3,0.5,0.5,0.0,1.7,5.3,79.1,2023,Brockway,Clearfield
61522,9407,44.2,PA,15825,12.7,12.1,19.3,7.2,94.0,0.5,2.1,0.9,2.5,4.9,71.3,2023,Brookville,Jefferson
72000,345,49.0,PA,15827,1.7,14.8,,0.0,98.8,0.0,0.0,0.0,1.2,8.5,100.0,2023,Byrnedale,Elk
35938,287,62.0,PA,15828,12.2,8.5,0.0,15.3,95.5,0.0,2.1,0.0,2.4,1.0,79.3,2023,Clarington,Jefferson
66719,1313,44.6,PA,15829,10.5,15.7,19.2,3.8,95.6,0.3,0.2,0.0,3.9,3.5,81.2,2023,Corsica,Jefferson
,56,50.7,PA,15831,0.0,0.0,0.0,0.0,91.1,0.0,0.0,0.0,8.9,0.0,25.0,2023,Dagus Mines,Elk
40139,282,63.1,PA,15832,8.9,5.9,0.0,2.0,92.9,0.0,1.1,1.4,4.6,11.5,75.2,2023,Driftwood,Clearfield
47880,4086,51.0,PA,15834,16.5,8.5,25.1,13.6,92.8,0.0,2.0,0.5,4.7,9.6,67.7,2023,Emporium,Elk
55125,1807,45.2,PA,15840,13.3,15.0,15.2,1.8,94.2,1.8,0.0,0.5,3.5,4.4,76.2,2023,Falls Creek,Clearfield
27386,188,55.6,PA,15841,1.6,0.0,0.0,20.9,97.9,0.0,2.1,0.0,-0.0,0.0,83.5,2023,Force,Elk
65000,3109,46.3,PA,15845,9.4,11.7,7.2,5.5,93.8,0.0,1.4,0.0,4.8,7.8,78.1,2023,Johnsonburg,Elk
77917,3361,47.1,PA,15846,6.2,11.7,0.0,1.7,97.1,0.7,0.0,1.2,1.0,2.8,81.7,2023,Kersey,Clearfield
84583,80,22.9,PA,15847,0.0,0.0,40.0,0.0,100.0,0.0,0.0,0.0,0.0,0.0,76.2,2023,Knox Dale,Jefferson
62917,1081,40.5,PA,15848,4.6,9.7,5.2,16.3,98.3,0.0,0.0,1.4,0.3,4.5,85.6,2023,Luthersburg,Clearfield
59412,1285,49.6,PA,15849,14.6,6.0,25.0,4.9,95.3,0.1,0.0,1.2,3.4,3.2,78.9,2023,Penfield,Clearfield
60842,7227,40.5,PA,15851,17.9,9.6,18.0,9.4,96.3,0.2,0.7,0.2,2.6,5.3,77.4,2023,Reynoldsville,Clearfield
60380,6330,45.5,PA,15853,11.7,16.1,29.6,7.6,95.0,0.2,0.7,0.5,3.6,4.5,76.7,2023,Ridgway,Jefferson
61667,883,51.0,PA,15856,8.7,16.3,10.5,4.0,96.4,0.0,1.7,0.2,1.7,1.2,90.5,2023,Rockton,Clearfield
64894,12825,49.8,PA,15857,8.3,13.9,13.3,9.1,93.2,1.7,1.6,0.3,3.2,8.4,76.0,2023,Saint Marys,Elk
67000,1193,50.8,PA,15860,11.8,11.4,0.0,7.3,97.7,0.0,0.3,0.2,1.8,6.4,83.3,2023,Sigel,Jefferson
76563,107,66.1,PA,15861,8.4,14.3,0.0,9.1,96.3,0.0,0.0,0.0,3.7,0.0,94.5,2023,Sinnamahoning,Clearfield
65417,135,43.3,PA,15863,18.9,4.0,,5.1,89.6,0.0,3.7,0.0,6.7,6.7,100.0,2023,Stump Creek,Jefferson
61417,1852,45.1,PA,15864,14.7,13.2,5.1,3.5,96.9,0.0,2.3,0.0,0.8,4.0,77.9,2023,Summerville,Jefferson
37885,1023,51.1,PA,15865,17.7,14.6,11.1,12.5,96.1,3.3,0.6,0.0,0.0,5.0,64.9,2023,Sykesville,Clearfield
78750,160,33.3,PA,15866,4.4,9.9,0.0,13.8,88.1,0.0,0.0,0.0,11.9,0.0,91.4,2023,Troutville,Clearfield
61042,1596,46.0,PA,15868,11.0,14.3,8.9,1.8,97.7,0.0,0.0,0.0,2.3,4.6,88.3,2023,Weedville,Clearfield
58750,1239,50.4,PA,15870,12.6,10.5,0.0,5.6,97.7,0.0,0.3,0.2,1.8,3.4,92.7,2023,Wilcox,Elk
85625,1179,43.8,PA,16020,6.0,10.3,13.8,3.0,98.0,0.0,0.5,0.2,1.3,5.8,93.3,2023,Boyers,Venango
61250,2053,43.5,PA,16028,8.9,14.0,15.9,5.3,91.5,0.3,0.7,0.6,6.9,2.7,71.4,2023,East Brady,Clarion
59911,297,43.8,PA,16036,4.4,24.5,2.5,1.6,98.0,0.0,0.0,0.0,2.0,11.7,67.5,2023,Foxburg,Clarion
74868,3213,47.5,PA,16038,6.8,11.0,8.2,5.2,96.7,0.2,0.4,0.2,2.5,5.0,77.9,2023,Harrisville,Venango
68750,1865,47.5,PA,16041,10.3,11.4,28.4,2.3,96.7,0.1,0.0,0.0,3.2,2.4,86.2,2023,Karns City,Clarion
63295,2897,47.6,PA,16049,14.3,6.8,11.6,4.6,96.3,0.8,0.4,0.0,2.5,6.6,81.8,2023,Parker,Clarion
70250,358,53.6,PA,16054,5.9,8.5,0.0,0.7,96.9,0.0,0.6,0.0,2.5,9.7,87.6,2023,Saint Petersburg,Clarion
82938,380,45.4,PA,16110,3.4,8.5,0.0,14.5,100.0,0.0,0.0,0.0,0.0,0.0,91.0,2023,Adamsville,Crawford
55833,1168,34.3,PA,16111,16.9,4.0,0.0,30.1,95.6,0.9,0.0,0.3,3.2,2.9,85.1,2023,Atlantic,Crawford
56851,17088,47.9,PA,16125,11.2,14.3,15.9,8.8,94.0,0.6,0.8,0.7,3.9,6.4,71.5,2023,Greenville,Crawford
69842,15295,36.9,PA,16127,9.3,21.6,17.2,6.3,92.0,1.5,1.4,1.2,3.9,3.4,74.3,2023,Grove City,Venango
57171,1876,49.0,PA,16130,13.7,12.5,5.4,4.1,97.3,0.0,0.5,0.0,2.2,2.7,83.3,2023,Hadley,Crawford
62989,784,48.4,PA,16131,15.3,11.1,33.9,5.8,94.9,0.0,3.8,0.0,1.3,6.3,84.7,2023,Hartstown,Crawford
57798,4080,49.4,PA,16134,13.1,8.2,10.9,6.5,97.4,0.1,0.7,0.2,1.6,4.9,84.3,2023,Jamestown,Crawford
64500,2674,44.9,PA,16145,9.1,19.5,6.0,1.8,92.8,0.3,1.3,0.0,5.6,5.4,81.6,2023,Sandy Lake,Venango
64625,2303,40.3,PA,16153,12.2,17.7,15.8,5.5,95.0,0.3,1.7,0.3,2.7,1.2,77.7,2023,Stoneboro,Venango
65000,119,43.9,PA,16213,1.7,11.7,0.0,7.1,99.2,0.0,0.0,0.0,0.8,0.0,73.2,2023,Callensburg,Clarion
53430,8655,28.8,PA,16214,24.3,23.1,36.9,5.2,88.8,6.1,3.3,0.8,1.0,8.9,48.3,2023,Clarion,Clarion
54219,87,65.1,PA,16217,4.6,4.6,0.0,0.0,100.0,0.0,0.0,0.0,0.0,0.0,94.9,2023,Cooksburg,Jefferson
72232,1138,42.5,PA,16218,12.1,19.3,20.8,3.6,91.8,4.0,1.3,0.0,2.9,6.9,87.2,2023,Cowansville,Clarion
,72,50.0,PA,16220,0.0,0.0,,0.0,100.0,0.0,0.0,0.0,0.0,0.0,100.0,2023,Crown,Clarion
61313,3139,34.0,PA,16222,11.5,10.5,15.0,13.1,98.8,0.0,0.5,0.0,0.7,8.9,89.8,2023,Dayton,Jefferson
77853,827,50.6,PA,16224,9.2,10.9,9.8,6.9,98.3,0.0,0.2,0.0,1.5,2.9,83.2,2023,Fairmount City,Clarion
46696,485,40.8,PA,16230,7.8,12.5,30.2,6.2,99.0,0.6,0.2,0.0,0.2,9.0,77.9,2023,Hawthorn,Clarion
58583,4091,43.3,PA,16232,11.6,14.6,7.1,8.0,96.6,0.0,0.1,0.5,2.8,4.8,76.8,2023,Knox,Clarion
89787,1148,49.3,PA,16233,1.9,12.9,12.1,2.1,98.9,0.0,0.6,0.0,0.5,0.7,93.1,2023,Leeper,Jefferson
80972,1407,43.1,PA,16235,4.3,21.9,3.6,1.6,89.8,0.0,1.1,0.0,9.1,1.5,90.8,2023,Lucinda,Clarion
50218,3988,40.9,PA,16239,11.2,8.8,4.4,4.5,65.8,22.8,7.5,0.7,3.2,2.1,63.6,2023,Marienville,Elk
59722,1436,45.3,PA,16240,12.0,7.6,18.9,3.4,99.3,0.1,0.0,0.2,0.4,0.9,81.8,2023,Mayport,Jefferson
54727,4328,44.0,PA,16242,16.9,11.4,13.7,7.0,97.9,0.3,0.4,0.3,1.1,2.7,72.6,2023,New Bethlehem,Clarion
48750,262,53.5,PA,16245,7.3,9.6,29.4,11.3,95.8,0.0,0.0,3.4,0.8,10.4,86.3,2023,Oak Ridge,Clarion
62425,3177,48.3,PA,16248,13.6,9.7,17.1,6.0,94.6,0.9,0.8,1.4,2.3,4.1,72.8,2023,Rimersburg,Clarion
57250,3468,44.5,PA,16254,8.6,14.2,6.4,4.8,95.8,1.2,0.4,0.3,2.3,6.5,81.2,2023,Shippenville,Clarion
65357,1956,42.8,PA,16255,13.5,9.3,27.2,12.7,94.6,0.0,0.9,0.0,4.5,4.7,74.9,2023,Sligo,Clarion
57847,1925,19.5,PA,16256,20.1,9.8,0.0,47.0,98.7,0.0,0.8,0.1,0.4,4.7,90.5,2023,Smicksburg,Jefferson
51125,1870,41.6,PA,16258,10.5,8.5,13.3,13.3,95.4,0.1,0.2,0.0,4.3,1.4,69.4,2023,Strattanville,Jefferson
60326,2111,46.3,PA,16259,9.7,4.9,8.8,4.4,96.8,0.0,2.0,0.0,1.2,5.0,82.6,2023,Templeton,Clarion
50104,284,55.3,PA,16260,3.5,20.7,0.0,3.8,100.0,0.0,0.0,0.0,0.0,3.1,97.7,2023,Vowinckel,Clarion
57368,15067,44.9,PA,16301,16.4,11.6,22.3,11.2,92.9,0.9,1.5,0.6,4.1,6.3,70.6,2023,Oil City,Venango
73750,397,53.8,PA,16311,6.0,6.5,0.0,6.8,97.0,0.0,2.0,0.0,1.0,0.0,92.7,2023,Carlton,Venango
,0,,PA,16312,,,,,,,,,,,,2023,Chandlers Valley,Warren
54052,1705,53.5,PA,16313,17.1,7.2,3.7,2.9,93.8,0.4,3.9,0.3,1.6,4.2,82.1,2023,Clarendon,McKean
70021,5439,46.4,PA,16314,8.1,12.6,6.3,3.9,94.5,0.1,0.6,0.3,4.5,5.4,87.1,2023,Cochranton,Venango
64906,4688,50.2,PA,16316,10.0,13.9,10.0,4.6,95.3,0.0,2.5,0.0,2.2,5.3,78.2,2023,Conneaut Lake,Crawford
55956,1335,49.6,PA,16317,10.6,9.4,43.0,6.2,97.3,0.0,0.7,0.0,2.0,15.8,78.4,2023,Cooperstown,Venango
62679,1050,62.3,PA,16319,5.5,10.0,0.0,1.9,94.4,0.8,4.8,0.0,-0.0,0.0,95.6,2023,Cranberry,Clarion
,10,62.3,PA,16321,0.0,0.0,0.0,0.0,100.0,0.0,0.0,0.0,0.0,0.0,88.9,2023,East Hickory,Forest
23500,117,50.7,PA,16322,43.6,0.0,0.0,6.0,97.4,0.0,0.0,0.0,2.6,6.0,92.0,2023,Endeavor,Forest
62233,14694,47.1,PA,16323,11.0,13.9,13.8,7.1,92.2,2.4,0.8,0.2,4.4,6.9,71.1,2023,Franklin,Venango
83365,316,54.0,PA,16326,5.4,19.0,0.0,2.2,100.0,0.0,0.0,0.0,0.0,0.0,77.4,2023,Fryburg,Clarion
70893,2544,40.5,PA,16327,9.1,15.2,8.9,4.5,94.1,1.1,1.3,0.0,3.5,1.4,87.5,2023,Guys Mills,Venango
45208,233,46.8,PA,16328,9.3,4.0,0.0,23.1,98.3,0.0,0.0,0.0,1.7,21.3,82.4,2023,Hydetown,Crawford
68333,456,45.2,PA,16329,1.1,6.2,0.0,10.2,97.8,0.0,0.0,0.0,2.2,6.2,80.1,2023,Irvine,Warren
,147,57.2,PA,16331,10.9,26.2,0.0,5.4,100.0,0.0,0.0,0.0,0.0,0.0,75.0,2023,Kossuth,Clarion
40375,88,34.0,PA,16332,4.5,3.2,28.6,10.8,100.0,0.0,0.0,0.0,0.0,0.0,62.2,2023,Lickingville,Clarion
44500,191,56.8,PA,16333,4.2,4.4,0.0,0.0,98.4,0.0,0.0,0.0,1.6,8.2,97.9,2023,Ludlow,McKean
71364,448,48.7,PA,16334,12.3,12.9,5.9,5.7,100.0,0.0,0.0,0.0,0.0,2.0,75.7,2023,Marble,Clarion
58531,27112,43.5,PA,16335,11.8,15.9,18.4,10.2,91.4,3.1,1.2,1.0,3.3,3.8,60.2,2023,Meadville,Crawford
57813,1849,45.7,PA,16340,12.8,13.8,0.0,4.0,94.0,0.0,2.2,0.5,3.3,5.7,89.6,2023,Pittsfield,Warren
60260,1790,52.1,PA,16341,11.8,14.5,18.8,2.1,95.3,0.0,2.2,0.6,1.9,6.0,91.9,2023,Pleasantville,Venango
62227,2185,54.8,PA,16342,16.1,14.4,25.5,5.9,94.1,1.0,1.2,0.2,3.5,4.3,89.2,2023,Polk,Venango
85139,616,36.8,PA,16343,20.5,35.7,0.0,0.0,100.0,0.0,0.0,0.0,0.0,14.9,86.8,2023,Reno,Venango
56250,470,29.8,PA,16344,21.5,10.2,14.9,1.2,97.7,0.0,0.0,0.0,2.3,9.3,59.1,2023,Rouseville,Venango
94722,3602,50.1,PA,16345,6.3,17.1,10.8,2.9,95.1,0.2,1.5,2.2,1.0,7.2,92.5,2023,Russell,Warren
68804,3246,48.5,PA,16346,12.1,14.5,14.8,3.5,95.0,0.2,1.1,0.7,3.0,6.9,72.8,2023,Seneca,Venango
51806,1538,42.9,PA,16347,11.6,12.3,3.6,3.9,97.1,0.8,0.0,0.0,2.1,3.0,81.1,2023,Sheffield,Elk
67813,2486,41.0,PA,16350,23.9,8.0,14.3,8.6,96.7,0.0,1.0,0.0,2.3,2.3,86.2,2023,Sugar Grove,Warren
50625,1552,53.2,PA,16351,11.2,6.4,5.3,11.5,92.3,0.3,2.5,0.0,4.9,4.3,75.9,2023,Tidioute,Forest
45417,220,52.0,PA,16352,6.8,6.7,0.0,0.0,98.6,0.0,0.0,0.0,1.4,0.0,71.7,2023,Tiona,Warren
54674,2459,54.4,PA,16353,15.0,9.1,3.6,11.1,98.1,0.0,0.5,0.2,1.2,3.8,84.0,2023,Tionesta,Clarion
45642,10120,46.6,PA,16354,18.0,9.6,18.2,14.1,95.2,0.9,0.8,0.7,2.4,7.1,70.8,2023,Titusville,Venango
70833,1328,41.3,PA,16360,18.4,17.1,14.3,3.3,93.1,3.6,2.3,0.0,1.0,2.6,82.5,2023,Townville,Crawford
88750,38,40.0,PA,16361,0.0,24.0,100.0,0.0,100.0,0.0,0.0,0.0,0.0,0.0,73.7,2023,Tylersburg,Clarion
63750,1018,52.1,PA,16362,11.0,12.6,1.6,5.6,96.9,0.3,1.1,0.0,1.7,4.1,84.9,2023,Utica,Venango
76953,1278,52.7,PA,16364,9.7,9.8,0.0,4.6,98.0,0.0,0.0,0.1,1.9,1.2,87.7,2023,Venus,Clarion
57694,17303,47.0,PA,16365,11.2,15.2,15.1,6.1,95.3,1.4,0.6,0.4,2.3,3.0,70.9,2023,Warren,McKean
35179,327,48.0,PA,16370,22.4,5.1,,7.4,93.9,6.1,0.0,0.0,-0.0,0.0,100.0,2023,West Hickory,Forest
55075,3165,45.6,PA,16371,11.2,11.5,16.2,12.8,91.9,0.3,1.1,0.1,6.6,8.4,72.0,2023,Youngsville,Warren
43750,510,43.6,PA,16372,9.2,5.7,5.3,8.8,94.9,0.0,0.0,0.0,5.1,12.4,60.4,2023,Clintonville,Venango
65529,3217,44.8,PA,16373,14.2,12.5,19.0,9.5,94.2,1.2,2.2,0.5,1.9,2.2,81.1,2023,Emlenton,Clarion
54688,1643,58.2,PA,16374,8.2,12.5,5.1,7.3,98.2,0.0,0.2,0.0,1.6,1.2,85.6,2023,Kennerdell,Venango
67976,3842,48.0,PA,16401,11.9,10.6,21.8,9.4,95.2,0.7,0.9,0.2,3.0,6.8,80.8,2023,Albion,Crawford
54783,570,54.2,PA,16402,6.5,8.9,22.7,8.1,90.5,0.0,4.9,0.0,4.6,7.8,90.6,2023,Bear Lake,Warren
69539,6979,40.6,PA,16403,9.5,14.0,7.6,6.1,92.9,2.2,3.0,0.1,1.8,4.3,83.4,2023,Cambridge Springs,Crawford
62130,3396,41.0,PA,16404,18.9,10.4,19.2,8.5,89.8,0.8,1.9,0.6,6.9,8.2,83.7,2023,Centerville,Crawford
55938,557,49.7,PA,16405,10.2,5.6,0.0,1.7,94.8,0.0,0.0,0.0,5.2,3.0,95.3,2023,Columbus,Warren
65559,3412,43.3,PA,16406,14.0,9.7,28.3,8.4,95.3,0.6,2.2,0.2,1.7,5.4,80.7,2023,Conneautville,Crawford
48962,10555,42.8,PA,16407,21.2,16.9,25.4,10.8,90.8,0.3,3.9,0.3,4.7,9.0,74.9,2023,Corry,Crawford
91250,1987,43.5,PA,16410,8.2,19.9,10.9,0.9,91.9,1.2,2.3,0.3,4.3,2.8,92.0,2023,Cranesville,Erie
67000,1287,43.6,PA,16411,9.2,8.9,0.0,2.0,97.4,0.0,0.4,0.0,2.2,9.3,79.4,2023,East Springfield,Erie
67659,9726,39.1,PA,16412,15.2,31.8,37.6,4.1,94.3,0.7,3.3,0.0,1.7,5.5,66.9,2023,Edinboro,Crawford
105604,10251,43.2,PA,16415,4.6,24.1,28.2,3.2,92.4,0.1,1.4,2.8,3.3,5.1,92.0,2023,Fairview,Erie
72731,142,58.5,PA,16416,19.0,0.0,,0.0,85.2,0.0,0.0,0.0,14.8,0.0,100.0,2023,Garland,Warren
80410,8400,46.9,PA,16417,6.5,23.1,22.6,4.2,96.2,0.0,1.7,0.5,1.6,5.0,76.9,2023,Girard,Erie
47321,434,57.7,PA,16420,4.4,4.3,0.0,2.5,96.3,0.0,0.5,0.0,3.2,0.6,94.4,2023,Grand Valley,Venango
68088,2251,48.8,PA,16421,16.2,16.7,0.0,1.1,95.0,0.0,0.6,0.0,4.4,1.7,59.6,2023,Lake City,Erie
,79,56.7,PA,16422,49.4,32.3,,0.0,62.0,0.0,0.0,20.3,17.7,0.0,100.0,2023,Harmonsburg,Crawford
73523,3880,45.2,PA,16423,9.5,11.2,16.4,6.7,89.5,0.7,4.8,0.4,4.6,3.4,91.4,2023,Lowville/Wattsburg,Erie
56285,4328,52.0,PA,16424,10.2,11.8,21.1,4.7,94.8,0.0,2.0,0.0,3.2,3.9,82.3,2023,Linesville,Crawford
79554,3324,50.2,PA,16426,9.1,16.1,2.5,4.0,97.1,0.2,0.2,0.0,2.5,7.5,85.5,2023,McKean,Erie
58636,228,40.7,PA,16427,10.1,5.0,5.9,2.3,97.4,0.0,0.4,0.0,2.2,4.2,80.7,2023,Mill Village,Erie
77103,12508,42.0,PA,16428,10.8,15.4,9.4,7.6,90.9,0.8,3.5,0.7,4.1,5.0,76.6,2023,North East,Erie
125833,118,58.6,PA,16430,14.4,26.3,0.0,0.0,94.9,0.0,0.0,0.0,5.1,0.0,76.0,2023,Platea,Erie
73289,4935,44.8,PA,16433,8.5,15.3,4.8,7.0,95.3,1.0,1.6,0.6,1.5,2.9,84.5,2023,Saegertown,Crawford
57868,3008,27.9,PA,16434,20.2,6.0,19.4,30.4,97.2,1.1,0.7,0.1,0.9,6.8,85.9,2023,Spartansburg,Crawford
56400,1678,50.0,PA,16435,16.1,9.3,17.1,8.1,94.9,0.2,2.1,0.2,2.6,5.2,75.9,2023,Springboro,Crawford
44205,824,54.5,PA,16436,18.1,12.4,0.0,5.5,96.8,0.2,1.8,0.0,1.2,7.4,79.6,2023,Spring Creek,Warren
60559,7489,47.1,PA,16438,13.7,10.9,12.3,8.1,92.5,0.0,3.7,0.5,3.3,8.8,73.9,2023,Union City,Crawford
71250,741,48.6,PA,16440,8.0,18.9,9.8,2.9,88.4,1.5,0.4,0.0,9.7,6.1,83.7,2023,Venango,Crawford
78367,9485,48.0,PA,16441,7.2,13.8,26.8,2.8,96.0,0.3,2.7,0.1,0.9,5.9,86.2,2023,Waterford,Crawford
69185,3091,39.8,PA,16442,7.9,15.7,14.5,2.1,97.9,0.1,0.2,0.3,1.5,5.1,89.5,2023,Wattsburg,Erie
75806,1170,38.8,PA,16443,25.8,10.1,29.3,4.5,89.9,0.8,3.0,0.0,6.3,1.4,86.9,2023,West Springfield,Erie
,1104,19.8,PA,16444,,0.0,,,81.3,7.8,4.3,6.2,0.4,3.8,,2023,Edinboro,Erie
,2180,41.4,PA,16475,,2.8,,,51.7,43.7,4.4,0.0,0.2,,,2023,Albion,Erie
14579,1919,55.4,PA,16501,61.0,18.0,19.5,66.4,75.3,13.9,4.4,4.7,1.7,15.6,3.2,2023,Erie Downtown,Erie
34649,15815,32.7,PA,16502,33.0,12.5,25.4,26.1,65.6,10.7,13.3,1.9,8.5,8.3,34.1,2023,Erie West,Erie
29108,15204,32.2,PA,16503,39.7,8.8,35.0,30.0,44.8,37.5,9.9,1.8,6.0,12.4,37.4,2023,Erie East,Erie
51988,15632,37.3,PA,16504,14.8,16.9,25.4,7.9,72.6,9.8,6.4,2.6,8.6,7.8,71.0,2023,Erie South East,Erie
71370,15631,49.0,PA,16505,9.2,26.1,34.7,6.0,92.5,1.0,3.0,1.5,2.0,5.5,75.0,2023,Erie Frontier/West,Erie
84021,24190,44.0,PA,16506,7.8,22.2,27.7,6.6,88.1,2.0,1.8,4.5,3.6,2.6,69.7,2023,Erie Millcreek/West,Erie
34474,8653,29.4,PA,16507,27.0,13.5,32.4,21.3,58.2,23.5,7.8,3.3,7.2,4.8,33.1,2023,Erie Downtown,Erie
52361,15156,37.6,PA,16508,14.3,17.9,26.8,8.1,80.1,5.2,4.1,1.0,9.6,5.8,65.7,2023,Erie South Central,Erie
68880,28133,42.7,PA,16509,11.4,22.7,18.5,7.6,87.3,3.8,3.5,1.4,4.0,2.7,71.1,2023,Erie Millcreek/South,Erie
64938,25152,40.8,PA,16510,16.0,17.1,12.6,6.6,80.2,5.6,6.0,4.4,3.8,5.3,79.4,2023,Erie Harborcreek,Erie
71644,11709,38.0,PA,16511,12.8,21.3,25.1,8.8,80.0,10.1,5.8,1.3,2.8,2.2,73.7,2023,Erie Lawrence Park,Erie
,1138,19.7,PA,16546,,,,,85.9,5.2,2.6,5.7,0.6,6.1,,2023,Erie,Erie
,0,,PA,16550,,,,,,,,,,,,2023,Erie,Erie
,1561,19.9,PA,16563,,0.0,,,78.5,6.7,3.7,9.0,2.1,7.6,,2023,Erie Penn State Behrend,Erie
,90,53.5,PA,16616,41.1,0.0,100.0,13.5,100.0,0.0,0.0,0.0,0.0,19.2,75.7,2023,Beccaria,Clearfield
57083,350,52.4,PA,16620,21.1,17.5,12.0,2.0,93.7,2.3,0.0,0.0,4.0,13.3,83.0,2023,Brisbin,Clearfield
51047,2026,47.0,PA,16627,14.5,8.2,20.2,5.8,92.8,1.0,0.5,0.0,5.7,8.6,85.4,2023,Coalport,Clearfield
72911,1391,48.2,PA,16639,11.0,11.7,11.1,1.7,96.9,0.0,0.9,0.0,2.2,3.5,93.8,2023,Fallentimber,Clearfield
52500,942,51.2,PA,16640,22.0,12.3,15.0,0.0,96.2,0.2,0.0,0.3,3.3,7.4,94.7,2023,Flinton,Clearfield
67813,212,51.5,PA,16645,6.6,7.8,0.0,2.2,98.6,0.0,1.4,0.0,0.0,0.0,96.8,2023,Glen Hope,Clearfield
61929,2124,50.1,PA,16646,5.9,7.8,22.1,6.0,97.5,0.0,0.1,0.0,2.4,3.6,89.0,2023,Hastings,Clearfield
64965,5777,42.6,PA,16651,12.4,6.0,5.8,8.0,72.0,16.0,7.3,0.5,4.2,5.2,80.4,2023,Houtzdale,Clearfield
46081,1206,46.0,PA,16656,23.3,11.6,28.3,10.9,90.0,0.0,2.4,0.2,7.4,4.4,88.1,2023,Irvona,Clearfield
57059,922,49.5,PA,16661,11.5,8.8,11.5,5.3,92.5,0.5,0.0,3.1,3.9,10.9,93.0,2023,Madera,Clearfield
55938,2774,50.0,PA,16666,20.2,11.6,22.4,2.4,96.8,0.4,1.5,0.0,1.3,8.7,93.4,2023,Osceola Mills,Clearfield
60947,3620,45.1,PA,16668,11.7,13.1,8.8,7.5,95.7,0.1,1.5,0.0,2.7,4.1,78.4,2023,Patton,Clearfield
58750,417,48.5,PA,16671,6.8,15.2,25.0,4.8,98.3,0.0,0.0,0.0,1.7,2.9,85.2,2023,Ramey,Clearfield
78295,348,46.5,PA,16680,14.1,15.3,0.0,2.6,100.0,0.0,0.0,0.0,0.0,2.0,90.3,2023,Smithmill,Clearfield
65641,13000,41.5,PA,16686,10.7,14.1,12.6,7.9,96.0,0.4,1.8,0.1,1.7,4.9,73.0,2023,Tyrone,Clearfield
70893,912,30.1,PA,16692,13.2,14.4,10.9,10.8,92.3,0.2,6.6,0.1,0.8,10.9,83.0,2023,Westover,Clearfield
61996,16584,42.3,PA,16701,16.4,15.0,21.8,10.1,93.5,1.1,1.6,0.7,3.1,4.0,77.2,2023,Bradford,McKean
50938,1196,50.3,PA,16720,10.3,6.3,13.4,9.7,96.7,0.0,0.8,0.0,2.5,8.4,84.0,2023,Austin,Cameron
,73,26.9,PA,16724,26.0,12.5,0.0,0.0,95.9,0.0,0.0,0.0,4.1,13.5,88.5,2023,Crosby,McKean
88393,140,34.7,PA,16725,0.0,0.0,0.0,0.0,100.0,0.0,0.0,0.0,0.0,0.0,75.5,2023,Custer City,McKean
73382,697,44.4,PA,16726,20.5,5.6,0.0,0.0,98.6,0.0,0.0,0.0,1.4,3.1,92.6,2023,Cyclone,McKean
89243,227,8.0,PA,16727,0.0,31.9,0.0,5.1,100.0,0.0,0.0,0.0,0.0,0.0,35.6,2023,Derrick City,McKean
67941,708,46.5,PA,16729,22.5,14.6,8.0,1.4,99.7,0.0,0.3,0.0,-0.0,7.9,83.0,2023,Duke Center,McKean
,38,62.5,PA,16730,0.0,0.0,,0.0,100.0,0.0,0.0,0.0,0.0,0.0,100.0,2023,East Smethport,McKean
59986,2397,51.1,PA,16731,10.1,10.1,6.9,3.1,97.5,0.0,0.4,0.3,1.8,9.9,80.9,2023,Eldred,McKean
67461,253,58.8,PA,16732,2.4,7.3,30.0,0.0,100.0,0.0,0.0,0.0,0.0,0.0,92.5,2023,Gifford,McKean
43438,204,65.4,PA,16733,8.8,10.1,53.3,11.6,53.4,0.0,0.0,0.0,46.6,0.0,78.3,2023,Hazel Hurst,McKean
64028,176,47.9,PA,16734,2.8,0.0,5.6,1.4,97.2,0.0,0.0,0.0,2.8,6.8,75.7,2023,James City,Elk
58496,6465,44.2,PA,16735,7.1,13.5,11.6,7.7,94.0,0.2,1.4,0.8,3.6,3.1,73.7,2023,Kane,Elk
64450,2018,39.2,PA,16738,9.1,5.8,14.5,2.2,54.9,30.3,12.4,0.2,2.2,2.4,86.4,2023,Lewis Run,McKean
47222,823,43.9,PA,16740,11.4,9.5,2.7,6.0,94.4,0.0,0.0,0.0,5.6,3.8,89.4,2023,Mount Jewett,Elk
53846,3960,38.7,PA,16743,21.5,13.9,22.4,5.0,95.1,0.1,1.5,0.4,2.9,8.3,74.1,2023,Port Allegany,McKean
89500,183,44.3,PA,16744,20.2,8.3,0.0,15.9,95.1,0.0,0.0,0.0,4.9,13.5,74.4,2023,Rew,McKean
60313,685,53.7,PA,16745,3.2,11.4,0.0,4.7,98.8,0.0,0.3,0.9,0.0,3.3,99.0,2023,Rixford,McKean
60606,1018,51.3,PA,16746,14.4,7.8,11.3,3.2,96.0,0.5,0.0,0.0,3.5,8.4,86.8,2023,Roulette,McKean
56838,2687,46.3,PA,16748,11.8,8.5,6.8,6.5,97.8,0.0,0.3,0.0,1.9,6.3,75.6,2023,Shinglehouse,McKean
70114,3691,50.7,PA,16749,12.1,11.3,4.6,6.8,95.8,0.7,1.8,0.1,1.6,5.0,82.9,2023,Smethport,Cameron
103906,463,52.3,PA,16750,4.5,12.0,0.0,7.2,76.9,6.9,0.0,0.0,16.2,1.4,95.5,2023,Turtlepoint,McKean
101700,187,39.0,PA,16821,0.0,28.1,,0.0,100.0,0.0,0.0,0.0,0.0,0.0,100.0,2023,Allport,Clearfield
59669,265,27.4,PA,16825,0.0,41.1,0.0,0.0,76.6,0.0,20.0,0.0,3.4,3.4,75.2,2023,Bigler,Clearfield
56822,13698,43.1,PA,16830,16.6,14.1,18.5,10.2,95.4,0.6,1.1,1.0,1.9,8.6,64.4,2023,Clearfield,Clearfield
57264,5280,44.0,PA,16833,12.7,17.4,16.8,4.8,94.3,0.5,1.4,0.2,3.6,6.8,82.7,2023,Curwensville,Clearfield
115241,711,37.7,PA,16834,1.8,33.8,81.2,6.6,100.0,0.0,0.0,0.0,0.0,0.0,93.8,2023,Drifting,Clearfield
59205,1106,54.8,PA,16836,13.1,8.7,20.8,1.2,98.0,0.0,0.0,1.5,0.5,4.5,90.5,2023,Frenchville,Clearfield
,104,68.7,PA,16837,34.6,0.0,,0.0,100.0,0.0,0.0,0.0,0.0,0.0,100.0,2023,Glen Richey,Clearfield
57446,1820,47.5,PA,16838,18.6,9.3,39.0,2.6,96.2,0.0,2.1,0.2,1.5,7.2,77.9,2023,Grampian,Clearfield
80069,437,41.1,PA,16839,3.2,21.3,0.0,0.0,100.0,0.0,0.0,0.0,0.0,0.0,96.9,2023,Grassflat,Clearfield
54805,247,55.4,PA,16840,0.0,0.0,0.0,12.2,100.0,0.0,0.0,0.0,0.0,18.1,87.0,2023,Hawk Run,Clearfield
48221,179,56.2,PA,16843,26.2,4.9,0.0,10.1,100.0,0.0,0.0,0.0,0.0,6.4,70.8,2023,Hyde,Clearfield
66875,955,42.0,PA,16845,9.4,3.7,15.8,1.8,84.6,6.3,6.0,0.0,3.1,6.6,93.3,2023,Karthaus,Clearfield
,316,38.9,PA,16847,14.2,7.1,0.0,0.0,53.5,0.0,34.8,0.0,11.7,9.4,58.8,2023,Kylertown,Clearfield
,101,47.6,PA,16849,6.9,0.0,,0.0,100.0,0.0,0.0,0.0,0.0,0.0,100.0,2023,Lanse,Clearfield
,75,61.8,PA,16855,13.3,0.0,0.0,30.8,100.0,0.0,0.0,0.0,0.0,26.7,79.5,2023,Mineral Springs,Clearfield
57292,3953,51.0,PA,16858,10.3,10.4,18.5,4.1,96.0,0.0,1.2,0.0,2.8,4.2,85.7,2023,Morrisdale,Clearfield
56667,498,47.6,PA,16859,11.7,7.9,0.0,10.9,98.4,0.0,0.4,0.4,0.8,5.8,93.6,2023,Moshannon,Clearfield
73225,393,52.8,PA,16860,3.3,0.0,,0.0,87.5,0.0,12.5,0.0,0.0,0.0,100.0,2023,Munson,Clearfield
21985,274,56.3,PA,16861,27.7,2.9,0.0,13.2,97.8,0.0,0.0,2.2,0.0,9.4,96.5,2023,New Millport,Clearfield
65500,566,52.2,PA,16863,12.0,9.0,0.0,4.2,95.8,0.0,0.0,0.0,4.2,4.5,79.4,2023,Olanta,Clearfield
48580,8924,45.3,PA,16866,17.0,12.0,23.4,13.1,86.2,5.6,5.7,0.6,1.9,4.7,66.5,2023,Philipsburg,Clearfield
55536,23,59.5,PA,16871,0.0,35.0,0.0,0.0,91.3,0.0,8.7,0.0,0.0,0.0,40.0,2023,Pottersdale,Clearfield
68333,235,47.1,PA,16876,14.0,9.0,13.3,11.5,95.3,3.4,0.0,0.0,1.3,8.8,84.4,2023,Wallaceton,Clearfield
65000,1784,45.6,PA,16878,16.4,7.6,46.8,4.2,97.5,0.4,1.0,0.2,0.9,7.0,85.4,2023,West Decatur,Clearfield
78036,300,54.0,PA,16879,3.0,10.6,0.0,0.0,99.0,0.0,0.0,0.0,1.0,2.4,87.5,2023,Winburne,Clearfield
60313,2349,47.0,PA,16881,15.2,8.4,4.2,2.5,93.5,0.5,1.0,0.0,5.0,5.1,92.1,2023,Woodland,Clearfield
40847,2460,52.8,PA,17764,21.7,5.7,18.3,14.4,91.9,0.7,2.1,0.2,5.1,14.8,66.9,2023,Renovo,Cameron
48750,73,54.1,PA,17778,5.5,5.7,0.0,7.9,100.0,0.0,0.0,0.0,0.0,0.0,81.6,2023,Westport,Clearfield
